lines_added,lines_deleted,net_churn,files_changed,commits_between,msg_total_length,has_perf_keyword,has_fix_keyword,has_test_keyword,has_refactor_keyword,has_dependency_keyword,project,language,prev_commit,commit,prev_energy_median,curr_energy_median,pct_change,p_value,cliffs_delta,is_regression_naive,is_regression
6,6,12,6,1,34,0,0,0,0,1,docx4j,java,c296bdc0d7ef8d16700539c3be8675b50dadfc84,28b17252827d4bba9e4e8f4d2d21c6f43f7222a6,127.61,126.17,-0.011284382101716148,0.2901428023540349,0.2311111111111111,0,0
1,1,2,1,1,21,0,0,0,0,1,docx4j,java,28b17252827d4bba9e4e8f4d2d21c6f43f7222a6,33bd349f50f9535e3d63f90c38259115e99082c9,126.17,126.75,0.004596972338907809,1.0,0.0044444444444444444,0,0
3,3,6,3,2,99,0,0,0,0,0,docx4j,java,33bd349f50f9535e3d63f90c38259115e99082c9,271ac0540488d7429c36cec85f34b25210ac63df,126.75,126.27,-0.0037869822485207412,0.7399938739946226,0.07555555555555556,0,0
68,63,131,2,2,51,0,0,0,0,1,docx4j,java,271ac0540488d7429c36cec85f34b25210ac63df,474b8b9f3bf864a31efb0ed7698f0e3309e68264,126.27,126.62,0.002771838124653588,0.08901797772326324,-0.3688888888888889,0,0
2,1,3,1,1,35,0,0,0,0,0,docx4j,java,474b8b9f3bf864a31efb0ed7698f0e3309e68264,7dce19588cc3af8fe03900b1fd66774f8b0b2185,126.62,126.66,0.00031590586005364116,0.29008912999531156,0.2311111111111111,0,0
68,32,100,11,2,311,0,0,1,0,0,docx4j,java,7dce19588cc3af8fe03900b1fd66774f8b0b2185,d4d5950d24941530e1bcb6083c76f93fec96bc1f,126.66,127.4,0.005842412758566312,0.07112203384258857,-0.39111111111111113,0,0
31,13,44,4,1,82,0,0,0,0,0,docx4j,java,d4d5950d24941530e1bcb6083c76f93fec96bc1f,e878c035a9183b0ca13d3d88fc5af36148bd00e8,127.4,90.53,-0.289403453689168,3.3833394126542183e-06,1.0,0,0
11,8,19,3,1,10,0,0,0,0,1,docx4j,java,e878c035a9183b0ca13d3d88fc5af36148bd00e8,e8e54fb15116c80f9c6541504fcf91379e4957c4,90.53,128.4,0.41831437092676466,3.3833394126542183e-06,-1.0,1,1
14,0,14,1,1,38,0,0,0,0,0,docx4j,java,e8e54fb15116c80f9c6541504fcf91379e4957c4,a0181d60d9de82966dadd51183080de5d5e070b1,128.4,127.91,-0.0038161993769471113,0.4185655899250009,0.17777777777777778,0,0
2,0,2,1,1,39,0,0,0,0,0,docx4j,java,a0181d60d9de82966dadd51183080de5d5e070b1,2ce58b1941376f64ca97f5e38fe6878742cfed41,127.91,128.05,0.0010945195840826737,0.9338864180775845,-0.022222222222222223,0,0
1,1,2,1,1,35,0,0,0,0,0,docx4j,java,2ce58b1941376f64ca97f5e38fe6878742cfed41,62f8871c4018430608174aaf0b823850be631367,128.05,127.48,-0.0044513861772745595,0.1985058531538877,0.28,0,0
12,3,15,3,1,72,0,0,0,0,0,docx4j,java,62f8871c4018430608174aaf0b823850be631367,4d43dcd2c2d4b7516d92a4b9db0cff91737315ce,127.48,127.14,-0.0026670850329463714,0.8034411566561627,0.057777777777777775,0,0
10,9,19,1,1,71,0,0,0,0,0,docx4j,java,4d43dcd2c2d4b7516d92a4b9db0cff91737315ce,fcef8cb577c462b307a8d3f612ced9e5a2e37f6d,127.14,128.0,0.0067641969482460235,0.007009883766578612,-0.5822222222222222,0,0
0,2,2,1,1,48,0,0,0,0,0,docx4j,java,fcef8cb577c462b307a8d3f612ced9e5a2e37f6d,d2fcb87c10458372abff14d85c5713ef3f33de16,128.0,127.58,-0.0032812500000000133,0.05909820641903671,0.4088888888888889,0,0
4,2,6,1,1,14,0,0,0,0,0,docx4j,java,d2fcb87c10458372abff14d85c5713ef3f33de16,6c77697346f137c9263d6b49b101cdf3e3862d6d,127.58,128.14,0.004389402727700173,0.5614474146848649,-0.1288888888888889,0,0
5,0,5,1,1,18,0,0,0,0,0,docx4j,java,6c77697346f137c9263d6b49b101cdf3e3862d6d,ba722c2b47c9709a685af8ea634d1b2cd45be6f7,128.14,127.5,-0.004994537224910148,0.5338294217441396,0.13777777777777778,0,0
28,57,85,1,1,26,0,0,0,0,0,docx4j,java,ba722c2b47c9709a685af8ea634d1b2cd45be6f7,2265306009db71f7c293f545ebb8b31aaed91b2a,127.5,127.56,0.0004705882352941355,0.7400217511938185,-0.07555555555555556,0,0
1,1,2,1,1,29,0,0,0,0,1,docx4j,java,2265306009db71f7c293f545ebb8b31aaed91b2a,15e27cd1b3b973bf7b996a2699aac8026df968af,127.56,127.08,-0.0037629350893697397,0.22902896662469463,0.26222222222222225,0,0
32,3,35,2,1,27,0,0,0,0,0,docx4j,java,15e27cd1b3b973bf7b996a2699aac8026df968af,0fd9777ef4373a6b10cdca2f7339f105f74bd098,127.08,261.0,1.0538243626062325,3.3918213908250945e-06,-1.0,1,1
10,10,20,10,1,33,0,0,0,0,0,docx4j,java,0fd9777ef4373a6b10cdca2f7339f105f74bd098,e0897c105f72ac425018461ee9ce42446c917387,261.0,268.27,0.027854406130268128,3.3918213908250945e-06,-1.0,0,0
16,4,20,3,2,41,0,1,0,0,0,docx4j,java,e0897c105f72ac425018461ee9ce42446c917387,c09797573256c0abac8529008df7336125ea5685,268.27,267.21,-0.003951243150557283,0.012821684691391543,0.5377777777777778,0,0
68,19,87,7,2,71,0,0,0,0,0,docx4j,java,c09797573256c0abac8529008df7336125ea5685,6118df9d7c3e67a13775c1384eb7b5f8d9c28f39,267.21,192.53,-0.2794805583623367,3.3918213908250945e-06,1.0,0,0
57,3,60,1,1,66,0,0,0,0,0,docx4j,java,6118df9d7c3e67a13775c1384eb7b5f8d9c28f39,babf369c9d9115873b6b371a0172057eeee796f0,192.53,192.69,0.000831039318547741,0.8845613440989442,0.035555555555555556,0,0
31,22,53,4,2,48,0,1,0,0,0,docx4j,java,babf369c9d9115873b6b371a0172057eeee796f0,7156a314733fbf3204f6ebabe4b57a593b575553,192.69,268.32,0.3924957185115989,3.3833394126542183e-06,-1.0,1,1
153,82,235,4,1,38,0,1,0,0,0,docx4j,java,7156a314733fbf3204f6ebabe4b57a593b575553,21346b16a0fb3a578eb94ea592740f80b2d33d26,268.32,266.49,-0.006820214669051819,0.10566159762924976,0.3511111111111111,0,0
6,24,30,2,1,26,0,0,0,0,0,docx4j,java,21346b16a0fb3a578eb94ea592740f80b2d33d26,72b78f23a96a40a3a3becb2f4260d41af67a7f97,266.49,267.94,0.005441104731884831,0.05121354752110811,-0.4222222222222222,0,0
145,308,453,16,1,9,0,1,0,0,0,docx4j,java,72b78f23a96a40a3a3becb2f4260d41af67a7f97,21b8c1c0720395ec81ca4d43e1a1e5eb0b9ac55f,267.94,267.07,-0.0032469955960289787,0.09709106759647709,0.36,0,0
309,145,454,17,8,348,0,1,0,0,0,docx4j,java,21b8c1c0720395ec81ca4d43e1a1e5eb0b9ac55f,e49d57c5d2126359e5f25e4bd814093c68e0dda5,267.07,267.25,0.0006739806043359675,0.7089232340537643,-0.08444444444444445,0,0
39,1,40,3,1,65,0,0,0,0,0,docx4j,java,e49d57c5d2126359e5f25e4bd814093c68e0dda5,5cba6b64a8e883bd99a549422d86ede00e6a2f62,267.25,267.17,-0.000299345182413411,0.7089232340537643,-0.08444444444444445,0,0
26,5,31,5,1,18,0,0,0,0,0,docx4j,java,5cba6b64a8e883bd99a549422d86ede00e6a2f62,c084b2b2049d2a9bbcd829baa5a7edeae0b08e51,267.17,267.7,0.0019837556611894025,0.9834519906119015,0.008888888888888889,0,0
24,15,39,1,1,57,0,0,0,0,0,docx4j,java,c084b2b2049d2a9bbcd829baa5a7edeae0b08e51,9906105e42435c566d4458ebb576ba1947a69d98,267.7,267.62,-0.0002988419872991561,0.6783024655972324,-0.09333333333333334,0,0
3,3,6,2,1,44,0,0,0,0,1,docx4j,java,9906105e42435c566d4458ebb576ba1947a69d98,99b0f9c34f19d838d3da0ab1d0692ce8e2d7640f,267.62,267.53,-0.0003362977355953659,0.46787129814814044,0.16,0,0
113,6,119,4,1,41,0,0,0,0,0,docx4j,java,99b0f9c34f19d838d3da0ab1d0692ce8e2d7640f,148614e20e0516ecf04085870199bae3484e640b,267.53,267.59,0.0002242739132060041,0.8357050269952793,-0.04888888888888889,0,0
80,13,93,3,1,32,0,0,0,0,0,docx4j,java,148614e20e0516ecf04085870199bae3484e640b,79b20b0c55293c71ba51ed934f3e5397fb28b6f3,267.59,268.05,0.0017190477970030137,0.8034411566561627,-0.057777777777777775,0,0
0,69,69,1,1,46,0,0,0,0,0,docx4j,java,79b20b0c55293c71ba51ed934f3e5397fb28b6f3,cf9671bd69a65f780fc992fa366c4b4406ea694e,268.05,267.33,-0.002686066032456733,0.38367971975215054,0.19111111111111112,0,0
45,0,45,1,1,33,0,0,0,0,0,docx4j,java,cf9671bd69a65f780fc992fa366c4b4406ea694e,97d4aaae056153996d0402cbf3584f8271631ae6,267.33,266.99,-0.0012718363071857817,0.6935179289009736,-0.08888888888888889,0,0
4,4,8,1,1,24,0,0,0,0,0,docx4j,java,97d4aaae056153996d0402cbf3584f8271631ae6,35b79db2cf8776375eef2dd2e07fb8f44d957df7,266.99,266.86,-0.00048690962208320705,0.9174021048159461,-0.02666666666666667,0,0
8,8,16,4,1,50,0,1,0,0,0,docx4j,java,35b79db2cf8776375eef2dd2e07fb8f44d957df7,7a4dbbb6aec73cae664f4f8118e0fe45f0580d26,266.86,268.12,0.0047215768567788014,0.4303914557329047,-0.17333333333333334,0,0
10,1,11,1,1,88,0,0,0,0,0,docx4j,java,7a4dbbb6aec73cae664f4f8118e0fe45f0580d26,d92cabb73712c982d284a9216b9c22a5108e559f,268.12,267.36,-0.0028345516932716352,0.22876992586433764,0.26222222222222225,0,0
9,7,16,1,2,60,0,1,0,0,0,docx4j,java,d92cabb73712c982d284a9216b9c22a5108e559f,f248547894c2b45a596317e93d8173f108ec764a,267.36,267.71,0.001309096349491195,0.4553018964198552,-0.16444444444444445,0,0
128,9,137,6,1,69,0,0,0,0,0,docx4j,java,f248547894c2b45a596317e93d8173f108ec764a,60a7c0cf78e4da4f28347c0269acff596c375335,267.71,266.7,-0.0037727391580441184,0.05123941919274439,0.4222222222222222,0,0
25,11,36,2,2,101,0,1,0,0,0,docx4j,java,60a7c0cf78e4da4f28347c0269acff596c375335,3b5d928b7eff4b68e16e59ff17cec2acfe834655,266.7,267.76,0.003974503187101621,0.19131309171296962,-0.28444444444444444,0,0
28,5,33,2,1,46,0,0,0,0,0,docx4j,java,3b5d928b7eff4b68e16e59ff17cec2acfe834655,e13cc2a7c8412dee03f3960511a7bab1ccfc53ca,267.76,267.09,-0.0025022408126681205,0.6631500726976157,0.09777777777777778,0,0
2,2,4,1,1,13,0,0,0,0,1,docx4j,java,e13cc2a7c8412dee03f3960511a7bab1ccfc53ca,c9751c989443699ba38246b82e32dc81dee91a2e,267.09,267.34,0.0009360140776517279,0.6186305224456992,-0.1111111111111111,0,0
9,7,16,1,3,133,0,1,0,0,0,docx4j,java,c9751c989443699ba38246b82e32dc81dee91a2e,fcc5e67b48556a8421b7e00bbcaeed63b67984dd,267.34,267.3,-0.0001496222039349279,1.0,0.0044444444444444444,0,0
570,11,581,5,1,28,0,0,0,0,0,docx4j,java,fcc5e67b48556a8421b7e00bbcaeed63b67984dd,20fb3d99193c90bebe1253c6fe410caf1bb5dd51,267.3,267.8,0.0018705574261129816,0.9338864180775845,-0.022222222222222223,0,0
41,35,76,2,2,58,0,0,0,0,0,docx4j,java,20fb3d99193c90bebe1253c6fe410caf1bb5dd51,74b5ddc649171d3a99fc0dbc67097b5cb7caa1ea,267.8,133.15,-0.5028005974607916,3.3833394126542183e-06,1.0,0,0
50,24,74,3,1,48,0,1,0,0,0,docx4j,java,74b5ddc649171d3a99fc0dbc67097b5cb7caa1ea,a06871b1972a5ea200272bd983c926e247d1492f,133.15,132.98,-0.0012767555388660601,0.9669110984447616,0.013333333333333334,0,0
10,5,15,4,1,48,0,1,0,0,0,docx4j,java,a06871b1972a5ea200272bd983c926e247d1492f,d462c112962078b5cac062f3b5aef66470e36f0d,132.98,268.3,1.0175966310723419,3.3748749558581833e-06,-1.0,1,1
5,10,15,4,1,18,0,1,0,0,0,docx4j,java,d462c112962078b5cac062f3b5aef66470e36f0d,190f802a92a103b0660121d343d3b128aeed4874,268.3,133.28,-0.5032426388371226,3.3748749558581833e-06,1.0,0,0
50,12,62,2,1,57,0,0,0,0,0,docx4j,java,190f802a92a103b0660121d343d3b128aeed4874,230f34fde826fae4b4efccb6185108437335f373,133.28,132.72,-0.004201680672268925,0.6782348873601296,0.09333333333333334,0,0
25,4,29,4,1,27,0,0,0,0,0,docx4j,java,230f34fde826fae4b4efccb6185108437335f373,0a8104da81348ae872d57e9c206a3729d3728e8d,132.72,268.14,1.0203435804701626,3.3918213908250945e-06,-1.0,1,1
4,1,5,1,1,111,0,0,0,0,0,docx4j,java,0a8104da81348ae872d57e9c206a3729d3728e8d,8a71aca5ecb660cd049b63ec6e29f4318238cb0d,268.14,268.19,0.00018646975460584535,0.7243862381207838,0.08,0,0
23,1,24,3,1,20,0,0,0,0,0,docx4j,java,8a71aca5ecb660cd049b63ec6e29f4318238cb0d,2c56af11ec38b8de76d4438462e69d6e47031406,268.19,267.97,-0.0008203139565232501,0.9669147771731937,0.013333333333333334,0,0
346,143,489,16,1,53,0,0,0,0,0,docx4j,java,2c56af11ec38b8de76d4438462e69d6e47031406,d0f1993ac5812b235b6d582723d9f834362b977f,267.97,132.46,-0.5056909355524872,3.3918213908250945e-06,1.0,0,0
162,373,535,21,1,30,0,0,0,0,0,docx4j,java,d0f1993ac5812b235b6d582723d9f834362b977f,ac6dfd076bea0feac88564bff68164b95619ae66,132.46,266.74,1.0137399969802203,3.3918213908250945e-06,-1.0,1,1
382,167,549,22,4,254,0,0,0,0,0,docx4j,java,ac6dfd076bea0feac88564bff68164b95619ae66,3696b175470064e2cda335f1c53b14c4d46586de,266.74,132.59,-0.5029241958461423,3.3833394126542183e-06,1.0,0,0
1,3,4,1,1,46,0,0,0,0,0,docx4j,java,3696b175470064e2cda335f1c53b14c4d46586de,0da5000255265aa1e0036d0d6fb0129dc759f1f7,132.59,132.52,-0.0005279432838071738,0.7088923275427439,0.08444444444444445,0,0
166,1,167,2,1,75,0,0,0,0,0,docx4j,java,0da5000255265aa1e0036d0d6fb0129dc759f1f7,4e4d47fe0f13d7bb1dd9874cd057456d21123390,132.52,132.19,-0.0024901901599759468,0.5897385933186072,0.12,0,0
2,4,6,1,1,7,0,0,0,0,0,docx4j,java,4e4d47fe0f13d7bb1dd9874cd057456d21123390,f935d545726572c4f72fd8bec3c940feb8f299fd,132.19,132.79,0.004538921249716274,0.24548500120312422,-0.25333333333333335,0,0
1729,1724,3453,2,1,45,0,0,0,0,0,docx4j,java,f935d545726572c4f72fd8bec3c940feb8f299fd,ec5fed5fe4a51a95a51ef4e92b8c82e656e453ad,132.79,132.75,-0.00030122750207087917,0.8034197319952785,0.057777777777777775,0,0
748,161,909,3,1,60,0,0,0,0,0,docx4j,java,ec5fed5fe4a51a95a51ef4e92b8c82e656e453ad,19e43c1d43028c4e91a0acde071721b3814e3f7c,132.75,132.32,-0.0032391713747646463,0.8195259356447925,0.05333333333333334,0,0
33,37,70,1,1,34,0,0,0,0,0,docx4j,java,19e43c1d43028c4e91a0acde071721b3814e3f7c,e9cf62cc41bbfe7b7935524bf7057cb7f152e768,132.32,133.05,0.005516928657799412,0.1985058531538877,-0.28,0,0
217,47,264,4,1,118,0,0,0,0,0,docx4j,java,e9cf62cc41bbfe7b7935524bf7057cb7f152e768,c05120cdf86060de0954be9b91be834a37f4b1a9,133.05,133.33,0.002104472003006397,1.0,0.0,0,0
8,2,10,2,1,75,0,1,0,0,0,docx4j,java,c05120cdf86060de0954be9b91be834a37f4b1a9,01aceb37d67b3a6e542e0b1e56cd7a200000bc10,133.33,132.97,-0.002700067501687644,0.8195259356447925,0.05333333333333334,0,0
283,172,455,3,1,55,0,0,0,0,0,docx4j,java,01aceb37d67b3a6e542e0b1e56cd7a200000bc10,44d65e021a5a5bbf9274e0040687b49c8d53acf2,132.97,132.96,-7.52049334435655e-05,0.5614474146848649,0.1288888888888889,0,0
166,15,181,4,1,36,0,0,0,0,0,docx4j,java,44d65e021a5a5bbf9274e0040687b49c8d53acf2,e8d073377513862d31596e1bdd6a1a0d2a1d11ab,132.96,133.54,0.004362214199759206,0.08149464839345506,-0.37777777777777777,0,0
172,104,276,3,1,48,0,0,0,0,0,docx4j,java,e8d073377513862d31596e1bdd6a1a0d2a1d11ab,fea36b92c4c0c12eeb3124cb3acd115a4ab81c58,133.54,132.93,-0.004567919724427027,0.6186695570822622,0.1111111111111111,0,0
101,40,141,2,1,37,0,0,0,0,0,docx4j,java,fea36b92c4c0c12eeb3124cb3acd115a4ab81c58,216ef63bb01501e28a74d1dd3b55b4c5902edad1,132.93,132.73,-0.001504551267584571,0.17759818795139615,0.29333333333333333,0,0
99,37,136,1,1,50,0,0,0,0,0,docx4j,java,216ef63bb01501e28a74d1dd3b55b4c5902edad1,1eb642e2c7c65713d72fc6ad4383b85873edd3f8,132.73,132.94,0.0015821592706999773,0.5337383907275306,-0.13777777777777778,0,0
109,46,155,4,1,39,0,0,0,0,0,docx4j,java,1eb642e2c7c65713d72fc6ad4383b85873edd3f8,d728f7cd898dc3b73fd9b07411b802a8ca32d891,132.94,132.83,-0.0008274409508047632,0.8034625743147712,0.057777777777777775,0,0
90,50,140,3,1,26,0,0,0,0,0,docx4j,java,d728f7cd898dc3b73fd9b07411b802a8ca32d891,1b1d1f3a4b0493b37ad0f49f533dfc3829f8fe2d,132.83,132.91,0.0006022735827748557,0.9669147771731937,-0.013333333333333334,0,0
4,4,8,3,1,9,0,0,0,0,0,docx4j,java,1b1d1f3a4b0493b37ad0f49f533dfc3829f8fe2d,f4dac4625550959f8c5915a4e26c4118690812df,132.91,133.42,0.0038371830562033775,0.8682259903524354,-0.04,0,0
20,14,34,1,1,46,0,0,0,0,0,docx4j,java,f4dac4625550959f8c5915a4e26c4118690812df,f476a4846b2570fc6c3755116b377aa6c06cdbee,133.42,133.01,-0.0030730025483435516,0.4305454169461189,0.17333333333333334,0,0
14,5,19,2,1,7,0,0,0,0,0,docx4j,java,f476a4846b2570fc6c3755116b377aa6c06cdbee,67b608ef7c758565350c22c55f5614e5017ace6c,133.01,132.49,-0.003909480490188571,0.43049411012891337,0.17333333333333334,0,0
27,6,33,2,2,127,0,0,0,0,0,docx4j,java,67b608ef7c758565350c22c55f5614e5017ace6c,da6c868e73d8d8d71dcfd4b9b40c609400ec53c5,132.49,132.79,0.002264321835610106,0.8195061989586025,-0.05333333333333334,0,0
11,0,11,1,1,19,0,0,0,0,0,docx4j,java,da6c868e73d8d8d71dcfd4b9b40c609400ec53c5,f35faf871852d138d2bcf43dd6f72c43611fae51,132.79,132.67,-0.0009036825062128515,0.7089232340537643,-0.08444444444444445,0,0
65,22,87,1,1,28,0,0,0,0,0,docx4j,java,f35faf871852d138d2bcf43dd6f72c43611fae51,139f8c4fe343fa5d9ef7b7e40b226a3e101efcaf,132.67,133.35,0.005125499359312632,0.7715511878155722,-0.06666666666666667,0,0
4,4,8,1,1,22,0,0,0,0,1,docx4j,java,139f8c4fe343fa5d9ef7b7e40b226a3e101efcaf,fe5b988bc79441e530ece863ea638a25c4e63c86,133.35,133.11,-0.0017997750281213399,0.9338864180775845,0.022222222222222223,0,0
7,12,19,1,1,63,0,0,0,0,0,docx4j,java,fe5b988bc79441e530ece863ea638a25c4e63c86,022853385b01309be10d655f6cf08e1435a70c5d,133.11,133.16,0.00037562917887448683,0.7089232340537643,-0.08444444444444445,0,0
2,0,2,1,1,13,0,0,0,0,0,docx4j,java,022853385b01309be10d655f6cf08e1435a70c5d,f0d81da13da0a46cfbf6ee4e8b7f8ef43a5ef89a,133.16,133.26,0.0007509762691498522,0.5614474146848649,0.1288888888888889,0,0
4,0,4,1,1,13,0,0,0,0,0,docx4j,java,f0d81da13da0a46cfbf6ee4e8b7f8ef43a5ef89a,f4a4880c8ebae74735b375575569f6306b902847,133.26,133.39,0.0009755365450997708,0.43064798984807773,-0.17333333333333334,0,0
32,75,107,3,1,53,0,0,0,0,0,docx4j,java,f4a4880c8ebae74735b375575569f6306b902847,4341eb304464993b2e9a804ede5eb58ca8fd2939,133.39,133.41,0.00014993627708231676,0.6783024655972324,-0.09333333333333334,0,0
120,155,275,12,2,101,0,0,0,0,0,docx4j,java,4341eb304464993b2e9a804ede5eb58ca8fd2939,3c4acb402ec988540e19fd38d449b2eba0aef671,133.41,133.14,-0.0020238362941309516,0.5614038666800154,0.1288888888888889,0,0
17,0,17,1,2,84,0,0,0,0,0,docx4j,java,3c4acb402ec988540e19fd38d449b2eba0aef671,5d4cb8eef50189b39c7f4b6ce4bb7090b16324d6,133.14,132.88,-0.001952831605828383,0.3193982808676096,0.21777777777777776,0,0
152,119,271,11,10,411,0,0,0,0,1,docx4j,java,5d4cb8eef50189b39c7f4b6ce4bb7090b16324d6,43cd8cff288aaabd864ccd5be30748a33d474ced,132.88,133.61,0.005493678506923677,0.2289253771719547,-0.26222222222222225,0,0
46,38,84,4,1,27,0,0,0,0,0,docx4j,java,43cd8cff288aaabd864ccd5be30748a33d474ced,1a685a858c433dc452bcdaec2eca8c6185ecec7c,133.61,267.08,0.9989521742384548,3.3833394126542183e-06,-1.0,1,1
3,3,6,2,1,41,0,0,0,0,0,docx4j,java,1a685a858c433dc452bcdaec2eca8c6185ecec7c,53ecd933d797a11fa5dc751e22a815cb5497fc17,267.08,267.58,0.0018720982477160402,0.2901428023540349,-0.2311111111111111,0,0
23,10,33,1,1,29,0,0,0,0,0,docx4j,java,53ecd933d797a11fa5dc751e22a815cb5497fc17,2bd0e9f4ba77ccc29b7fdd24cf533f897ed63cb9,267.58,267.52,-0.00022423200538157663,0.6783024655972324,0.09333333333333334,0,0
1,1,2,1,1,31,0,0,0,0,0,docx4j,java,2bd0e9f4ba77ccc29b7fdd24cf533f897ed63cb9,bc24ce340c9d978bdd2357036917970b1a1e5f5e,267.52,133.33,-0.5016073564593301,3.3918213908250945e-06,1.0,0,0
18,0,18,1,1,16,0,0,0,0,0,fastexcel,java,c0199fdd858cd3c9f3f06657e0666a29336c81d0,281df5a0594a3420e4ac50e58d1f76318337b0cc,456.0,456.74,0.0016228070175438795,0.8519177555606353,-0.044444444444444446,0,0
93,78,171,1,1,57,0,0,0,0,0,fastexcel,java,281df5a0594a3420e4ac50e58d1f76318337b0cc,e3e2abfbfc83c54aa756db1ebde3945542899482,456.74,457.02,0.0006130402417129498,0.7089232340537643,-0.08444444444444445,0,0
20,0,20,1,1,73,0,0,0,0,0,fastexcel,java,e3e2abfbfc83c54aa756db1ebde3945542899482,9162b922e57aaf9a1667f2cdf0be0553ccecdac8,457.02,456.7,-0.0007001881755721701,0.5338294217441396,-0.13777777777777778,0,0
2,2,4,1,1,44,0,0,0,0,0,fastexcel,java,9162b922e57aaf9a1667f2cdf0be0553ccecdac8,85c120ea90e0c1e0db3e1c9d540a0796961850f0,456.7,457.99,0.0028246113422378378,0.8682259903524354,-0.04,0,0
2,2,4,1,1,62,0,0,0,0,0,fastexcel,java,85c120ea90e0c1e0db3e1c9d540a0796961850f0,a847e1bb8b753eba183fef87aedc977f7e2e8eb8,457.99,456.87,-0.002445468241664675,0.4553018964198552,0.16444444444444445,0,0
2,2,4,1,1,44,0,0,0,0,0,fastexcel,java,a847e1bb8b753eba183fef87aedc977f7e2e8eb8,63f8ebe6c1798f0c4179752f963222440371421b,456.87,456.08,-0.0017291570906385195,0.6631500726976157,-0.09777777777777778,0,0
2,2,4,1,1,62,0,0,0,0,0,fastexcel,java,63f8ebe6c1798f0c4179752f963222440371421b,44d1c1864536bd7c8ccb5569374cf3612d7489ae,456.08,456.41,0.0007235572706543609,0.6481674291919923,-0.10222222222222223,0,0
2,22,24,1,1,56,0,0,0,0,1,fastexcel,java,44d1c1864536bd7c8ccb5569374cf3612d7489ae,1de50c29baf48a2dd20fb9decbc93db58142a9d2,456.41,456.65,0.0005258429920465201,0.8356870092411566,0.04888888888888889,0,0
1,1,2,1,5,273,0,0,0,0,0,fastexcel,java,1de50c29baf48a2dd20fb9decbc93db58142a9d2,11f27daeec3986888efa1a0a56a9fbb9f18e3716,456.65,457.98,0.0029125150552940784,0.3614429517167129,-0.2,0,0
2,2,4,1,1,53,0,0,0,0,0,fastexcel,java,11f27daeec3986888efa1a0a56a9fbb9f18e3716,6643eb38a770a4fd525f6052123c93afcbe41a47,457.98,456.61,-0.002991397004236003,0.023740102783700683,0.4888888888888889,0,0
2,2,4,1,1,62,0,0,0,0,0,fastexcel,java,6643eb38a770a4fd525f6052123c93afcbe41a47,9985b36ced515ceb44057a24fdee248306313539,456.61,456.98,0.0008103195287006516,0.2132718497654562,-0.27111111111111114,0,0
58,2,60,1,1,25,0,0,0,0,0,fastexcel,java,9985b36ced515ceb44057a24fdee248306313539,a73b5b3d40b004660f91ff4153eebe9f5c5a7b3d,456.98,461.1,0.009015711847345627,3.349997534124989e-05,-0.8933333333333333,0,0
1,1,2,1,3,176,0,0,0,0,0,fastexcel,java,a73b5b3d40b004660f91ff4153eebe9f5c5a7b3d,bcf8378a6c7da6beb7e5900029fe94849b0f9782,461.1,460.15,-0.0020602906094123736,0.48073111045562256,0.15555555555555556,0,0
2,2,4,1,1,53,0,0,0,0,0,fastexcel,java,bcf8378a6c7da6beb7e5900029fe94849b0f9782,c9ca52a0bcca6be6fe88cf319ed55fb0f926c9e6,460.15,460.08,-0.00015212430729108592,0.9009714934164412,0.03111111111111111,0,0
2,2,4,1,1,62,0,0,0,0,0,fastexcel,java,c9ca52a0bcca6be6fe88cf319ed55fb0f926c9e6,deaf4e17b02b8fd18d839a72ab9e494f5c494725,460.08,461.13,0.0022822117892540676,0.15846460599820356,-0.30666666666666664,0,0
2,2,4,1,1,53,0,0,0,0,0,fastexcel,java,deaf4e17b02b8fd18d839a72ab9e494f5c494725,f550ba1725664d24423cba6717a2ac3bd08d34fe,461.13,460.68,-0.0009758636393207743,0.26275304114766074,0.24444444444444444,0,0
2,2,4,1,1,62,0,0,0,0,0,fastexcel,java,f550ba1725664d24423cba6717a2ac3bd08d34fe,06c94b1c2e151c79c9e82b9c2905634618e871e7,460.68,460.78,0.0002170704176434095,0.4806822967560067,0.15555555555555556,0,0
2,2,4,1,1,53,0,0,0,0,0,fastexcel,java,06c94b1c2e151c79c9e82b9c2905634618e871e7,499409b0393f89933904e0cdcb1491b60f666d12,460.78,459.43,-0.002929814662094635,0.7874161118682325,-0.06222222222222222,0,0
4,4,8,1,1,13,0,1,0,0,0,fastexcel,java,499409b0393f89933904e0cdcb1491b60f666d12,9d5c5f50efba09df9b41e90f0ece7c5203e0e640,459.43,460.14,0.0015453932046230754,0.39510552151381173,-0.18666666666666668,0,0
2,2,4,1,6,344,0,0,0,0,0,fastexcel,java,9d5c5f50efba09df9b41e90f0ece7c5203e0e640,6ad38b5b6a8f1d15936b6131c8b8cf1af3e6b33a,460.14,459.23,-0.001977658973355866,0.13538211004560674,0.3244444444444444,0,0
1,2,3,1,1,13,0,1,0,0,0,fastexcel,java,6ad38b5b6a8f1d15936b6131c8b8cf1af3e6b33a,d3bc6c279cfed529bf2c59697901525f1502d22b,459.23,459.3,0.0001524290660453219,0.4553018964198552,-0.16444444444444445,0,0
2,2,4,1,1,53,0,0,0,0,0,fastexcel,java,d3bc6c279cfed529bf2c59697901525f1502d22b,e943dd385d08e0f76b3002a47969001e3dcb6190,459.3,460.12,0.0017853254953189488,0.9503789175380895,0.017777777777777778,0,0
2,2,4,1,1,62,0,0,0,0,0,fastexcel,java,e943dd385d08e0f76b3002a47969001e3dcb6190,c4ecf245b277c91af4840e506fed7fc2dc3c775a,460.12,461.3,0.0025645483786838363,0.24543248360349268,-0.25333333333333335,0,0
4,3,7,1,1,24,0,0,0,0,0,fastexcel,java,c4ecf245b277c91af4840e506fed7fc2dc3c775a,53156915dca368fa096950966aa4b2877e218834,461.3,460.22,-0.002341209624972868,0.9009714934164412,-0.03111111111111111,0,0
1,1,2,1,3,176,0,0,0,0,0,fastexcel,java,53156915dca368fa096950966aa4b2877e218834,5333972ce6367099e81a8de7d0f73357e6880fb2,460.22,459.42,-0.0017382990743557674,0.21337370709311831,0.27111111111111114,0,0
2,2,4,1,1,53,0,0,0,0,0,fastexcel,java,5333972ce6367099e81a8de7d0f73357e6880fb2,5e7832fb7e26264e65cb87279c69aa96dd41fc92,459.42,461.38,0.0042662487484218786,0.28084201086629845,-0.23555555555555555,0,0
2,2,4,1,1,62,0,0,0,0,0,fastexcel,java,5e7832fb7e26264e65cb87279c69aa96dd41fc92,a38854600c1b09a00821d27d394347b1c4725a9b,461.38,461.29,-0.0001950669729940071,0.5338294217441396,0.13777777777777778,0,0
2,2,4,1,1,53,0,0,0,0,0,fastexcel,java,a38854600c1b09a00821d27d394347b1c4725a9b,0a5912df16d59929dae6b1ee1d401d7e1c03912e,461.29,460.76,-0.0011489518524139468,0.48073111045562256,-0.15555555555555556,0,0
2,2,4,1,1,62,0,0,0,0,0,fastexcel,java,0a5912df16d59929dae6b1ee1d401d7e1c03912e,9281ab45d5b8034e8f7a2c1f91e8ecb47539f28a,460.76,459.9,-0.0018664814654050126,0.13538211004560674,0.3244444444444444,0,0
30,25,55,24,1,37,0,0,0,0,0,fastexcel,java,9281ab45d5b8034e8f7a2c1f91e8ecb47539f28a,c4c2633cdc2cd4498504b28b96dd0b95ae6789cd,459.9,459.82,-0.00017395085888233114,0.4552517444125014,-0.16444444444444445,0,0
1,1,2,1,5,291,0,0,0,0,0,fastexcel,java,c4c2633cdc2cd4498504b28b96dd0b95ae6789cd,3f99224cac6e548e6139f6ab8523388468e0913f,459.82,460.92,0.002392240441912102,0.7715264784488729,-0.06666666666666667,0,0
2,2,4,1,1,55,0,0,0,0,0,fastexcel,java,3f99224cac6e548e6139f6ab8523388468e0913f,f07adf4622133f5df29be00a8c211f0138ea80b0,460.92,461.26,0.0007376551245334873,0.6783024655972324,-0.09333333333333334,0,0
2,2,4,1,1,62,0,0,0,0,0,fastexcel,java,f07adf4622133f5df29be00a8c211f0138ea80b0,a26fe34afbb104dc2a1732724d7c0377ec5aa7d3,461.26,460.18,-0.0023414126523001867,0.5614474146848649,0.1288888888888889,0,0
3,4,7,2,1,8,0,1,0,0,0,fastexcel,java,a26fe34afbb104dc2a1732724d7c0377ec5aa7d3,efa9c8c49b3ab076bfafd9f985c934002c4e9f07,460.18,460.28,0.00021730627145892018,0.6333259145156125,0.10666666666666667,0,0
1,1,2,1,3,178,0,0,0,0,0,fastexcel,java,efa9c8c49b3ab076bfafd9f985c934002c4e9f07,851488f7197084fd42e8330dbff0b953dad4a258,460.28,459.11,-0.0025419309985225498,0.6482039260122094,0.10222222222222223,0,0
5,4,9,2,1,55,0,0,0,0,0,fastexcel,java,851488f7197084fd42e8330dbff0b953dad4a258,34e753b4f3144eb3e4c2b71c667ef9695f68e975,459.11,460.96,0.004029535405458313,0.12486035998214667,-0.3333333333333333,0,0
2,2,4,1,1,62,0,0,0,0,0,fastexcel,java,34e753b4f3144eb3e4c2b71c667ef9695f68e975,f46670ba130b4d59425d59a37675811d74dcb97d,460.96,460.44,-0.0011280805275945458,0.33997843436292496,0.2088888888888889,0,0
4,5,9,2,3,100,0,1,0,0,0,fastexcel,java,f46670ba130b4d59425d59a37675811d74dcb97d,837aa3eae71a572b39ae4f62d860c00ed720a089,460.44,460.5,0.00013031013812875135,0.5897385933186072,0.12,0,0
1,1,2,1,3,178,0,0,0,0,0,fastexcel,java,837aa3eae71a572b39ae4f62d860c00ed720a089,0b08fa9f9bda6bf73434ea9f21c9952d91458bfb,460.5,460.24,-0.0005646036916395025,0.5897385933186072,-0.12,0,0
1,1,2,1,1,12,0,1,0,0,1,fastexcel,java,0b08fa9f9bda6bf73434ea9f21c9952d91458bfb,c5e0ec5248520085a9f4970a9900b05204846981,460.24,459.7,-0.0011733008864940476,0.5897385933186072,0.12,0,0
2,2,4,1,1,46,0,0,0,0,0,fastexcel,java,c5e0ec5248520085a9f4970a9900b05204846981,53ee61bc23e4d1347a752d58f38791b09bb6f58a,459.7,459.96,0.0005655862519033955,0.9669147771731937,0.013333333333333334,0,0
2,2,4,1,1,62,0,0,0,0,0,fastexcel,java,53ee61bc23e4d1347a752d58f38791b09bb6f58a,05347d680a17f3390b1007d298201e891a0760f4,459.96,460.96,0.0021741020958344205,0.755709307865404,-0.07111111111111111,0,0
2,2,4,1,1,46,0,0,0,0,0,fastexcel,java,05347d680a17f3390b1007d298201e891a0760f4,ec803bb6652e8b7fc5b5acbf143d6e16a201feba,460.96,460.82,-0.0003037139881985126,1.0,0.0044444444444444444,0,0
2,2,4,1,1,62,0,0,0,0,0,fastexcel,java,ec803bb6652e8b7fc5b5acbf143d6e16a201feba,0c61ee0127dc496a4fb124f5cc63c5c0f42ab719,460.82,460.49,-0.0007161147519638559,0.38373262766250305,0.19111111111111112,0,0
4,2,6,1,1,55,0,0,0,0,0,fastexcel,java,0c61ee0127dc496a4fb124f5cc63c5c0f42ab719,a18e6b26317d65b43b64e023048070a3808b8669,460.49,460.81,0.0006949119416273821,0.3614963660708982,-0.2,0,0
2,2,4,1,1,46,0,0,0,0,0,fastexcel,java,a18e6b26317d65b43b64e023048070a3808b8669,5be8921158f488688cc2e961fdd6e772c68338e7,460.81,460.98,0.00036891560513013154,0.8682259903524354,-0.04,0,0
2,2,4,1,1,62,0,0,0,0,0,fastexcel,java,5be8921158f488688cc2e961fdd6e772c68338e7,dc9a677d0be2c268510a7d8f4d1c7eb1ccdd13ef,460.98,460.27,-0.0015401969716691318,0.15841830012714964,0.30666666666666664,0,0
47,77,124,6,1,41,1,0,0,0,0,fastexcel,java,dc9a677d0be2c268510a7d8f4d1c7eb1ccdd13ef,fb1a2141ee9cb860521504d043e0a744da4eb325,460.27,462.59,0.005040519694961638,0.014385980397814321,-0.5288888888888889,0,0
19,2,21,2,5,203,0,0,0,0,0,fastexcel,java,fb1a2141ee9cb860521504d043e0a744da4eb325,ead3b1b3b968bdaafbf8ec2ad9de3a9325d3fafc,462.59,461.73,-0.0018590976890982443,0.8034625743147712,0.057777777777777775,0,0
132,17,149,5,1,11,0,0,0,0,0,fastexcel,java,ead3b1b3b968bdaafbf8ec2ad9de3a9325d3fafc,0287fd90d6ad17f58369a30d3a025f6d30454fe7,461.73,735.19,0.5922508825504083,3.3918213908250945e-06,-1.0,1,1
89,1,90,2,3,92,0,0,0,0,0,fastexcel,java,0287fd90d6ad17f58369a30d3a025f6d30454fe7,6abfa519bc257dcf27baa2a4aaaf68ed3bdce89c,735.19,734.25,-0.0012785810470763402,1.0,-0.0044444444444444444,0,0
4,2,6,2,1,11,0,0,0,0,0,fastexcel,java,6abfa519bc257dcf27baa2a4aaaf68ed3bdce89c,6138d4a2aaeabd78edb1939f3aca77a71153ec46,734.25,740.19,0.008089887640449513,0.1523865017147963,-0.3111111111111111,0,0
1,1,2,1,1,19,0,0,0,0,1,fastexcel,java,6138d4a2aaeabd78edb1939f3aca77a71153ec46,cb5ef5c4a5cd3ab80f57ad741f74f0ac93fb83de,740.19,740.05,-0.0001891406260556074,0.6186695570822622,0.1111111111111111,0,0
2,2,4,1,1,46,0,0,0,0,0,fastexcel,java,cb5ef5c4a5cd3ab80f57ad741f74f0ac93fb83de,cbc120f45587f2ca034b7f844742016317c9df7f,740.05,738.92,-0.0015269238564961766,0.506914933812496,0.14666666666666667,0,0
2,2,4,1,1,62,0,0,0,0,0,fastexcel,java,cbc120f45587f2ca034b7f844742016317c9df7f,173f3a0f52ac1c33faec3e8be721ae84e45c6026,738.92,737.5,-0.0019217235966003886,0.8682259903524354,0.04,0,0
29,5,34,4,5,94,0,0,0,0,0,fastexcel,java,173f3a0f52ac1c33faec3e8be721ae84e45c6026,bd692de6142bb48c1a362be11b35033761d4318a,737.5,747.42,0.013450847457627063,0.0007802051762911044,-0.7244444444444444,0,0
4,4,8,2,3,124,0,0,0,0,0,fastexcel,java,bd692de6142bb48c1a362be11b35033761d4318a,1d4b0c4b6817d9db90d77d7fd93f88d32312c87e,747.42,744.87,-0.003411736373123484,0.43064798984807773,0.17333333333333334,0,0
2,2,4,1,1,62,0,0,0,0,0,fastexcel,java,1d4b0c4b6817d9db90d77d7fd93f88d32312c87e,447e57ed80d2f48ce59d4f7a623c9cb0ba070739,744.87,743.61,-0.00169157034113334,0.9009714934164412,0.03111111111111111,0,0
1,1,2,1,1,10,0,0,0,0,0,fastexcel,java,447e57ed80d2f48ce59d4f7a623c9cb0ba070739,eb0b4268c3cf22faf94f3333bc728f8d6535ea1c,743.61,746.27,0.003577143932975576,0.506914933812496,-0.14666666666666667,0,0
3,3,6,2,2,63,0,0,0,0,0,fastexcel,java,eb0b4268c3cf22faf94f3333bc728f8d6535ea1c,42dfc5c2d60f8914620866bcd21d8a323ddec63e,746.27,746.87,0.0008039985528026355,0.5897385933186072,0.12,0,0
2,2,4,1,1,62,0,0,0,0,0,fastexcel,java,42dfc5c2d60f8914620866bcd21d8a323ddec63e,e0788e0c5e77d07ca23fb554d547ec19d5797989,746.87,748.93,0.0027581774606021737,0.21337370709311831,-0.27111111111111114,0,0
57,4,61,5,1,10,0,0,0,0,0,fastexcel,java,e0788e0c5e77d07ca23fb554d547ec19d5797989,55501ae5718dd56600b9aedd270b0383008e3dfa,748.93,753.02,0.00546112453767379,0.5338294217441396,-0.13777777777777778,0,0
2,2,4,1,1,46,0,0,0,0,0,fastexcel,java,55501ae5718dd56600b9aedd270b0383008e3dfa,9ddaf22e97848d3accc23bfd50e3dc95d9d642de,753.02,753.52,0.0006639929882340443,0.3614963660708982,-0.2,0,0
2,2,4,1,1,62,0,0,0,0,0,fastexcel,java,9ddaf22e97848d3accc23bfd50e3dc95d9d642de,1000c7004a1b741d988867b13d94c67a9eb341f1,753.52,752.73,-0.0010484127826732715,0.7715511878155722,0.06666666666666667,0,0
10,46,56,9,1,17,0,0,0,0,0,fastexcel,java,1000c7004a1b741d988867b13d94c67a9eb341f1,03cec75dd7aa5b127780162eca77fde0dab65548,752.73,749.27,-0.004596601703133974,0.6482039260122094,0.10222222222222223,0,0
1,1,2,1,3,169,0,0,0,0,0,fastexcel,java,03cec75dd7aa5b127780162eca77fde0dab65548,0a042782f4b6cbae0e1b0959a89be9a5e0a2b0f3,749.27,752.32,0.0040706287453121945,0.5614474146848649,-0.1288888888888889,0,0
139,73,212,12,1,22,0,0,0,0,0,fastexcel,java,0a042782f4b6cbae0e1b0959a89be9a5e0a2b0f3,97ed6b11d2078be51a650db72178a9ab805976df,752.32,766.7,0.01911420672054444,0.00026216888813650863,-0.7866666666666666,0,0
57,23,80,3,1,35,0,0,0,0,0,fastexcel,java,97ed6b11d2078be51a650db72178a9ab805976df,b8d1140ed6b495509dbbe8f76e6fd03b4ab90c38,766.7,715.18,-0.0671970783878963,3.3918213908250945e-06,1.0,0,0
18,5,23,3,1,43,0,0,0,0,0,fastexcel,java,b8d1140ed6b495509dbbe8f76e6fd03b4ab90c38,d5fa0c69e821c1bb3e38844e491290b0c93d5858,715.18,711.32,-0.005397242652199307,0.1985058531538877,0.28,0,0
1,1,2,1,1,49,0,1,0,0,0,fastexcel,java,d5fa0c69e821c1bb3e38844e491290b0c93d5858,df2b9850c610be7b7247d28ee9f967f4cdac0e36,711.32,757.26,0.06458415340493721,3.3918213908250945e-06,-1.0,0,0
13,0,13,1,1,19,0,0,1,0,0,fastexcel,java,df2b9850c610be7b7247d28ee9f967f4cdac0e36,fbc9d72281fa1448815ef0ed27d801a00861590a,757.26,762.55,0.006985711644613427,0.13538211004560674,-0.3244444444444444,0,0
1,1,2,1,1,41,0,0,1,0,0,fastexcel,java,fbc9d72281fa1448815ef0ed27d801a00861590a,52dd186d1042d8256ad642a10c17672c5e7c1fca,762.55,763.11,0.0007343780735690239,0.38373262766250305,-0.19111111111111112,0,0
69,139,208,11,1,34,0,0,0,0,0,fastexcel,java,52dd186d1042d8256ad642a10c17672c5e7c1fca,23610531ffb4adb81860a6091701148a06f1f863,763.11,759.5,-0.004730641716135306,0.004794758682161994,0.6088888888888889,0,0
2,2,4,1,1,46,0,0,0,0,0,fastexcel,java,23610531ffb4adb81860a6091701148a06f1f863,701c090107cb94a6d3aa14c1e486cd96a93d234d,759.5,759.54,5.266622778138726e-05,0.7400217511938185,0.07555555555555556,0,0
2,2,4,1,1,62,0,0,0,0,0,fastexcel,java,701c090107cb94a6d3aa14c1e486cd96a93d234d,9d4a7142c0b700b8ecc5e7467398f75a5968790d,759.54,763.78,0.005582326144771848,0.020191414969204246,-0.5022222222222222,0,0
8,8,16,8,1,40,0,1,0,0,0,fastexcel,java,9d4a7142c0b700b8ecc5e7467398f75a5968790d,61c2ab93e5ab11cebbfad98c5489d6ccdeca6fc9,763.78,764.77,0.001296184765246549,0.8682259903524354,-0.04,0,0
1,1,2,1,3,169,0,0,0,0,0,fastexcel,java,61c2ab93e5ab11cebbfad98c5489d6ccdeca6fc9,6b6ce9803bce8c2e29f45adf3f556be09da8a83a,764.77,757.64,-0.009323064450749893,0.03101661143801677,0.4666666666666667,0,0
3,15,18,2,1,42,0,0,0,0,0,fastexcel,java,6b6ce9803bce8c2e29f45adf3f556be09da8a83a,1a78f350f9646a9d53202e588c62c103073b61f2,757.64,762.61,0.0065598437252521345,0.020191414969204246,-0.5022222222222222,0,0
3,3,6,1,1,15,0,1,0,0,0,fastexcel,java,1a78f350f9646a9d53202e588c62c103073b61f2,35967be40c421db0ed1940c01ced60b002e5c5db,762.61,763.77,0.0015210920391811912,0.5614474146848649,-0.1288888888888889,0,0
23,7,30,4,1,29,0,0,0,0,0,fastexcel,java,35967be40c421db0ed1940c01ced60b002e5c5db,1b6edd231234e50a6201f9c9f2c3f8eb0c7c04e7,763.77,2244.29,1.9384369640074892,3.3918213908250945e-06,-1.0,1,1
1,1,2,3,2,59,0,0,0,0,0,fastexcel,java,1b6edd231234e50a6201f9c9f2c3f8eb0c7c04e7,50ef57b392b2bbd009c12c9ccbed40d00c7477b5,2244.29,756.05,-0.6631228584541213,3.3918213908250945e-06,1.0,0,0
4,2,6,1,5,167,0,1,0,0,0,fastexcel,java,50ef57b392b2bbd009c12c9ccbed40d00c7477b5,5ed3d8cd04ecf7974ad8b00844c70ca24124e140,756.05,754.74,-0.0017326896369287024,0.8034625743147712,-0.057777777777777775,0,0
7,2,9,2,2,27,0,0,0,0,0,fastexcel,java,5ed3d8cd04ecf7974ad8b00844c70ca24124e140,be781d4b030b84b3059de23d6c2208eec75c89a4,754.74,757.64,0.0038423828073243464,0.5897385933186072,-0.12,0,0
8,0,8,1,1,10,0,0,0,0,0,fastexcel,java,be781d4b030b84b3059de23d6c2208eec75c89a4,7749e0e1e4cfe7d57163a50dec675be98d1b46ef,757.64,757.51,-0.00017158544955387184,0.6783024655972324,-0.09333333333333334,0,0
0,0,0,0,1,43,0,0,0,0,0,fastexcel,java,7749e0e1e4cfe7d57163a50dec675be98d1b46ef,bfcc8df74c23dd96f30eaef3a5d3ee4a57dab08e,757.51,753.11,-0.005808504178162635,0.042110616791807005,0.44,0,0
4,4,8,1,1,21,0,0,0,0,1,fastexcel,java,bfcc8df74c23dd96f30eaef3a5d3ee4a57dab08e,9fc4f07f03fe149b7fd7cf8cf16f78d0e5cb3f97,753.11,758.82,0.007581893747261405,0.021318887016998078,-0.49777777777777776,0,0
0,0,0,0,1,42,0,0,0,0,0,fastexcel,java,9fc4f07f03fe149b7fd7cf8cf16f78d0e5cb3f97,02ef578633bd0e211cf8a21d494d357609111780,758.82,758.53,-0.000382172320181436,1.0,0.0044444444444444444,0,0
2,2,4,1,1,46,0,0,0,0,0,fastexcel,java,02ef578633bd0e211cf8a21d494d357609111780,a701d4a36725feca20ff1d35e4c1ad8336d7b43f,758.53,759.51,0.0012919726312736717,0.9009714934164412,-0.03111111111111111,0,0
2,2,4,1,1,62,0,0,0,0,0,fastexcel,java,a701d4a36725feca20ff1d35e4c1ad8336d7b43f,8df18c794e628291ae5419804e089984fd8ba137,759.51,765.92,0.008439651880817854,0.01806662299891238,-0.5111111111111111,0,0
35,4,39,3,1,10,0,0,0,0,0,fastexcel,java,8df18c794e628291ae5419804e089984fd8ba137,5fc1f636a1518194ad3faef5e0ef84ccf6e56c96,765.92,761.6,-0.005640275746814206,0.2997583700887151,0.22666666666666666,0,0
0,0,0,0,1,43,0,0,0,0,0,fastexcel,java,5fc1f636a1518194ad3faef5e0ef84ccf6e56c96,94848f60c5b8bb5d9825ade4d8952c8b5988e355,761.6,762.45,0.0011160714285714584,0.8034625743147712,0.057777777777777775,0,0
2,2,4,1,1,46,0,0,0,0,0,fastexcel,java,94848f60c5b8bb5d9825ade4d8952c8b5988e355,a98a23204f16e81f84aa7706f43f1b63ebd19778,762.45,759.12,-0.004367499508164523,0.08901797772326324,0.3688888888888889,0,0
2,2,4,1,1,62,0,0,0,0,0,fastexcel,java,a98a23204f16e81f84aa7706f43f1b63ebd19778,24830db6aaca1e71e6bf632e2cb82be5eeb042cc,759.12,766.63,0.009893034039414047,0.0032301435955866646,-0.6355555555555555,0,0
64,24,88,5,1,10,0,0,0,0,0,fastexcel,java,24830db6aaca1e71e6bf632e2cb82be5eeb042cc,3963acab31ff4721d01464477a7c51ec53490a32,766.63,768.7,0.002700129136610947,0.08149464839345506,-0.37777777777777777,0,0
2,2,4,2,1,41,0,1,0,0,0,fastexcel,java,3963acab31ff4721d01464477a7c51ec53490a32,19539feb76bd1fc63b17379f84174525f0afae7a,768.7,767.26,-0.0018732925718746643,0.38373262766250305,0.19111111111111112,0,0
1,1,2,1,1,20,0,1,0,0,0,fastexcel,java,19539feb76bd1fc63b17379f84174525f0afae7a,b5aec20dcad4ab5eed3b89f28ecded24ad85e112,767.26,769.42,0.002815212574616125,0.7715511878155722,-0.06666666666666667,0,0
12,3,15,1,1,21,0,1,0,0,0,fastexcel,java,b5aec20dcad4ab5eed3b89f28ecded24ad85e112,29c417f5f283b05792a73c62731984c791a5f2da,769.42,767.65,-0.002300434093213046,0.7715511878155722,0.06666666666666667,0,0
0,9,9,1,1,21,0,0,0,0,0,fastexcel,java,29c417f5f283b05792a73c62731984c791a5f2da,0678f8be79c65d26fe98449427a4e81189870e0a,767.65,766.05,-0.0020842832019800986,0.6186695570822622,0.1111111111111111,0,0
0,0,0,0,1,41,0,0,0,0,0,fastexcel,java,0678f8be79c65d26fe98449427a4e81189870e0a,7189556a631ee1072efc12b6d150d19ef6858f82,766.05,769.14,0.004033679263755671,0.0744956919139866,-0.38666666666666666,0,0
4904,996,5900,103,135,5986,1,1,1,1,1,fastexcel,java,7189556a631ee1072efc12b6d150d19ef6858f82,b9785779ee140ab295a03188f95ef4b6a0236a9e,769.14,1385.08,0.8008164963465688,3.3918213908250945e-06,-1.0,1,1
0,0,0,0,1,43,0,0,0,0,0,fastexcel,java,b9785779ee140ab295a03188f95ef4b6a0236a9e,65d44b2b675dbaa4dc06965cf892a04d6d7c187c,1385.08,1388.93,0.002779622837670125,0.2901428023540349,-0.2311111111111111,0,0
108,5,113,1,1,18,0,0,0,0,0,fastexcel,java,65d44b2b675dbaa4dc06965cf892a04d6d7c187c,4b32dc4d8de5eaa384a868d871fa7e93949980dd,1388.93,1413.88,0.017963468281338903,0.0007802051762911044,-0.7244444444444444,0,0
0,0,0,0,1,44,0,0,0,0,0,fastexcel,java,4b32dc4d8de5eaa384a868d871fa7e93949980dd,9cf1f4203c35eae4c49338e2cb99d384afbdf142,1413.88,1390.2,-0.01674823888873176,0.00038998587210933963,0.7644444444444445,0,0
3,6,9,1,1,17,0,0,0,0,0,fastexcel,java,9cf1f4203c35eae4c49338e2cb99d384afbdf142,085de1a1d49ec10dd4c7bafb7a62c289617e41a3,1390.2,1401.47,0.008106747230614287,0.0744956919139866,-0.38666666666666666,0,0
59,1,60,1,1,25,0,0,0,0,0,fastexcel,java,085de1a1d49ec10dd4c7bafb7a62c289617e41a3,8a7fd995dd1fe03c4a6f6bd15b06472bae694b18,1401.47,1408.09,0.004723611636353179,0.3614963660708982,-0.2,0,0
59,41,100,1,1,71,0,0,0,0,0,fastexcel,java,8a7fd995dd1fe03c4a6f6bd15b06472bae694b18,2f557edf24965be3f603b55fcf0d418e0c2e7084,1408.09,1412.2,0.0029188475168491555,0.5897385933186072,-0.12,0,0
4,4,8,1,1,34,0,1,0,0,0,fastexcel,java,2f557edf24965be3f603b55fcf0d418e0c2e7084,6651866b942ebf0d7efaff639de366f64a48be19,1412.2,1380.12,-0.02271632913185112,0.0002228932910846752,0.7955555555555556,0,0
15,4,19,1,1,17,0,1,0,0,0,fastexcel,java,6651866b942ebf0d7efaff639de366f64a48be19,aab2ebafb767125e6be5a9aa56a1275100edbe70,1380.12,1387.02,0.004999565255195267,0.24548500120312422,-0.25333333333333335,0,0
123,28,151,7,1,233,0,0,0,0,0,fastexcel,java,aab2ebafb767125e6be5a9aa56a1275100edbe70,cc71f5fad9bd99076786737ec52535b0841db05d,1387.02,1389.26,0.0016149731078138809,0.3400858902842717,-0.2088888888888889,0,0
73,2,75,1,1,69,0,0,0,0,0,fastexcel,java,cc71f5fad9bd99076786737ec52535b0841db05d,5793d4da8e93b3ac367f33ff561f76df2d8a4f82,1389.26,1392.35,0.002224205692238975,0.442775365379404,-0.1688888888888889,0,0
34,8,42,1,1,88,0,0,0,0,0,fastexcel,java,5793d4da8e93b3ac367f33ff561f76df2d8a4f82,de58846acb3b764ff9392360a5d6833157331965,1392.35,1403.2,0.007792580888426141,0.0420877510078487,-0.44,0,0
148,1,149,2,1,38,0,0,0,0,0,fastexcel,java,de58846acb3b764ff9392360a5d6833157331965,bf2ae1fc7038ece6dea72d832647e13e9aa12ecb,1403.2,1388.14,-0.010732611174458341,0.020191414969204246,0.5022222222222222,0,0
0,0,0,0,2,88,0,0,0,0,0,fastexcel,java,bf2ae1fc7038ece6dea72d832647e13e9aa12ecb,d603d51e4164c18746888191a1fea59a72ca0254,1388.14,1406.76,0.0134136326307144,0.0003609347195741741,-0.7688888888888888,0,0
2,2,4,1,1,17,0,0,0,0,1,fastexcel,java,d603d51e4164c18746888191a1fea59a72ca0254,64285981589f8fc68b2d472545316bc49ad3ce83,1406.76,1334.95,-0.05104637606983419,3.3918213908250945e-06,1.0,0,0
0,0,0,0,1,45,0,0,0,0,1,fastexcel,java,64285981589f8fc68b2d472545316bc49ad3ce83,8ddeffba48bf84c2e68dc1ad8cce4edb51c2fee1,1334.95,1346.97,0.009004082549908223,0.05639236422683157,-0.41333333333333333,0,0
38,5,43,1,1,32,0,0,0,0,0,fastexcel,java,8ddeffba48bf84c2e68dc1ad8cce4edb51c2fee1,e220720a0999ca0706ee0bd86d2626cec442589b,1346.97,149.84,-0.8887577303132216,3.3918213908250945e-06,1.0,0,0
5,5,10,1,1,77,0,0,0,0,0,fastexcel,java,e220720a0999ca0706ee0bd86d2626cec442589b,e41c4d9beb1bb3f207bfa37db5441268fc265c25,149.84,1338.48,7.932728243459691,3.3918213908250945e-06,-1.0,1,1
0,0,0,0,1,54,0,0,0,0,0,fastexcel,java,e41c4d9beb1bb3f207bfa37db5441268fc265c25,5ded9e35fe8baeaf25acfde18c966086b62e13ef,1338.48,1341.73,0.002428127428127428,0.8357050269952793,0.04888888888888889,0,0
1,1,2,1,1,11,0,0,0,0,0,fastexcel,java,5ded9e35fe8baeaf25acfde18c966086b62e13ef,614ed1846b0d21c1b5d72dc8b87a154bdf0ce420,1341.73,1340.6,-0.000842196268996079,0.8682259903524354,-0.04,0,0
0,0,0,0,1,58,0,0,0,0,0,fastexcel,java,614ed1846b0d21c1b5d72dc8b87a154bdf0ce420,74b00bd2165d73b917b7bde159f54cd1d4cd90a9,1340.6,1337.21,-0.0025287184842606837,0.48073111045562256,0.15555555555555556,0,0
35,0,35,1,4,98,0,0,0,0,0,fastexcel,java,74b00bd2165d73b917b7bde159f54cd1d4cd90a9,a76531f7e7a94c9848727e2252315a91702d7bbf,1337.21,1342.38,0.00386625885238674,0.9669147771731937,0.013333333333333334,0,0
5,1,6,1,2,78,0,0,0,0,0,fastexcel,java,a76531f7e7a94c9848727e2252315a91702d7bbf,4ae9b4c59d930c860bd8f4d54af64ab7c442b888,1342.38,1337.39,-0.0037172782669586918,0.43064798984807773,0.17333333333333334,0,0
98,45,143,3,1,69,0,0,0,0,0,fastexcel,java,4ae9b4c59d930c860bd8f4d54af64ab7c442b888,36a3d11e8d0c3b7f880ff69bb8d12729cd4cf2d5,1337.39,1340.72,0.0024899244049977395,0.4553018964198552,-0.16444444444444445,0,0
5,6,11,1,1,14,0,0,0,0,0,fastexcel,java,36a3d11e8d0c3b7f880ff69bb8d12729cd4cf2d5,9c6b9d84250f450e41dc0e5423826a6327b16c68,1340.72,1341.51,0.0005892356345843753,0.6482039260122094,-0.10222222222222223,0,0
50,101,151,3,2,107,0,0,1,0,0,fastexcel,java,9c6b9d84250f450e41dc0e5423826a6327b16c68,e45be6af2a3a11133d94cb073de49a87ab67d839,1341.51,1334.71,-0.005068914879501424,0.22902896662469463,0.26222222222222225,0,0
105,13,118,4,5,207,0,1,0,0,0,fastexcel,java,e45be6af2a3a11133d94cb073de49a87ab67d839,7ec14a34d391b38f91c1c7f43432b2d534170d91,1334.71,1330.93,-0.0028320758816521734,0.506914933812496,0.14666666666666667,0,0
8,101,109,4,3,123,0,0,0,0,0,fastexcel,java,7ec14a34d391b38f91c1c7f43432b2d534170d91,44bd2e243e1b40604e22e4619ce59cfd3621c86f,1330.93,1333.7,0.002081251455748974,0.15846460599820356,-0.30666666666666664,0,0
10,5,15,1,2,122,0,0,1,0,0,fastexcel,java,44bd2e243e1b40604e22e4619ce59cfd3621c86f,93327011f2237cd26b4b94ca296f9ca2259b1fe4,1333.7,1327.07,-0.00497113293844201,0.15846460599820356,0.30666666666666664,0,0
106,18,124,5,6,246,0,1,0,0,0,fastexcel,java,93327011f2237cd26b4b94ca296f9ca2259b1fe4,8b91f1aa4bb309160100116710519729835c32a7,1327.07,1348.02,0.0157866578251336,0.012821684691391543,-0.5377777777777778,0,0
2,2,4,1,1,79,0,0,0,0,0,fastexcel,java,8b91f1aa4bb309160100116710519729835c32a7,a55e05d348dd1d4001e455a77e3fdc2560497bad,1348.02,1336.27,-0.008716487885936411,0.13538211004560674,0.3244444444444444,0,0
12,16,28,1,1,88,0,0,0,0,0,fastexcel,java,a55e05d348dd1d4001e455a77e3fdc2560497bad,a88b0adac1fb3c01b6c2a38edfb458051d975157,1336.27,1332.47,-0.0028437366699843253,0.5338294217441396,0.13777777777777778,0,0
60,25,85,3,1,76,0,0,0,0,0,fastexcel,java,a88b0adac1fb3c01b6c2a38edfb458051d975157,530cf2b8869de497ab29470dba4bc8628c3ad2b7,1332.47,1337.06,0.0034447304629747146,0.22105065342981212,-0.26666666666666666,0,0
15,6,21,2,8,354,0,1,1,0,0,fastexcel,java,530cf2b8869de497ab29470dba4bc8628c3ad2b7,bc857295fb77d85074d5700d835f5c0a68557394,1337.06,1329.41,-0.0057215083840664325,0.2716411207573157,0.24,0,0
1,1,2,1,1,37,0,0,0,0,0,fastexcel,java,bc857295fb77d85074d5700d835f5c0a68557394,ff27a9c6033f3a0df19ef900e87c290d57994bc4,1329.41,1338.96,0.007183637854386498,0.21337370709311831,-0.27111111111111114,0,0
55,20,75,4,1,60,0,0,0,0,0,fastexcel,java,ff27a9c6033f3a0df19ef900e87c290d57994bc4,7631e9d664643df7f01f390230335aaf39352d27,1338.96,1338.35,-0.00045557746310578905,0.9669147771731937,0.013333333333333334,0,0
6,1,7,1,1,66,0,0,0,0,0,fastexcel,java,7631e9d664643df7f01f390230335aaf39352d27,9b89919e72271991be4c993c75b92eb4d47f7d5e,1338.35,1331.11,-0.00540964620614937,0.1985058531538877,0.28,0,0
1,1,2,1,1,36,0,0,0,0,0,fastexcel,java,9b89919e72271991be4c993c75b92eb4d47f7d5e,910ae93234e3f80902c3c4c4c2caec5f3f7d8f1f,1331.11,1343.56,0.009353096288060376,0.11980309870594376,-0.3377777777777778,0,0
33,44,77,4,2,141,0,0,0,0,0,fastexcel,java,910ae93234e3f80902c3c4c4c2caec5f3f7d8f1f,43c5f5b278be6376df0a28026aca0c315e257930,1343.56,1336.42,-0.005314239780880551,0.5897385933186072,0.12,0,0
4,1,5,1,1,30,0,0,0,0,0,fastexcel,java,43c5f5b278be6376df0a28026aca0c315e257930,076081595883e2abd263976b5ec531999b6f5149,1336.42,1344.55,0.006083416889899793,0.8357050269952793,-0.04888888888888889,0,0
15,1,16,2,1,50,0,0,0,0,0,fastexcel,java,076081595883e2abd263976b5ec531999b6f5149,7d0e65edd6bdef9edd93ed6aa9037b63d42e65d1,1344.55,1333.92,-0.007905990851957817,0.4067868333984651,0.18222222222222223,0,0
1,2,3,1,1,44,0,0,0,0,0,fastexcel,java,7d0e65edd6bdef9edd93ed6aa9037b63d42e65d1,85df21c274cf8ff29e0f5711e05a5cb487039b32,1333.92,1331.41,-0.0018816720642917048,0.9669147771731937,0.013333333333333334,0,0
83,2,85,1,1,145,0,0,0,0,0,fastexcel,java,85df21c274cf8ff29e0f5711e05a5cb487039b32,240bb77c2b09b84f328987ed1275eca689e63d50,1331.41,1339.96,0.006421763393695371,0.9338864180775845,-0.022222222222222223,0,0
0,0,0,0,1,44,0,0,0,0,0,fastexcel,java,240bb77c2b09b84f328987ed1275eca689e63d50,d845696891140855d38ed2f77ae512a2992d629c,1339.96,1344.43,0.003335920475238087,0.3614963660708982,-0.2,0,0
4,4,8,1,1,146,0,1,0,0,0,fastexcel,java,d845696891140855d38ed2f77ae512a2992d629c,05e612124179ad1f120308d7b94271ec5150dd3c,1344.43,1337.84,-0.00490170555551434,0.5614474146848649,0.1288888888888889,0,0
0,0,0,0,3,150,0,0,0,0,0,fastexcel,java,05e612124179ad1f120308d7b94271ec5150dd3c,ac9a01387773117c9b70611c8e7419d1bfffc4a9,1337.84,1338.63,0.0005905040961551389,0.9009714934164412,0.03111111111111111,0,0
65,24,89,3,3,123,0,1,1,0,0,fastexcel,java,ac9a01387773117c9b70611c8e7419d1bfffc4a9,0cfb26411e1255d2858694089c55390f772b7a2b,1338.63,588.52,-0.5603564838678351,3.3918213908250945e-06,1.0,0,0
5,0,5,3,1,40,0,0,0,0,0,fastexcel,java,0cfb26411e1255d2858694089c55390f772b7a2b,7457904e516168c6a9348b19bdf7dc8067f6e9e5,588.52,574.63,-0.02360157683681096,0.08149464839345506,0.37777777777777777,0,0
2,2,4,2,1,55,0,0,1,0,0,fastexcel,java,7457904e516168c6a9348b19bdf7dc8067f6e9e5,84565f160b7b1b7c3ebb5336380e54b0f9b66266,574.63,574.94,0.0005394775768756576,0.9669147771731937,-0.013333333333333334,0,0
96,39,135,3,1,106,0,0,0,0,0,fastexcel,java,84565f160b7b1b7c3ebb5336380e54b0f9b66266,cfd3ceed653227456c462b572d275efe99803ab8,574.94,587.08,0.021115246808362586,0.3836267986477797,-0.19111111111111112,0,0
38,6,44,4,1,101,0,0,0,0,0,fastexcel,java,cfd3ceed653227456c462b572d275efe99803ab8,011d99c1ba3bfaacb1bd76c5aaedad82b2abd4c6,587.08,575.17,-0.020286843360359883,0.09709106759647709,0.36,0,0
0,0,0,0,1,63,0,0,0,0,0,fastexcel,java,011d99c1ba3bfaacb1bd76c5aaedad82b2abd4c6,034c6981d51f7820ddf422598e2345d44fc1aab6,575.17,576.89,0.0029904202235861176,0.9834519906119015,-0.008888888888888889,0,0
35,0,35,1,1,43,0,0,1,0,0,fastexcel,java,034c6981d51f7820ddf422598e2345d44fc1aab6,f2bee0f28be2a206acf465e1920a5005ccdcff2f,576.89,675.69,0.17126315242073892,3.3918213908250945e-06,-1.0,0,0
93,15,108,4,1,39,0,0,0,0,0,fastexcel,java,f2bee0f28be2a206acf465e1920a5005ccdcff2f,d6b0670ea3801f1d854d3e86b3c9b6ea6d37eec9,675.69,714.79,0.0578667732244075,0.12486035998214667,-0.3333333333333333,0,0
65,94,159,5,1,22,0,0,0,0,1,fastexcel,java,d6b0670ea3801f1d854d3e86b3c9b6ea6d37eec9,494ed09fdc0e9df808200170d884f566075cdcf8,714.79,646.61,-0.09538465843114755,0.1985058531538877,0.28,0,0
81,53,134,4,1,21,0,0,0,0,0,fastexcel,java,494ed09fdc0e9df808200170d884f566075cdcf8,3f8cce099395b980b557fef4512168c88656af7f,646.61,650.24,0.005613894001020701,0.9669147771731937,-0.013333333333333334,0,0
144,26,170,11,1,81,0,0,0,0,0,fastexcel,java,3f8cce099395b980b557fef4512168c88656af7f,574eadea5d0c852600770168279d88428016c193,650.24,584.13,-0.10167015255905514,0.01140098291155517,0.5466666666666666,0,0
39,30,69,4,1,30,0,0,0,0,0,fastexcel,java,574eadea5d0c852600770168279d88428016c193,dd01809f0e6d644203087e364f01db0e448635ee,584.13,653.93,0.11949394826494095,0.1844100692216365,-0.28888888888888886,0,0
9,11,20,7,2,63,0,0,0,0,0,fastexcel,java,dd01809f0e6d644203087e364f01db0e448635ee,ac18eec3a76f9f904ec5198c0630453b5739885f,653.93,681.5,0.042160475891915114,0.38373262766250305,-0.19111111111111112,0,0
11,9,20,6,1,43,0,0,0,0,0,fastexcel,java,ac18eec3a76f9f904ec5198c0630453b5739885f,b0cb654fe300202e6c0fba8e387d36cda40a0ce3,681.5,673.76,-0.011357300073367585,0.8357050269952793,0.04888888888888889,0,0
9,11,20,7,3,103,0,0,0,0,0,fastexcel,java,b0cb654fe300202e6c0fba8e387d36cda40a0ce3,398ec7285ee7ee8d1adc1f2be9fba0487fab1759,673.76,657.89,-0.023554381382094522,6.836812536001056e-05,0.8577777777777778,0,0
49,62,111,7,1,26,0,0,0,0,0,fastexcel,java,398ec7285ee7ee8d1adc1f2be9fba0487fab1759,1afbd318819e9075751db27acd8c33252c2ed407,657.89,634.39,-0.03572025718585174,5.737063008488556e-05,0.8666666666666667,0,0
0,0,0,0,1,52,0,0,0,0,0,fastexcel,java,1afbd318819e9075751db27acd8c33252c2ed407,99b031ec2da2c44106ea39f4115a611391343aae,634.39,634.75,0.0005674742666183478,0.4067868333984651,-0.18222222222222223,0,0
40,38,78,2,1,12,0,1,0,0,0,fastexcel,java,99b031ec2da2c44106ea39f4115a611391343aae,0d0e8c23f70c92c96e0d2d3b4e4e1ee07cd68e66,634.75,632.92,-0.0028830248129185364,0.3614963660708982,0.2,0,0
31,30,61,3,4,71,0,0,0,0,1,fastexcel,java,0d0e8c23f70c92c96e0d2d3b4e4e1ee07cd68e66,687a042306cf2257d9fdfb760a36714cc685c7a4,632.92,646.47,0.021408708841559865,3.3918213908250945e-06,-1.0,0,0
25,36,61,3,1,48,0,0,0,0,0,fastexcel,java,687a042306cf2257d9fdfb760a36714cc685c7a4,e7fc07452afea9017f60bb06deae1928947f5fe5,646.47,656.46,0.015453153278574425,0.0003078634611799441,-0.7777777777777778,0,0
11,3,14,3,1,84,0,1,0,0,0,fastexcel,java,e7fc07452afea9017f60bb06deae1928947f5fe5,2b5f8809ee4588ac361ea9e956ee7faf33f65d49,656.46,656.44,-3.0466441214973966e-05,1.0,-0.0044444444444444444,0,0
0,0,0,0,1,45,0,0,0,0,0,fastexcel,java,2b5f8809ee4588ac361ea9e956ee7faf33f65d49,5de9d6e278e4925b0e322dd8ecc2ae08d9549335,656.44,645.89,-0.016071537383462415,3.356755084154065e-05,0.8933333333333333,0,0
5,4,9,2,2,108,0,1,0,0,1,fastexcel,java,5de9d6e278e4925b0e322dd8ecc2ae08d9549335,494e313b0c41f2c2492c67a517a871384f4098b6,645.89,647.03,0.0017650064252426672,0.28084201086629845,-0.23555555555555555,0,0
49,2,51,3,2,86,0,0,0,0,0,fastexcel,java,494e313b0c41f2c2492c67a517a871384f4098b6,999968d3095d2d0af341fa337951380ebe7b23df,647.03,658.52,0.017758063768295147,9.661535870152319e-05,-0.84,0,0
16,0,16,2,1,102,0,0,0,0,0,fastexcel,java,999968d3095d2d0af341fa337951380ebe7b23df,e37970506b881d267dd5ec824cb6b54750d96b4a,658.52,652.72,-0.008807629229180517,0.014396852751179462,0.5288888888888889,0,0
6,0,6,1,1,32,0,0,0,0,0,fastexcel,java,e37970506b881d267dd5ec824cb6b54750d96b4a,99df6bb3e33a6e245a406ffd2af6ff0b2643b5f1,652.72,646.49,-0.009544674592474595,0.0044892876631585235,0.6133333333333333,0,0
2,0,2,1,1,160,0,1,0,0,0,fastexcel,java,99df6bb3e33a6e245a406ffd2af6ff0b2643b5f1,4a26534d1cead82b9fc43fad15a859f34ee8cee5,646.49,649.32,0.004377484570527063,0.11980309870594376,-0.3377777777777778,0,0
8,0,8,2,1,52,0,0,0,0,0,fastexcel,java,4a26534d1cead82b9fc43fad15a859f34ee8cee5,4fc9dd2de809946f2c7b58526194b441feaec01c,649.32,658.44,0.01404546294585105,4.8063230506309336e-05,-0.8755555555555555,0,0
2,1,3,1,1,34,0,0,0,0,0,fastexcel,java,4fc9dd2de809946f2c7b58526194b441feaec01c,d4e3d2711ab2923e5fa5a5be4f795233c9c24905,658.44,658.15,-0.00044043496749905425,0.5338294217441396,0.13777777777777778,0,0
9,86,95,5,1,59,0,0,0,0,0,fastexcel,java,d4e3d2711ab2923e5fa5a5be4f795233c9c24905,b8f5c14e38dbb143acf37de19cd28b79107f21ff,658.15,649.35,-0.013370812124895472,0.0003078634611799441,0.7777777777777778,0,0
0,0,0,0,1,53,0,0,0,0,0,fastexcel,java,b8f5c14e38dbb143acf37de19cd28b79107f21ff,a1583d77ccbddd7f5e01171dd59ce622aeb113cc,649.35,644.64,-0.007253407253407309,0.03808828420629213,0.4488888888888889,0,0
91,14,105,5,9,682,0,1,0,0,0,fastexcel,java,a1583d77ccbddd7f5e01171dd59ce622aeb113cc,fe6beefb59ad9135eab0fbf090f218ae4d9df060,644.64,645.38,0.0011479275254405702,0.24548500120312422,-0.25333333333333335,0,0
12,90,102,4,3,133,0,0,0,0,0,fastexcel,java,fe6beefb59ad9135eab0fbf090f218ae4d9df060,153c29925ca7a7758cece0360c9edffd12ede98e,645.38,655.53,0.015727168489881895,0.0006709034051003711,-0.7333333333333333,0,0
9,4,13,2,1,33,0,0,0,0,0,fastexcel,java,153c29925ca7a7758cece0360c9edffd12ede98e,e157212f9b18133fc41894042ace602365867cbd,655.53,647.61,-0.012081826918676429,0.00013540920159486013,0.8222222222222222,0,0
93,16,109,4,10,729,0,1,0,0,0,fastexcel,java,e157212f9b18133fc41894042ace602365867cbd,b39611b4917bda00438a43cd0167053e3140021a,647.61,645.1,-0.003875789441176002,0.0442058160136522,0.43555555555555553,0,0
10,92,102,4,2,67,0,0,0,1,0,fastexcel,java,b39611b4917bda00438a43cd0167053e3140021a,0ae2c35178dff354d0ecf49fe5ff0dc2b0df48e5,645.1,648.88,0.005859556657882456,0.00897202481281498,-0.5644444444444444,0,0
7,3,10,1,2,91,0,0,0,0,0,fastexcel,java,0ae2c35178dff354d0ecf49fe5ff0dc2b0df48e5,e569400549cb06bcfc5ee8d62df16734dc7860da,648.88,645.9,-0.004592528664776258,0.020191414969204246,0.5022222222222222,0,0
90,9,99,3,11,776,0,1,0,0,0,fastexcel,java,e569400549cb06bcfc5ee8d62df16734dc7860da,8a789045b474585b1a8a8d779ace4f477becdbbc,645.9,644.99,-0.0014088868245858,0.506914933812496,0.14666666666666667,0,0
31,0,31,2,3,149,0,0,1,0,0,fastexcel,java,8a789045b474585b1a8a8d779ace4f477becdbbc,51d776aa70277d686683fd566330f6e565a0b611,644.99,647.37,0.0036899796896075836,0.1844100692216365,-0.28888888888888886,0,0
0,0,0,0,1,44,0,0,0,0,0,fastexcel,java,51d776aa70277d686683fd566330f6e565a0b611,47ff169124c557928bd62bb59bb1d8dcd2ebcfde,647.37,646.35,-0.0015756059131562812,0.5338294217441396,0.13777777777777778,0,0
10,10,20,1,1,66,0,1,0,0,0,fastexcel,java,47ff169124c557928bd62bb59bb1d8dcd2ebcfde,166b2776c97be38c14b419010d15ac2f39af1211,646.35,653.97,0.01178927825481551,0.00042246757669391977,-0.76,0,0
2,2,4,1,1,326,0,1,0,0,0,fastexcel,java,166b2776c97be38c14b419010d15ac2f39af1211,1e4c5ec0ff81f135ba71d602f2f32e26306e338e,653.97,644.01,-0.015230056424606689,2.3290004782067234e-05,0.9111111111111111,0,0
0,0,0,0,1,45,0,0,0,0,0,fastexcel,java,1e4c5ec0ff81f135ba71d602f2f32e26306e338e,13917298b8fc872501c4e5ef609630fbd755b13b,644.01,650.64,0.010294871197652204,0.0036905851986807135,-0.6266666666666667,0,0
276,27,303,17,1,16,0,0,0,0,0,fastexcel,java,13917298b8fc872501c4e5ef609630fbd755b13b,441fb7a56b7134733a69748999af035117ca725a,650.64,234.35,-0.6398161809910242,3.3833394126542183e-06,1.0,0,0
13,34,47,3,1,18,0,0,0,0,0,fastexcel,java,441fb7a56b7134733a69748999af035117ca725a,1845ebb6c4bd9d997c14e2c42e602bd558f1c0b9,234.35,651.93,1.7818647322381052,3.3833394126542183e-06,-1.0,1,1
6,6,12,4,1,27,0,0,0,0,1,fastexcel,java,1845ebb6c4bd9d997c14e2c42e602bd558f1c0b9,3da36f267805ac99c80f1a180bbd7a5ff0a54e04,651.93,648.83,-0.004755111745125871,0.00897202481281498,0.5644444444444444,0,0
0,0,0,0,1,57,0,0,0,0,0,fastexcel,java,3da36f267805ac99c80f1a180bbd7a5ff0a54e04,eaf20cfafe855917853ba92db02ce077eae07c65,648.83,661.24,0.019126735816777842,5.052703540469845e-06,-0.9822222222222222,0,0
6,6,12,2,2,59,0,1,0,0,0,fastexcel,java,eaf20cfafe855917853ba92db02ce077eae07c65,8ca4378f6be59b749a7760f1d1a042a8bcb6f1eb,661.24,652.99,-0.012476559191821427,0.00018919298065443355,0.8044444444444444,0,0
0,0,0,0,1,74,0,0,0,0,0,fastexcel,java,8ca4378f6be59b749a7760f1d1a042a8bcb6f1eb,ba61c91c0c2ff3477b7f392f2d2f222ffece1d52,652.99,653.11,0.00018377004242025842,0.9338864180775845,-0.022222222222222223,0,0
104,13,117,10,1,95,0,0,0,0,0,fastexcel,java,ba61c91c0c2ff3477b7f392f2d2f222ffece1d52,989e162a720180c3e503fa525013c8496da8bb9f,653.11,652.89,-0.0003368498415275027,0.6783024655972324,-0.09333333333333334,0,0
15,5,20,2,1,13,0,0,0,0,0,fastexcel,java,989e162a720180c3e503fa525013c8496da8bb9f,1f7910774c1c1e6db41371ffcb999a6acd47134a,652.89,663.33,0.015990442494141516,9.073400856319234e-06,-0.9555555555555556,0,0
5,1,6,1,1,25,0,1,0,0,0,fastexcel,java,1f7910774c1c1e6db41371ffcb999a6acd47134a,d4b00cbf652b32205cdea86d16d739233ecf16fc,663.33,646.86,-0.024829270498846766,3.3918213908250945e-06,1.0,0,0
25,6,31,4,1,52,0,1,0,0,0,fastexcel,java,d4b00cbf652b32205cdea86d16d739233ecf16fc,e7f1e676d39b2aab769f8b683df6c12a8c7d38fa,646.86,658.13,0.017422626225149153,7.477207640048691e-06,-0.9644444444444444,0,0
6,6,12,2,5,245,0,1,0,0,0,fastexcel,java,e7f1e676d39b2aab769f8b683df6c12a8c7d38fa,ee2b8cdf124dce12f755a62c7a9ebea400e44001,658.13,659.7,0.0023855469284184737,0.6783024655972324,-0.09333333333333334,0,0
30,1,31,3,1,40,0,0,0,0,0,fastexcel,java,ee2b8cdf124dce12f755a62c7a9ebea400e44001,56c77c21dc810d581f989b3a3c1611d1d9bee2a8,659.7,649.86,-0.014915870850386587,1.6053092802023668e-05,0.9288888888888889,0,0
2,5,7,1,1,14,0,0,0,0,0,fastexcel,java,56c77c21dc810d581f989b3a3c1611d1d9bee2a8,01442d4c09d684389bcd0d74706a098ffd7df63a,649.86,658.27,0.012941248884375046,1.9351827710442478e-05,-0.92,0,0
0,0,0,0,1,62,0,0,0,0,0,fastexcel,java,01442d4c09d684389bcd0d74706a098ffd7df63a,3030fcc7e5c0cb718942e3f46d44f77a3ce0da53,658.27,661.81,0.005377732541358354,0.042110616791807005,-0.44,0,0
5,5,10,3,1,21,0,0,0,0,1,fastexcel,java,3030fcc7e5c0cb718942e3f46d44f77a3ce0da53,c4a8b0fec9ce6438fcd5876e5b8b1811f4b705b4,661.81,650.07,-0.017739230292682033,5.052703540469845e-06,0.9822222222222222,0,0
0,0,0,0,1,45,0,0,0,0,1,fastexcel,java,c4a8b0fec9ce6438fcd5876e5b8b1811f4b705b4,e1c06037c865785b42bdc3a5ec5d1c462a65c42a,650.07,657.82,0.011921793037672865,0.00042246757669391977,-0.76,0,0
4,4,8,3,1,21,0,0,0,0,1,fastexcel,java,e1c06037c865785b42bdc3a5ec5d1c462a65c42a,0f7a3ef55672fff6b342e8bcfe2b98ec9b24a67a,657.82,640.24,-0.026724635918640417,3.3918213908250945e-06,1.0,0,0
0,0,0,0,1,45,0,0,0,0,1,fastexcel,java,0f7a3ef55672fff6b342e8bcfe2b98ec9b24a67a,bea9c4ddd867df7822b8da3ee651eef67eacd036,640.24,645.22,0.007778333125078124,0.17106923105635186,-0.29777777777777775,0,0
6,0,6,1,1,20,0,0,0,0,0,fastexcel,java,bea9c4ddd867df7822b8da3ee651eef67eacd036,787eb88803069d17bac813bb7465a0f32c4c2e50,645.22,648.13,0.004510089581848002,0.08149464839345506,-0.37777777777777777,0,0
1,1,2,1,1,37,0,0,0,0,1,fastexcel,java,787eb88803069d17bac813bb7465a0f32c4c2e50,f7f8bce32bb86adc293b9b7e7c803489dac2ceef,648.13,644.67,-0.005338435190471104,0.0032301435955866646,0.6355555555555555,0,0
2,2,4,1,1,35,0,0,0,0,1,fastexcel,java,f7f8bce32bb86adc293b9b7e7c803489dac2ceef,fea3a2f5c42ebaac090161069b87c1ff213f3d5a,644.67,653.12,0.013107481347045846,1.9351827710442478e-05,-0.92,0,0
2,2,4,1,2,118,0,0,0,0,1,fastexcel,java,fea3a2f5c42ebaac090161069b87c1ff213f3d5a,77b46fd90d33afa884e32e34ca263d7dea45d62b,653.12,641.44,-0.017883390494855385,5.052703540469845e-06,0.9822222222222222,0,0
1,1,2,1,2,114,0,0,0,0,1,fastexcel,java,77b46fd90d33afa884e32e34ca263d7dea45d62b,8da9516c1f552972660e577ef2d2e3b099adfa84,641.44,651.01,0.014919555999002144,1.9310609710004882e-05,-0.92,0,0
1,1,2,1,1,38,0,0,0,0,1,fastexcel,java,8da9516c1f552972660e577ef2d2e3b099adfa84,8a8468fe97f83402a8afa3bfc5abb25b7f7ddf46,651.01,644.07,-0.010660358519838315,0.0010486736594676322,0.7066666666666667,0,0
0,0,0,0,1,81,0,0,0,0,0,fastexcel,java,8a8468fe97f83402a8afa3bfc5abb25b7f7ddf46,da9f90b13bdd086329cab6c4e4ada69b7c40b176,644.07,642.95,-0.0017389414194109406,0.2997046058214359,0.22666666666666666,0,0
1,1,2,1,1,37,0,0,0,0,1,fastexcel,java,da9f90b13bdd086329cab6c4e4ada69b7c40b176,a3ef175717bb3c3e62173dc79ec46f50c5a70b39,642.95,643.26,0.0004821525779608763,0.40673463585474257,-0.18222222222222223,0,0
0,0,0,0,1,80,0,0,0,0,0,fastexcel,java,a3ef175717bb3c3e62173dc79ec46f50c5a70b39,8d080677797a8210b17a1c5411396a16883b9ebe,643.26,643.85,0.0009172029972328947,0.38373262766250305,-0.19111111111111112,0,0
1,1,2,1,1,36,0,0,0,0,1,fastexcel,java,8d080677797a8210b17a1c5411396a16883b9ebe,bb5b5685544bac40641c5819b6831011bc5c4776,643.85,650.74,0.010701250291216876,0.0010500284893971504,-0.7066666666666667,0,0
0,0,0,0,1,80,0,0,0,0,0,fastexcel,java,bb5b5685544bac40641c5819b6831011bc5c4776,ca8fff1564825dd8b81e630de37861482e694b20,650.74,653.84,0.004763807357777335,0.11498741920155964,-0.3422222222222222,0,0
1,1,2,1,1,36,0,0,0,0,1,fastexcel,java,ca8fff1564825dd8b81e630de37861482e694b20,189964ce3acf3bf3c2b41a76a81b2d3f377ab841,653.84,651.59,-0.0034412088584363145,0.3195059648919748,0.21777777777777776,0,0
0,0,0,0,1,80,0,0,0,0,0,fastexcel,java,189964ce3acf3bf3c2b41a76a81b2d3f377ab841,408a76fd9a4b10d7cb68f09383e8e586658814a1,651.59,644.25,-0.011264752374959762,0.00042246757669391977,0.76,0,0
1,1,2,1,1,36,0,0,0,0,1,fastexcel,java,408a76fd9a4b10d7cb68f09383e8e586658814a1,bd28c04b1018b383a2a35478cafc44e640b53e97,644.25,641.0,-0.005044625533566162,0.11498741920155964,0.3422222222222222,0,0
0,0,0,0,1,80,0,0,0,0,0,fastexcel,java,bd28c04b1018b383a2a35478cafc44e640b53e97,92d5613195f685f798524de02f1f123c64e9bbb5,641.0,653.39,0.019329173166926655,4.143220097537536e-06,-0.9911111111111112,0,0
1,1,2,1,1,36,0,0,0,0,1,fastexcel,java,92d5613195f685f798524de02f1f123c64e9bbb5,330aba55c69ea826a9c47fe6d1ed2fe4ae4ce3b0,653.39,650.16,-0.004943448782503587,0.12486035998214667,0.3333333333333333,0,0
0,0,0,0,1,80,0,0,0,0,0,fastexcel,java,330aba55c69ea826a9c47fe6d1ed2fe4ae4ce3b0,210b38938294e32c970017d0b04797d9a2b1b7d2,650.16,644.76,-0.008305647840531527,0.0018654646290708888,0.6711111111111111,0,0
18,6,24,2,1,36,0,0,0,0,0,fastexcel,java,210b38938294e32c970017d0b04797d9a2b1b7d2,bfc03e9aab13d200d02806a20b1846df471aaf2a,644.76,641.85,-0.004513307277126323,0.08149464839345506,0.37777777777777777,0,0
4,0,4,1,1,15,0,0,0,0,0,fastexcel,java,bfc03e9aab13d200d02806a20b1846df471aaf2a,eb4a99ff6e34cfd0580831a5c03a00d0a4bbf449,641.85,653.08,0.017496299758510584,1.3294722762606463e-05,-0.9377777777777778,0,0
3,6,9,1,1,28,0,0,0,0,0,fastexcel,java,eb4a99ff6e34cfd0580831a5c03a00d0a4bbf449,23d6c25cec1f8afb57dee03080e09f732aed244d,653.08,652.32,-0.0011637165431493705,0.9669147771731937,0.013333333333333334,0,0
18,27,45,2,1,41,0,0,0,0,1,fastexcel,java,23d6c25cec1f8afb57dee03080e09f732aed244d,7c32808e78e3018cf3a1d5529026335f6e31fe47,652.32,651.38,-0.0014410105469708954,0.3400858902842717,0.2088888888888889,0,0
1,1,2,1,1,35,0,0,0,0,1,fastexcel,java,7c32808e78e3018cf3a1d5529026335f6e31fe47,435bdc79414fe59a49123020e78a704e8653f06e,651.38,650.96,-0.0006447849181736606,0.9338864180775845,-0.022222222222222223,0,0
0,0,0,0,1,70,0,0,0,0,1,fastexcel,java,435bdc79414fe59a49123020e78a704e8653f06e,07034cb33cef4cfef291f18eb5499b19aa24a858,650.96,645.65,-0.008157183237065348,1.6053092802023668e-05,0.9288888888888889,0,0
1,1,2,1,1,36,0,0,0,0,1,fastexcel,java,07034cb33cef4cfef291f18eb5499b19aa24a858,682efef0c931786c736d267455e93cce2e0fc88f,645.65,640.78,-0.007542786339347951,0.01706732188205732,0.5155555555555555,0,0
0,0,0,0,1,80,0,0,0,0,0,fastexcel,java,682efef0c931786c736d267455e93cce2e0fc88f,1da7c76faa9977df7491c67b1e83108ce65728e4,640.78,643.2,0.00377664721121145,0.15846460599820356,-0.30666666666666664,0,0
26,17,43,3,4,94,0,0,0,0,0,fastexcel,java,1da7c76faa9977df7491c67b1e83108ce65728e4,83184e0bbff42b00634ec5438166fe656492c039,643.2,644.05,0.0013215174129351818,0.5897385933186072,-0.12,0,0
7,3,10,2,6,321,0,0,0,0,1,fastexcel,java,83184e0bbff42b00634ec5438166fe656492c039,9b226e2f1b5339a8650c7357c1072e54aa74dce9,644.05,651.97,0.012297181895815657,4.0199730927471705e-05,-0.8844444444444445,0,0
2,3,5,2,3,70,0,0,0,0,1,fastexcel,java,9b226e2f1b5339a8650c7357c1072e54aa74dce9,4cb9c43d00f3e4f7e87dc5f77ab831890085db12,651.97,642.43,-0.014632575118487165,2.3290004782067234e-05,0.9111111111111111,0,0
0,0,0,0,1,80,0,0,0,0,0,fastexcel,java,4cb9c43d00f3e4f7e87dc5f77ab831890085db12,f9ceeb5ad7a0ba7b677bc2f196191734a32cdb8a,642.43,650.08,0.011907912146070532,0.0032301435955866646,-0.6355555555555555,0,0
1,1,2,1,1,36,0,0,0,0,1,fastexcel,java,f9ceeb5ad7a0ba7b677bc2f196191734a32cdb8a,5ea976f637f8bf07121530a25df26ed330624a18,650.08,647.55,-0.003891828698006532,0.1985058531538877,0.28,0,0
0,0,0,0,1,80,0,0,0,0,0,fastexcel,java,5ea976f637f8bf07121530a25df26ed330624a18,ff2bbc529824caef6a3404c97444905637548a4f,647.55,645.9,-0.0025480657864257236,0.5338294217441396,0.13777777777777778,0,0
1,1,2,1,1,35,0,0,0,0,1,fastexcel,java,ff2bbc529824caef6a3404c97444905637548a4f,93d0e3cd3eda2d168a8d4c2714bccbfdc79ecc3c,645.9,648.66,0.004273107292150474,0.28084201086629845,-0.23555555555555555,0,0
0,0,0,0,1,83,0,0,0,0,0,fastexcel,java,93d0e3cd3eda2d168a8d4c2714bccbfdc79ecc3c,315e05620e63866ea0009cf0d9e8ee269c7c4c3a,648.66,648.78,0.00018499676255666228,0.8682259903524354,-0.04,0,0
4,0,4,1,1,12,0,0,0,0,0,fastexcel,java,315e05620e63866ea0009cf0d9e8ee269c7c4c3a,d539a89bf0c4f15b943f16f35a336f9e02bb22d7,648.78,642.91,-0.009047751163722686,0.0012151954178690621,0.6977777777777778,0,0
0,0,0,0,1,67,0,0,0,0,0,fastexcel,java,d539a89bf0c4f15b943f16f35a336f9e02bb22d7,698d5f3ef12ce89bb211951406b0995532b0ffb9,642.91,649.54,0.010312485417865636,0.0012151954178690621,-0.6977777777777778,0,0
25,6,31,2,1,20,0,0,0,0,0,fastexcel,java,698d5f3ef12ce89bb211951406b0995532b0ffb9,10d5af4073b3ca6be8a78435adab7d51aa79afb1,649.54,628.83,-0.03188410259568298,3.3918213908250945e-06,1.0,0,0
0,0,0,0,1,57,0,0,0,0,0,fastexcel,java,10d5af4073b3ca6be8a78435adab7d51aa79afb1,dde98b69551cc2ccc82b0daa73e7cc8823a55ab5,628.83,630.98,0.0034190480734061306,0.05368443668645761,-0.4177777777777778,0,0
1,1,2,1,1,35,0,0,0,0,1,fastexcel,java,dde98b69551cc2ccc82b0daa73e7cc8823a55ab5,a9515a9da6072a084717f42927be9355c6fa5fdb,630.98,631.95,0.0015372911978193086,0.6482039260122094,0.10222222222222223,0,0
0,0,0,0,1,84,0,0,0,0,0,fastexcel,java,a9515a9da6072a084717f42927be9355c6fa5fdb,b049d808093517e4f53b989c34a169b2594cb093,631.95,630.37,-0.0025001978004589617,0.6482039260122094,0.10222222222222223,0,0
1,1,2,1,1,46,0,0,0,0,1,fastexcel,java,b049d808093517e4f53b989c34a169b2594cb093,597b0e3b2656569e469b0f3e5ae9c96d7f18d84f,630.37,630.89,0.0008249123530624582,0.3195059648919748,-0.21777777777777776,0,0
2,2,4,1,1,53,0,0,0,0,1,fastexcel,java,597b0e3b2656569e469b0f3e5ae9c96d7f18d84f,5d2a6627f3e2e4f54423c66856ce31127da06e81,630.89,630.41,-0.0007608299386581151,0.24548500120312422,0.25333333333333335,0,0
0,0,0,0,1,108,0,0,0,0,0,fastexcel,java,5d2a6627f3e2e4f54423c66856ce31127da06e81,905120f7f03d32a99074060168db432de55d2d57,630.41,629.26,-0.0018242096413444858,0.9009714934164412,0.03111111111111111,0,0
1,1,2,1,2,151,0,0,0,0,1,fastexcel,java,905120f7f03d32a99074060168db432de55d2d57,bc5d83d55257dcefc75b828e6ccf4df2d547e527,629.26,630.75,0.0023678606617296653,0.4553018964198552,-0.16444444444444445,0,0
1,1,2,1,1,54,0,0,0,0,1,fastexcel,java,bc5d83d55257dcefc75b828e6ccf4df2d547e527,43ddc92e5c1a177eb1027ea6a498f46376db313d,630.75,630.56,-0.0003012286959969157,0.6783024655972324,-0.09333333333333334,0,0
0,0,0,0,1,108,0,0,0,0,0,fastexcel,java,43ddc92e5c1a177eb1027ea6a498f46376db313d,bc94041ebde4a54188a91f0c9fc3437ce9a189a5,630.56,631.64,0.0017127632580563959,0.46787129814814044,-0.16,0,0
1,1,2,1,1,54,0,0,0,0,1,fastexcel,java,bc94041ebde4a54188a91f0c9fc3437ce9a189a5,34980820029ccd8618b2c1f706b14a30ad72803d,631.64,628.92,-0.0043062503957951165,0.06196961991403871,0.40444444444444444,0,0
0,0,0,0,1,108,0,0,0,0,0,fastexcel,java,34980820029ccd8618b2c1f706b14a30ad72803d,6b552b0dc1442ea219c81ce62ffdd81d449c25fd,628.92,629.11,0.0003021051962094616,0.5068203897297396,-0.14666666666666667,0,0
1,1,2,1,1,35,0,0,0,0,1,fastexcel,java,6b552b0dc1442ea219c81ce62ffdd81d449c25fd,c8f5426715adc9e4ec1fd238ec1cf15183b35179,629.11,724.05,0.15091160528365458,3.3918213908250945e-06,-1.0,0,0
0,0,0,0,1,84,0,0,0,0,0,fastexcel,java,c8f5426715adc9e4ec1fd238ec1cf15183b35179,630370a54b498ebb74aea83f7a30f9bd6254ed10,724.05,721.58,-0.0034113666183273445,0.8034625743147712,0.057777777777777775,0,0
1,1,2,1,1,35,0,0,0,0,1,fastexcel,java,630370a54b498ebb74aea83f7a30f9bd6254ed10,abb9e7f332c59267c90d1cd31167d0d12dc0ddde,721.58,632.73,-0.1231325701931872,3.3918213908250945e-06,1.0,0,0
0,0,0,0,1,84,0,0,0,0,0,fastexcel,java,abb9e7f332c59267c90d1cd31167d0d12dc0ddde,57a0b95f22e49f59112ae766a41f44fb080a084d,632.73,630.91,-0.002876424383228312,0.9669147771731937,0.013333333333333334,0,0
1,1,2,1,1,35,0,0,0,0,1,fastexcel,java,57a0b95f22e49f59112ae766a41f44fb080a084d,847fcdd372a83eabc57bcff9f191d2f0d582b54e,630.91,633.98,0.004865987224802349,0.042110616791807005,-0.44,0,0
0,0,0,0,1,70,0,0,0,0,1,fastexcel,java,847fcdd372a83eabc57bcff9f191d2f0d582b54e,244e56b630caa1f392bcaa75b1a12340886e1096,633.98,631.22,-0.004353449635635179,0.05123941919274439,0.4222222222222222,0,0
272,11,283,8,1,49,0,0,0,0,0,fastexcel,java,244e56b630caa1f392bcaa75b1a12340886e1096,f139693cdf74f6102f07ecb1c895257f6f6915d3,631.22,630.38,-0.0013307563131713695,0.8682259903524354,0.04,0,0
12,273,285,9,1,46,0,0,0,0,1,fastexcel,java,f139693cdf74f6102f07ecb1c895257f6f6915d3,78cdc83d817fd0792b8feb14904bc0aa4939a934,630.38,631.23,0.0013483930327739186,0.6782686817942617,-0.09333333333333334,0,0
0,0,0,0,1,105,0,0,0,0,0,fastexcel,java,78cdc83d817fd0792b8feb14904bc0aa4939a934,ad3193bc9cd0e76fa4c5f9705d0301607df04512,631.23,632.1,0.001378261489472941,1.0,0.0044444444444444444,0,0
1,1,2,1,1,54,0,0,0,0,1,fastexcel,java,ad3193bc9cd0e76fa4c5f9705d0301607df04512,72bc16dfa685424860663588dbe97cb2e01a40fd,632.1,631.37,-0.0011548805568739411,0.9669147771731937,-0.013333333333333334,0,0
0,0,0,0,1,108,0,0,0,0,0,fastexcel,java,72bc16dfa685424860663588dbe97cb2e01a40fd,6fc35d23f751d875c9aa94a91342f6faa257396b,631.37,630.33,-0.001647211619177287,0.6186695570822622,0.1111111111111111,0,0
1,1,2,1,1,35,0,0,0,0,1,fastexcel,java,6fc35d23f751d875c9aa94a91342f6faa257396b,543c59e3aa885d734a4ea475c097a47200f5daf3,630.33,631.92,0.002522488220455822,0.9338864180775845,-0.022222222222222223,0,0
0,0,0,0,1,83,0,0,0,0,0,fastexcel,java,543c59e3aa885d734a4ea475c097a47200f5daf3,9a372f8da55ce4b04fb793ddf67f8da5c01e8506,631.92,630.75,-0.0018515001898973906,0.7874391974257231,0.06222222222222222,0,0
1,1,2,1,1,40,0,0,0,0,1,fastexcel,java,9a372f8da55ce4b04fb793ddf67f8da5c01e8506,3f9a1d215eaa17650a7dc8e196ce64625f7eb3ed,630.75,631.88,0.001791518034086398,0.5897385933186072,-0.12,0,0
0,0,0,0,1,85,0,0,0,0,0,fastexcel,java,3f9a1d215eaa17650a7dc8e196ce64625f7eb3ed,1cfffaf8a362194e9b2c9188413949fbde0753f7,631.88,632.78,0.0014243210736215378,0.6186695570822622,-0.1111111111111111,0,0
1,1,2,1,1,40,0,0,0,0,1,fastexcel,java,1cfffaf8a362194e9b2c9188413949fbde0753f7,8b8ee8ba6505841422894e340aca28a6b59abbf4,632.78,628.64,-0.006542558235089584,0.17106923105635186,0.29777777777777775,0,0
0,0,0,0,1,85,0,0,0,0,0,fastexcel,java,8b8ee8ba6505841422894e340aca28a6b59abbf4,e390a84b8fd91f094e5602095e1d32f8b7cce499,628.64,629.95,0.002083863578518801,0.4552517444125014,-0.16444444444444445,0,0
6,0,6,1,1,33,0,0,0,0,0,fastexcel,java,e390a84b8fd91f094e5602095e1d32f8b7cce499,1cdf8c22ed2d2ed87bff8aa5004c7abdc5b819c4,629.95,628.77,-0.0018731645368681063,0.4806822967560067,0.15555555555555556,0,0
0,0,0,0,1,54,0,0,0,0,0,fastexcel,java,1cdf8c22ed2d2ed87bff8aa5004c7abdc5b819c4,0c6152be0de7334a302c307080a40a16f051cb3b,628.77,631.51,0.004357714267538224,0.28084201086629845,-0.23555555555555555,0,0
1,1,2,1,1,35,0,0,0,0,1,fastexcel,java,0c6152be0de7334a302c307080a40a16f051cb3b,b00c597b45efe8c638f8a9c8a4327c4db5b18f2a,631.51,628.86,-0.004196291428480907,0.1844100692216365,0.28888888888888886,0,0
0,0,0,0,1,79,0,0,0,0,0,fastexcel,java,b00c597b45efe8c638f8a9c8a4327c4db5b18f2a,7747a11daa10f55bfe09f67effa90a21edfc9c38,628.86,631.23,0.003768724358362759,0.6783024655972324,-0.09333333333333334,0,0
1,1,2,1,1,46,0,0,0,0,1,fastexcel,java,7747a11daa10f55bfe09f67effa90a21edfc9c38,15614a7951ae0ac779abedf56d23f067ae0d959f,631.23,632.35,0.0017743136416203357,0.5338294217441396,-0.13777777777777778,0,0
0,0,0,0,1,105,0,0,0,0,0,fastexcel,java,15614a7951ae0ac779abedf56d23f067ae0d959f,6451183abad2729c08cdae491f06d342acd84c19,632.35,631.29,-0.0016762868664506351,0.8845613440989442,0.035555555555555556,0,0
1,1,2,1,1,35,0,0,0,0,1,fastexcel,java,6451183abad2729c08cdae491f06d342acd84c19,a38a72ad0654dae7c1030870a4e2787c8d750db5,631.29,628.82,-0.00391262335851972,0.0744956919139866,0.38666666666666666,0,0
0,0,0,0,1,84,0,0,0,0,0,fastexcel,java,a38a72ad0654dae7c1030870a4e2787c8d750db5,2a28dcfb556eff0b4cbbb0f74bd17008768617b3,628.82,630.84,0.0032123660188925,0.506914933812496,-0.14666666666666667,0,0
1,1,2,1,1,35,0,0,0,0,1,fastexcel,java,2a28dcfb556eff0b4cbbb0f74bd17008768617b3,f3807492bd0f54511cf70f0ace6fcd52541ea414,630.84,628.95,-0.0029960053262316692,0.6186695570822622,0.1111111111111111,0,0
0,0,0,0,1,79,0,0,0,0,0,fastexcel,java,f3807492bd0f54511cf70f0ace6fcd52541ea414,e44d23084d40e02c2aa4246b085fc7d50b6f1cec,628.95,631.07,0.003370697193735598,0.2901428023540349,-0.2311111111111111,0,0
88,1,89,2,1,35,0,0,0,0,0,fastexcel,java,e44d23084d40e02c2aa4246b085fc7d50b6f1cec,0ee070943399c47131d8d06f736b750e44dc1600,631.07,629.19,-0.0029790672983979515,0.2997583700887151,0.22666666666666666,0,0
273,99,372,9,2,90,0,0,0,0,0,fastexcel,java,0ee070943399c47131d8d06f736b750e44dc1600,24ded3a8dc7aff3ce410fe279f2a582c29834b1d,629.19,629.71,0.0008264594160746066,1.0,-0.0044444444444444444,0,0
53,53,106,7,1,45,0,1,0,0,0,fastexcel,java,24ded3a8dc7aff3ce410fe279f2a582c29834b1d,e39a96822bbd86f755adf591c3e856185fa7d05e,629.71,632.78,0.004875260040335927,0.06196961991403871,-0.40444444444444444,0,0
57,0,57,2,1,58,0,0,1,0,0,fastexcel,java,e39a96822bbd86f755adf591c3e856185fa7d05e,18dff539b812fb306025a522328bbdd5286fcf26,632.78,630.0,-0.004393312051581865,0.1408494216179361,0.32,0,0
118,341,459,11,2,92,0,0,0,0,0,fastexcel,java,18dff539b812fb306025a522328bbdd5286fcf26,23049b32e21b5d24280dc744b85224cd040e5b80,630.0,632.1,0.0033333333333333695,0.48073111045562256,-0.15555555555555556,0,0
1,1,2,1,1,28,0,0,0,0,0,fastexcel,java,23049b32e21b5d24280dc744b85224cd040e5b80,220e47e0af5f28589fd7066a8abf527e0034d07b,632.1,628.14,-0.006264831514001007,0.26275304114766074,0.24444444444444444,0,0
0,0,0,0,1,47,0,0,0,0,0,fastexcel,java,220e47e0af5f28589fd7066a8abf527e0034d07b,4a483c5abe60093d18552fe3247a336acd740360,628.14,629.0,0.0013691215334161392,1.0,0.0044444444444444444,0,0
339,21,360,10,6,252,0,1,1,0,0,fastexcel,java,4a483c5abe60093d18552fe3247a336acd740360,c4a98decdea8d31bd702f04d1a9b03dc99d64883,629.0,630.17,0.001860095389507089,0.9503844315376063,0.017777777777777778,0,0
1,1,2,1,1,40,0,0,0,0,1,fastexcel,java,c4a98decdea8d31bd702f04d1a9b03dc99d64883,1210d415a9b67a2a77ebefd1005b227791d3940f,630.17,630.4,0.00036498087817575926,0.7088923275427439,-0.08444444444444445,0,0
0,0,0,0,1,94,0,0,0,0,0,fastexcel,java,1210d415a9b67a2a77ebefd1005b227791d3940f,0c42aceb689550fb0066922729880e508963a183,630.4,628.29,-0.0033470812182741336,0.8195061989586025,0.05333333333333334,0,0
1,1,2,1,1,35,0,0,0,0,1,fastexcel,java,0c42aceb689550fb0066922729880e508963a183,82fe45b5bd70aaee48a0c95a985ebf8d0bf9c5f4,628.29,628.47,0.00028649190660373977,0.5614474146848649,0.1288888888888889,0,0
0,0,0,0,1,70,0,0,0,0,1,fastexcel,java,82fe45b5bd70aaee48a0c95a985ebf8d0bf9c5f4,5dd0fd65c54672419e7b09440438d7876058a835,628.47,628.04,-0.0006842013143030911,0.9338864180775845,-0.022222222222222223,0,0
11,6,17,2,3,99,0,0,0,0,0,fastexcel,java,5dd0fd65c54672419e7b09440438d7876058a835,c53921f8d4bc0982c9526aabf2d56799fca70303,628.04,628.49,0.0007165148716642976,0.7400217511938185,0.07555555555555556,0,0
19,24,43,9,1,23,0,0,0,0,0,fastexcel,java,c53921f8d4bc0982c9526aabf2d56799fca70303,06ce0c3bacbe6b1ab845b0355dcbba6ecfdbe1bc,628.49,626.98,-0.002402583971105333,0.8357050269952793,-0.04888888888888889,0,0
15,6,21,2,6,271,0,0,0,0,0,fastexcel,java,06ce0c3bacbe6b1ab845b0355dcbba6ecfdbe1bc,4eae712227285ef1faec56b3fc497621ccdfb0d9,626.98,629.15,0.00346103543972688,0.35063394347705956,-0.20444444444444446,0,0
3,2,5,3,3,70,0,1,0,0,1,fastexcel,java,4eae712227285ef1faec56b3fc497621ccdfb0d9,3ed0901b6f4e0b342e643b1c137901cd359c91c6,629.15,627.9,-0.001986807597552253,0.506914933812496,0.14666666666666667,0,0
2,1,3,1,1,17,0,0,0,0,0,fastexcel,java,3ed0901b6f4e0b342e643b1c137901cd359c91c6,76e82ebdad417a81191301d77b348e246a40c983,627.9,631.47,0.00568561872909707,0.1299959379431517,-0.3288888888888889,0,0
37,10,47,3,2,42,1,1,0,0,0,fastexcel,java,76e82ebdad417a81191301d77b348e246a40c983,0af81357d20135b2fbe8605e95878787411b61b1,631.47,626.14,-0.008440622674078009,0.014396852751179462,0.5288888888888889,0,0
19,1,20,1,1,29,0,0,1,0,0,fastexcel,java,0af81357d20135b2fbe8605e95878787411b61b1,4bb02db6bf0c71ad3e9b5fc0cd7c111a238dfb6f,626.14,634.58,0.013479413549685461,0.00026216888813650863,-0.7866666666666666,0,0
14,60,74,2,1,29,0,1,0,0,0,fastexcel,java,4bb02db6bf0c71ad3e9b5fc0cd7c111a238dfb6f,7c8508a6821eee4fdb91bfef49d2b3844f566ff9,634.58,632.72,-0.0029310725204072198,0.21337370709311831,0.27111111111111114,0,0
17,11,28,2,1,12,0,1,0,0,0,fastexcel,java,7c8508a6821eee4fdb91bfef49d2b3844f566ff9,2328311c7c86015f4e24cea36623d4a8ad0e63b2,632.72,631.58,-0.0018017448476419053,0.5614474146848649,0.1288888888888889,0,0
11,17,28,2,2,97,0,1,0,0,0,fastexcel,java,2328311c7c86015f4e24cea36623d4a8ad0e63b2,aea6b126e65caf7614d2cc8476df1effb8b9e1b1,631.58,629.89,-0.00267582887361863,0.1646291514875744,0.3022222222222222,0,0
16,11,27,2,2,24,0,1,0,0,0,fastexcel,java,aea6b126e65caf7614d2cc8476df1effb8b9e1b1,28fb80c5c9dca41143b55c1094f1836c3b6f79a3,629.89,627.52,-0.0037625617171252197,0.2997583700887151,0.22666666666666666,0,0
49,22,71,3,3,82,1,0,1,0,0,fastexcel,java,28fb80c5c9dca41143b55c1094f1836c3b6f79a3,416bfc00f1f1d31b148f7a4055951f15f8055a99,627.52,632.79,0.00839813870474245,0.00897202481281498,-0.5644444444444444,0,0
32,59,91,3,5,175,0,1,0,0,0,fastexcel,java,416bfc00f1f1d31b148f7a4055951f15f8055a99,f0441d224b17fb238c14b3094ed5763ba93fb90e,632.79,627.88,-0.007759288231482748,0.03808828420629213,0.4488888888888889,0,0
48,16,64,2,4,153,1,0,1,0,0,fastexcel,java,f0441d224b17fb238c14b3094ed5763ba93fb90e,ee950a4dc1146e30d41389476321d4dd2353980e,627.88,636.79,0.014190609670637651,0.001619713575230349,-0.68,0,0
3,2,5,1,3,124,0,0,0,0,0,fastexcel,java,ee950a4dc1146e30d41389476321d4dd2353980e,e2441bdee00d4507f3e038ef236c8aa380fd0819,636.79,632.26,-0.007113805179101388,0.22105065342981212,0.26666666666666666,0,0
1,1,2,1,1,37,0,0,0,0,0,fastexcel,java,e2441bdee00d4507f3e038ef236c8aa380fd0819,8b4e6fb3aed492aa0a544a6a04b6cca4a2c62ce2,632.26,635.73,0.005488248505361761,0.07115347874462595,-0.39111111111111113,0,0
0,0,0,0,1,66,0,0,0,0,0,fastexcel,java,8b4e6fb3aed492aa0a544a6a04b6cca4a2c62ce2,c076187a0700e3f4ea4210ce2de9f7bdf7ed051d,635.73,633.28,-0.0038538373208752857,0.04648668639528603,0.4311111111111111,0,0
2,2,4,2,2,63,0,0,0,0,1,fastexcel,java,c076187a0700e3f4ea4210ce2de9f7bdf7ed051d,ad29f231c55415b48e8de9a963df6893430c49d9,633.28,633.89,0.0009632390096008301,0.9009714934164412,-0.03111111111111111,0,0
1,1,2,1,1,57,0,0,0,0,1,fastexcel,java,ad29f231c55415b48e8de9a963df6893430c49d9,b3ea092db358b0fe7517006f1f65dc3aae6f2cd9,633.89,634.38,0.0007730047800091642,0.9009714934164412,-0.03111111111111111,0,0
10,1,11,3,1,24,0,0,0,0,0,fastexcel,java,b3ea092db358b0fe7517006f1f65dc3aae6f2cd9,50c7ad992782d9c15edc9bd1a9642e3602c7889c,634.38,633.29,-0.0017182130584192943,0.7400217511938185,0.07555555555555556,0,0
14,0,14,1,1,14,0,0,1,0,0,fastexcel,java,50c7ad992782d9c15edc9bd1a9642e3602c7889c,d0ad9f554c04d60e7ecd215a649b5d26e2fc3670,633.29,630.98,-0.0036476179949153555,0.08901797772326324,0.3688888888888889,0,0
8,0,8,2,2,39,0,0,0,0,0,fastexcel,java,d0ad9f554c04d60e7ecd215a649b5d26e2fc3670,996f84d961ea7ea1602d4e1db597a54266ce97f7,630.98,633.71,0.004326603061903734,0.02253107159485839,-0.49333333333333335,0,0
2,2,4,2,2,34,0,0,1,0,0,fastexcel,java,996f84d961ea7ea1602d4e1db597a54266ce97f7,b09c9d892b6324c0f789b0bc6e18be66d77595ee,633.71,631.9,-0.0028561960518219045,0.1844100692216365,0.28888888888888886,0,0
3,0,3,1,1,19,0,0,0,0,0,fastexcel,java,b09c9d892b6324c0f789b0bc6e18be66d77595ee,cc203ff503ac1ed9aa9a130cb89794b8a2683b5a,631.9,632.1,0.00031650577623048816,1.0,0.0044444444444444444,0,0
12,38,50,8,1,18,0,1,0,0,0,fastexcel,java,cc203ff503ac1ed9aa9a130cb89794b8a2683b5a,3ed06af63b4e5f7ad1b844b9fa8992efd5dfb4bb,632.1,632.97,0.0013763644992880945,0.5338294217441396,-0.13777777777777778,0,0
35,1,36,5,8,201,0,0,1,0,0,fastexcel,java,3ed06af63b4e5f7ad1b844b9fa8992efd5dfb4bb,acf9829fe33f205bfa03a07efdfbda2c2671e569,632.97,635.66,0.004249806467920977,0.15846460599820356,-0.30666666666666664,0,0
272,4,276,4,1,30,0,0,0,0,0,fastexcel,java,acf9829fe33f205bfa03a07efdfbda2c2671e569,7896c2c27499330ca5484bb72780f602dae4e0fc,635.66,633.94,-0.002705849038794188,0.35063394347705956,0.20444444444444446,0,0
145,101,246,4,1,33,0,0,0,0,0,fastexcel,java,7896c2c27499330ca5484bb72780f602dae4e0fc,7492c901dd9a57c6a5b54e7ba7653d28fe97fa20,633.94,217.69,-0.6566078808720068,3.3918213908250945e-06,1.0,0,0
51,13,64,2,1,31,0,0,1,0,0,fastexcel,java,7492c901dd9a57c6a5b54e7ba7653d28fe97fa20,51b0fc7e55f2b36d377f7ec3625871f536ba4f00,217.69,217.37,-0.0014699802471403976,0.1844100692216365,0.28888888888888886,0,0
3,3,6,1,1,17,0,0,1,0,0,fastexcel,java,51b0fc7e55f2b36d377f7ec3625871f536ba4f00,2229a320e8330b9ac82b0f3aff551f681b4af72e,217.37,633.93,1.9163638036527577,3.3918213908250945e-06,-1.0,1,1
0,0,0,0,1,74,0,0,0,0,0,fastexcel,java,2229a320e8330b9ac82b0f3aff551f681b4af72e,ce0a96abf0ddde737549cdbb1d068d72ad02ebf0,633.93,634.43,0.0007887306169450886,0.5068676685018398,-0.14666666666666667,0,0
1,1,2,1,1,19,0,1,0,0,0,fastexcel,java,ce0a96abf0ddde737549cdbb1d068d72ad02ebf0,4a4ba4e2e01165af04f015b2739ea0385993980c,634.43,632.85,-0.0024904244755133385,0.7715264784488729,0.06666666666666667,0,0
0,0,0,0,1,56,0,0,0,0,0,fastexcel,java,4a4ba4e2e01165af04f015b2739ea0385993980c,bb0d9831ed481d8df760819fadd2ff8e9beb63f7,632.85,635.31,0.003887177056174327,0.24548500120312422,-0.25333333333333335,0,0
1,1,2,1,1,54,0,0,0,0,1,fastexcel,java,bb0d9831ed481d8df760819fadd2ff8e9beb63f7,89b24bae138a0689e28941b9b0d7c7465e59303e,635.31,633.44,-0.002943444932395037,0.1985058531538877,0.28,0,0
1,1,2,1,1,54,0,0,0,0,1,fastexcel,java,89b24bae138a0689e28941b9b0d7c7465e59303e,3c1b1658d94a4c80181ffc0ff7369aa8db88cc9c,633.44,633.73,0.0004578176307147695,0.8682259903524354,-0.04,0,0
72,0,72,2,1,32,0,0,1,0,0,fastexcel,java,3c1b1658d94a4c80181ffc0ff7369aa8db88cc9c,f283630c499d70343dd6d3c59d7c61321b66d8f1,633.73,226.49,-0.6426080507471637,3.3918213908250945e-06,1.0,0,0
19,72,91,5,1,28,0,1,1,0,0,fastexcel,java,f283630c499d70343dd6d3c59d7c61321b66d8f1,327cbd9adcbc821470e16bb2026024dd1ba2fef0,226.49,650.71,1.8730186763212504,3.3918213908250945e-06,-1.0,1,1
0,0,0,0,1,47,0,0,0,0,0,fastexcel,java,327cbd9adcbc821470e16bb2026024dd1ba2fef0,b6bb7c948e3f90bae73d31a6b870d0321f8b16d7,650.71,650.41,-0.00046103486960407585,1.0,-0.0044444444444444444,0,0
1,1,2,1,1,48,0,0,0,0,1,fastexcel,java,b6bb7c948e3f90bae73d31a6b870d0321f8b16d7,25919f1a138b968baba4b5f2b515155ea727eea1,650.41,653.49,0.004735474546824374,0.6040860725185493,-0.11555555555555555,0,0
140,37,177,7,1,14,0,1,0,0,0,fastexcel,java,25919f1a138b968baba4b5f2b515155ea727eea1,f604dad4a99ef5ec042c95f77b5c08c595b6b928,653.49,719.0,0.10024636949302972,3.3918213908250945e-06,-1.0,0,0
6,0,6,1,1,15,0,0,0,0,0,fastexcel,java,f604dad4a99ef5ec042c95f77b5c08c595b6b928,a33a5c9e68e80ef9499c040709f13b2113ec0744,719.0,719.64,0.0008901251738525541,0.8034625743147712,0.057777777777777775,0,0
37,146,183,7,4,201,0,1,1,0,1,fastexcel,java,a33a5c9e68e80ef9499c040709f13b2113ec0744,abe17e45d8c306289c0ac04f5ffe4f7f10a0f25a,719.64,651.92,-0.09410260685898508,3.3918213908250945e-06,1.0,0,0
170,22,192,5,3,66,0,0,1,0,0,fastexcel,java,abe17e45d8c306289c0ac04f5ffe4f7f10a0f25a,3db3a17068c5f51c8969219e76eeb038093ae166,651.92,675.17,0.0356638851392809,3.3918213908250945e-06,-1.0,0,0
22,4,26,4,6,281,0,1,1,0,1,fastexcel,java,3db3a17068c5f51c8969219e76eeb038093ae166,1e103eb08a86c69cdb26e05d6fee4466d87a01af,675.17,690.05,0.022038893908200893,3.3918213908250945e-06,-1.0,0,0
148,205,353,9,3,57,0,1,0,0,0,fastexcel,java,1e103eb08a86c69cdb26e05d6fee4466d87a01af,7a59e81290e6605538e00fea314b6ac0dcfeac36,690.05,719.46,0.04262009999275427,3.3918213908250945e-06,-1.0,0,0
188,3,191,5,11,424,0,1,1,0,1,fastexcel,java,7a59e81290e6605538e00fea314b6ac0dcfeac36,add100a69efaeb1202563663034c8d25f9dd1c22,719.46,780.82,0.08528618686236901,3.3918213908250945e-06,-1.0,0,0
247,97,344,11,2,36,0,0,0,0,0,fastexcel,java,add100a69efaeb1202563663034c8d25f9dd1c22,908d88be063a188a67635d28e2481c90a1cb69b5,780.82,229.4,-0.7062062959452884,3.3918213908250945e-06,1.0,0,0
98,248,346,12,1,54,0,0,0,0,1,fastexcel,java,908d88be063a188a67635d28e2481c90a1cb69b5,462b8d9106caddd9a8d7ab41a1e312891113266a,229.4,778.72,2.3945945945945946,3.3918213908250945e-06,-1.0,1,1
259,101,360,12,3,54,0,0,0,0,0,fastexcel,java,462b8d9106caddd9a8d7ab41a1e312891113266a,c8e19821f878754bf8bc168348a7825b777654b1,778.72,233.18,-0.7005598931580028,3.3918213908250945e-06,1.0,0,0
5,7,12,1,1,43,0,0,0,0,0,fastexcel,java,c8e19821f878754bf8bc168348a7825b777654b1,d061dc3c006d5a007040278ca402d2a361cc6f9c,233.18,234.09,0.0039025645424135714,0.46787129814814044,-0.16,0,0
1,1,2,1,1,55,0,1,0,0,0,fastexcel,java,d061dc3c006d5a007040278ca402d2a361cc6f9c,5eb029045704546a18155c26f89280f51843b087,234.09,233.69,-0.001708744499978665,0.5614474146848649,-0.1288888888888889,0,0
3,3,6,1,1,49,0,0,0,0,0,fastexcel,java,5eb029045704546a18155c26f89280f51843b087,d8c4a3fc38cfd2fb48086fe98b1788e664127bbb,233.69,232.63,-0.004535923659548985,0.03994596592838784,0.4444444444444444,0,0
3,3,6,1,1,73,0,0,0,0,0,fastexcel,java,d8c4a3fc38cfd2fb48086fe98b1788e664127bbb,f16e79bfa6203e031365c325d559399b59ec7038,232.63,233.16,0.002278296006533986,0.05121354752110811,-0.4222222222222222,0,0
109,14,123,1,1,17,0,0,1,0,0,fastexcel,java,f16e79bfa6203e031365c325d559399b59ec7038,cc31db22f0b43f4c3687e17cc8013fb4a3a68191,233.16,234.88,0.007376908560645046,0.042110616791807005,-0.44,0,0
10,1,11,2,2,34,0,0,1,0,0,fastexcel,java,cc31db22f0b43f4c3687e17cc8013fb4a3a68191,caa7496f42a0fd87613b88a6ab172e1f74154dc5,234.88,783.99,2.337832084468665,3.3918213908250945e-06,-1.0,1,1
25,24,49,3,1,37,0,0,0,0,0,fastexcel,java,caa7496f42a0fd87613b88a6ab172e1f74154dc5,81a8a5377a2364a6c3a018607e3416b8969bbe24,783.99,778.01,-0.007627648311840735,0.007016199234239618,0.5822222222222222,0,0
157,2,159,5,1,21,0,0,0,0,0,fastexcel,java,81a8a5377a2364a6c3a018607e3416b8969bbe24,af06252d767b1a930164f9ca22fda422ba45edc9,778.01,779.05,0.0013367437436536337,0.8682259903524354,-0.04,0,0
14,0,14,1,1,17,0,0,1,0,0,fastexcel,java,af06252d767b1a930164f9ca22fda422ba45edc9,a38802f69231f0efde71ced0447be9e64cbcee56,779.05,781.16,0.0027084269302355608,0.6482039260122094,-0.10222222222222223,0,0
23,14,37,1,1,15,0,1,0,0,0,fastexcel,java,a38802f69231f0efde71ced0447be9e64cbcee56,ae5e7585ebe8e89e2b550d58e7d84fb66d75821d,781.16,781.29,0.00016641917148854966,0.9669147771731937,-0.013333333333333334,0,0
11,6,17,1,1,17,0,0,1,0,0,fastexcel,java,ae5e7585ebe8e89e2b550d58e7d84fb66d75821d,419e52beb0ddadd24cc6c61e240fe56ba1257676,781.29,778.58,-0.0034686224065326866,0.9338864180775845,0.022222222222222223,0,0
17,1,18,4,2,36,0,0,0,0,0,fastexcel,java,419e52beb0ddadd24cc6c61e240fe56ba1257676,adc535e4417aaa98b1bfa602fc40b43bcccfc83d,778.58,778.82,0.0003082534871175847,0.7715511878155722,-0.06666666666666667,0,0
347,0,347,2,1,81,0,0,0,0,0,fastexcel,java,adc535e4417aaa98b1bfa602fc40b43bcccfc83d,887528757aa7c9c40616c7056aabe32bd93826f3,778.82,781.76,0.003774941578285022,0.5897385933186072,-0.12,0,0
5,1,6,1,1,15,0,0,0,0,0,fastexcel,java,887528757aa7c9c40616c7056aabe32bd93826f3,65507cc2a2a73593be9fe33e9ee3c248b4ad9df1,781.76,778.94,-0.003607245190339665,0.43064798984807773,0.17333333333333334,0,0
30,27,57,2,1,25,0,0,0,0,0,fastexcel,java,65507cc2a2a73593be9fe33e9ee3c248b4ad9df1,1a502ffcbdf7a4d74669b69ae175232edf8754ab,778.94,224.59,-0.7116722725755513,3.3918213908250945e-06,1.0,0,0
15,1,16,1,1,17,0,0,1,0,0,fastexcel,java,1a502ffcbdf7a4d74669b69ae175232edf8754ab,1f060b89cc2e37d7daa7976beecca6f8442a8441,224.59,225.05,0.00204817667750126,0.3400858902842717,-0.2088888888888889,0,0
4,3,7,2,1,14,0,1,1,0,0,fastexcel,java,1f060b89cc2e37d7daa7976beecca6f8442a8441,a1f9f37cd7fd6474f697289a4fd0d4cfbb44195f,225.05,780.08,2.4662519440124413,3.3918213908250945e-06,-1.0,1,1
31,11,42,3,1,25,0,0,0,0,0,fastexcel,java,a1f9f37cd7fd6474f697289a4fd0d4cfbb44195f,f7ccdcbbc7224c6e859e6f800c31aa51db96493b,780.08,778.19,-0.0024228284278535357,0.10573920209087935,0.3511111111111111,0,0
6,3,9,1,1,44,0,0,1,0,0,fastexcel,java,f7ccdcbbc7224c6e859e6f800c31aa51db96493b,2cbcfceffaf9a424e9372cdeaaeb6ea3b7d48ceb,778.19,780.3,0.0027114200902092034,0.08149464839345506,-0.37777777777777777,0,0
0,1,1,1,1,44,0,0,1,0,0,fastexcel,java,2cbcfceffaf9a424e9372cdeaaeb6ea3b7d48ceb,bcda22febd0b0a5b8e33cdf771c15e8e961ecdce,780.3,783.34,0.0038959374599514002,0.17106923105635186,-0.29777777777777775,0,0
56,0,56,1,1,14,0,0,0,0,0,fastexcel,java,bcda22febd0b0a5b8e33cdf771c15e8e961ecdce,5871fea9440ba9a8bc507adac35781e93841c59f,783.34,785.05,0.002182960145019944,0.7243862381207838,-0.08,0,0
0,54,54,1,1,25,0,0,1,0,0,fastexcel,java,5871fea9440ba9a8bc507adac35781e93841c59f,d865c29aa07256f66dc1b641e1a0be1bf37be1b1,785.05,783.24,-0.002305585631488371,0.8034625743147712,0.057777777777777775,0,0
1,1,2,1,2,119,0,0,0,0,1,fastexcel,java,d865c29aa07256f66dc1b641e1a0be1bf37be1b1,8b433be3d7d1102d946b4d55ecbdb541328b0bf8,783.24,783.18,-7.660487206993912e-05,0.48073111045562256,0.15555555555555556,0,0
75,9,84,3,2,63,0,0,0,0,1,fastexcel,java,8b433be3d7d1102d946b4d55ecbdb541328b0bf8,abc42ae3ee8560f7f390bd5d51778f0bcd9e3f73,783.18,232.64,-0.7029546209045174,3.3918213908250945e-06,1.0,0,0
0,0,0,0,1,69,0,0,0,0,0,fastexcel,java,abc42ae3ee8560f7f390bd5d51778f0bcd9e3f73,8ea548f65c77bd1704ff994705696ce18c0d7d0f,232.64,233.71,0.004599381017881799,0.010121802247772722,-0.5555555555555556,0,0
2,6,8,1,1,36,0,1,0,0,0,fastexcel,java,8ea548f65c77bd1704ff994705696ce18c0d7d0f,7b1525c537221f42cd4d8d894acfe2774c573e08,233.71,232.87,-0.0035941979376150073,0.02792505735330741,0.47555555555555556,0,0
0,1,1,1,1,15,0,0,0,0,0,fastexcel,java,7b1525c537221f42cd4d8d894acfe2774c573e08,9833bc71ebaf0480ef8ddd8a31c9a38d6e87fa94,232.87,233.02,0.0006441362133379383,0.7089232340537643,-0.08444444444444445,0,0
1,0,1,1,1,17,0,0,0,0,0,fastexcel,java,9833bc71ebaf0480ef8ddd8a31c9a38d6e87fa94,e7760aebe966eac84ae9c73f3855a7663fad51c7,233.02,232.68,-0.001459102222985166,0.9338864180775845,0.022222222222222223,0,0
232,233,465,1,1,22,0,1,1,0,0,fastexcel,java,e7760aebe966eac84ae9c73f3855a7663fad51c7,268bef6ab09e83ddeb1027fd3a3a60b066c6ad86,232.68,232.22,-0.001976964070826921,1.0,0.0044444444444444444,0,0
2,1,3,1,1,23,0,0,1,0,0,fastexcel,java,268bef6ab09e83ddeb1027fd3a3a60b066c6ad86,685f54b278dc087047985d2324edc35f2d496bb9,232.22,232.72,0.0021531306519679615,0.8519014678076672,0.044444444444444446,0,0
0,0,0,0,1,48,0,0,0,0,0,fastexcel,java,685f54b278dc087047985d2324edc35f2d496bb9,ded2361ea92b0926f50730398dcf4c6dc43020b6,232.72,232.83,0.00047267102096946393,0.6782686817942617,-0.09333333333333334,0,0
16,0,16,1,2,108,0,0,0,0,0,fastexcel,java,ded2361ea92b0926f50730398dcf4c6dc43020b6,72f0a1546206055710d6bfd5732cea145c4b48c4,232.83,232.47,-0.0015461925009664288,0.9834501494461332,0.008888888888888889,0,0
86,61,147,4,1,104,0,0,0,1,0,fastexcel,java,72f0a1546206055710d6bfd5732cea145c4b48c4,e0e4156184b53530372fa61339f205147fa33bdf,232.47,234.37,0.008173097603991937,0.24548500120312422,-0.25333333333333335,0,0
2,2,4,1,1,14,0,1,1,0,0,fastexcel,java,e0e4156184b53530372fa61339f205147fa33bdf,2f56f43ca30a395e57565920b3f921e11bf8f0c7,234.37,783.53,2.3431326534966077,3.3918213908250945e-06,-1.0,1,1
5,0,5,1,1,22,0,0,0,0,0,fastexcel,java,2f56f43ca30a395e57565920b3f921e11bf8f0c7,8f210b225375ea3c46f7ea28838cac34d208359f,783.53,787.95,0.005641136906053467,0.042110616791807005,-0.44,0,0
97,115,212,6,1,15,0,1,0,0,0,fastexcel,java,8f210b225375ea3c46f7ea28838cac34d208359f,1e3a02d59334b0e18e26235430c01bfc930f9f56,787.95,237.47,-0.6986230090741798,3.3918213908250945e-06,1.0,0,0
115,97,212,6,4,210,0,1,1,1,0,fastexcel,java,1e3a02d59334b0e18e26235430c01bfc930f9f56,17761ac52496dd086a6886dba327868ee0ed1219,237.47,787.89,2.317850675874847,3.3918213908250945e-06,-1.0,1,1
50,22,72,2,2,66,0,1,0,0,0,fastexcel,java,17761ac52496dd086a6886dba327868ee0ed1219,9630c859b6443fb67bf980dcccad20b61185a751,787.89,790.78,0.003668024724263522,0.17106923105635186,-0.29777777777777775,0,0
38,50,88,3,3,159,0,0,0,0,0,fastexcel,java,9630c859b6443fb67bf980dcccad20b61185a751,b7ce738c2767c1fbea59845163e1bf8b8814310d,790.78,789.42,-0.0017198209362907682,0.5614474146848649,0.1288888888888889,0,0
50,38,88,3,3,129,0,1,0,0,0,fastexcel,java,b7ce738c2767c1fbea59845163e1bf8b8814310d,d756a0d78e1053ab71259243823b84230e0cad38,789.42,793.09,0.004648982797496989,0.05123941919274439,-0.4222222222222222,0,0
37,4,41,5,5,244,0,0,0,0,0,fastexcel,java,d756a0d78e1053ab71259243823b84230e0cad38,5be950b55eae72de2cc472092075aad343821186,793.09,796.8,0.004677905407961168,0.43064798984807773,-0.17333333333333334,0,0
13,1,14,1,1,31,0,0,0,1,0,fastexcel,java,5be950b55eae72de2cc472092075aad343821186,4125b8e0df8495a015cdffae16c9d910a41b1e04,796.8,794.29,-0.0031501004016064147,0.8357050269952793,0.04888888888888889,0,0
127,37,164,6,1,26,0,0,0,0,0,fastexcel,java,4125b8e0df8495a015cdffae16c9d910a41b1e04,8cff1bdf4f6d7b03008dab52b3afdb9bbb4f9edd,794.29,790.99,-0.00415465384179576,0.2997583700887151,0.22666666666666666,0,0
1,15,16,1,1,22,0,0,0,0,0,fastexcel,java,8cff1bdf4f6d7b03008dab52b3afdb9bbb4f9edd,61aa7c2e5dc08564cc752cc36cd42c64a14f197a,790.99,793.42,0.0030720995208535504,0.13538211004560674,-0.3244444444444444,0,0
99,16,115,3,1,18,0,0,0,0,0,fastexcel,java,61aa7c2e5dc08564cc752cc36cd42c64a14f197a,dbe262b1832faf506785006fe62bc6fbb3a940a8,793.42,235.46,-0.7032341004764184,3.3748749558581833e-06,1.0,0,0
18,7,25,2,2,34,0,0,1,0,0,fastexcel,java,dbe262b1832faf506785006fe62bc6fbb3a940a8,d78d976712de498e8c0bcef4ef605dd4979f701d,235.46,789.92,2.35479486961692,3.3748749558581833e-06,-1.0,1,1
7,8,15,1,1,22,0,0,0,0,0,fastexcel,java,d78d976712de498e8c0bcef4ef605dd4979f701d,50442f833b4ea4bc346d8f15f8a7f5fbd079c772,789.92,789.56,-0.0004557423536560837,0.4553018964198552,0.16444444444444445,0,0
0,0,0,0,1,62,0,0,0,0,0,fastexcel,java,50442f833b4ea4bc346d8f15f8a7f5fbd079c772,60c224e77b1371b8b3e70aadac110685bd66c332,789.56,790.47,0.0011525406555550964,0.6783024655972324,-0.09333333333333334,0,0
3,3,6,2,2,91,0,0,0,0,1,fastexcel,java,60c224e77b1371b8b3e70aadac110685bd66c332,f166765df844d0ee25a6d2e148a1372feaa73e91,790.47,789.84,-0.0007969941933280143,0.8034625743147712,-0.057777777777777775,0,0
1,1,2,1,1,74,0,0,0,0,1,fastexcel,java,f166765df844d0ee25a6d2e148a1372feaa73e91,81bf374bcc3a160cea745959fcc91ab5751414f1,789.84,792.15,0.0029246429656638625,0.8034625743147712,-0.057777777777777775,0,0
59,220,279,8,3,86,0,0,0,1,0,fastexcel,java,81bf374bcc3a160cea745959fcc91ab5751414f1,6cf19d94b37b0fd24fa72e8a72c6531f9e570b73,792.15,794.01,0.0023480401439121552,0.10573920209087935,-0.3511111111111111,0,0
221,60,281,8,11,414,0,0,1,0,1,fastexcel,java,6cf19d94b37b0fd24fa72e8a72c6531f9e570b73,f5565f8d0fe7d11efa1d90ec588b621471d07a3a,794.01,794.1,0.0001133486983791537,0.7243273897984674,0.08,0,0
38,1,39,4,4,145,0,0,0,1,0,fastexcel,java,f5565f8d0fe7d11efa1d90ec588b621471d07a3a,25a0d6044c703a8266355cddc32188e270cd56fb,794.1,793.56,-0.0006800151114470183,0.8034625743147712,-0.057777777777777775,0,0
51,40,91,9,10,396,0,0,0,0,0,fastexcel,java,25a0d6044c703a8266355cddc32188e270cd56fb,4a1a60cfccfda2df28195d1ba7876bca0a165415,793.56,795.61,0.002583295529008605,0.38373262766250305,-0.19111111111111112,0,0
2,2,4,1,1,9,0,1,0,0,0,fastexcel,java,4a1a60cfccfda2df28195d1ba7876bca0a165415,e2a3c7cc7de4446eca68ca63c12568dc159d9087,795.61,794.21,-0.001759656112919618,0.9338790795853346,0.022222222222222223,0,0
14,6,20,2,1,83,0,0,0,0,0,fastexcel,java,e2a3c7cc7de4446eca68ca63c12568dc159d9087,f83310f2797d9822f1da446f2565ee49d60d9ab1,794.21,793.35,-0.0010828370330265467,0.6186305224456992,0.1111111111111111,0,0
0,0,0,0,1,56,0,0,0,0,0,fastexcel,java,f83310f2797d9822f1da446f2565ee49d60d9ab1,8d3ba7033d5c25399601386a6b768b1bd7767068,793.35,794.32,0.0012226633894246264,0.506914933812496,-0.14666666666666667,0,0
33,11,44,3,1,35,0,0,0,0,0,fastexcel,java,8d3ba7033d5c25399601386a6b768b1bd7767068,18b1ea070faab0db3598512413aa01539f3e7e29,794.32,794.03,-0.00036509215429559536,0.6783024655972324,0.09333333333333334,0,0
4,0,4,1,2,83,0,0,0,0,0,fastexcel,java,18b1ea070faab0db3598512413aa01539f3e7e29,11f964e66b4ed7a7b924234ac645ebb8c6beb95d,794.03,797.56,0.004445675856075933,0.02792505735330741,-0.47555555555555556,0,0
1,1,2,1,1,75,0,0,0,0,1,fastexcel,java,11f964e66b4ed7a7b924234ac645ebb8c6beb95d,f07fb0900f9ca3964e8ef907e61aae21d2e32f01,797.56,789.58,-0.010005516826320157,0.0005325944648468916,0.7466666666666667,0,0
1,1,2,1,1,65,0,0,0,0,1,fastexcel,java,f07fb0900f9ca3964e8ef907e61aae21d2e32f01,b191971c7a0a1b3f45f8428aff2568435ae6dcf5,789.58,790.29,0.000899212239418327,0.11498741920155964,-0.3422222222222222,0,0
55,37,92,3,1,34,0,1,0,0,0,fastexcel,java,b191971c7a0a1b3f45f8428aff2568435ae6dcf5,22e38ed052f74a00d43298005850c4f7a02aad86,790.29,789.24,-0.0013286262005086165,0.21337370709311831,0.27111111111111114,0,0
3,3,6,2,3,74,0,0,0,0,1,fastexcel,java,22e38ed052f74a00d43298005850c4f7a02aad86,14fe201f9e82e6b0ec7aae2f5c514513b113b227,789.24,790.54,0.0016471542243170069,0.9669147771731937,0.013333333333333334,0,0
1,1,2,1,1,70,0,0,0,0,1,fastexcel,java,14fe201f9e82e6b0ec7aae2f5c514513b113b227,3181f38d02e1766e9be9f7502c9f178bbc1cd632,790.54,787.52,-0.0038201735522553977,0.4553018964198552,0.16444444444444445,0,0
1,1,2,1,1,75,0,0,0,0,1,fastexcel,java,3181f38d02e1766e9be9f7502c9f178bbc1cd632,5f4f343b26244a7d6ac524aafa5dc390a4c967f0,787.52,792.02,0.005714140593254775,0.14657603430900068,-0.31555555555555553,0,0
1,1,2,1,1,51,0,0,0,0,1,fastexcel,java,5f4f343b26244a7d6ac524aafa5dc390a4c967f0,d8a0fe553f28782b1bb6e8d02ff25b22edc5939c,792.02,788.79,-0.004078179843943357,0.3614963660708982,0.2,0,0
1,1,2,1,1,73,0,0,0,0,1,fastexcel,java,d8a0fe553f28782b1bb6e8d02ff25b22edc5939c,8fab2b00a7cc23f398e7a285a163ddcabd8475ad,788.79,791.62,0.003587773678672449,0.22902896662469463,-0.26222222222222225,0,0
29,1,30,2,1,38,0,1,0,0,0,fastexcel,java,8fab2b00a7cc23f398e7a285a163ddcabd8475ad,2955f6c060d8d3dfae6efa41158da369199fdc2b,791.62,790.21,-0.0017811576261337109,0.5897385933186072,0.12,0,0
0,0,0,0,1,40,0,0,0,0,0,fastexcel,java,2955f6c060d8d3dfae6efa41158da369199fdc2b,229c87da4e1ef91233baae60d20a843d763d7f97,790.21,791.08,0.0011009731590336802,0.8357050269952793,-0.04888888888888889,0,0
1,1,2,1,1,75,0,0,0,0,1,fastexcel,java,229c87da4e1ef91233baae60d20a843d763d7f97,a34fab916911c557e96748b38b17bff8710b3784,791.08,788.17,-0.0036785154472367926,0.3195059648919748,0.21777777777777776,0,0
1,1,2,1,1,51,0,0,0,0,1,fastexcel,java,a34fab916911c557e96748b38b17bff8710b3784,0d3bfe67e54d2ea22c6c353c1fb187560bfd94df,788.17,792.01,0.004872045370922558,0.11498741920155964,-0.3422222222222222,0,0
275,92,367,8,3,133,0,1,0,1,0,fastexcel,java,0d3bfe67e54d2ea22c6c353c1fb187560bfd94df,a6cd9d46b5eff9ce6f7157a23178138452f8434c,792.01,800.36,0.010542796176815979,0.0005759812107616887,-0.7422222222222222,0,0
31,19,50,2,1,37,0,0,0,0,0,fastexcel,java,a6cd9d46b5eff9ce6f7157a23178138452f8434c,b3fdc4284982b7a6b698f6cb839ede540202312b,800.36,801.46,0.0013743815283122878,0.38373262766250305,-0.19111111111111112,0,0
0,0,0,0,1,40,0,0,0,0,0,fastexcel,java,b3fdc4284982b7a6b698f6cb839ede540202312b,862f009fb0fc5bde3c4ef79d02a3cc3b5a2a180b,801.46,801.6,0.00017468120679757737,0.8034625743147712,0.057777777777777775,0,0
3,3,6,1,1,43,0,0,0,0,0,fastexcel,java,862f009fb0fc5bde3c4ef79d02a3cc3b5a2a180b,ce2003e1bf3a4f382371fb5700e414417d285fac,801.6,241.46,-0.6987774451097803,3.3918213908250945e-06,1.0,0,0
11,1,12,1,1,27,0,0,1,0,0,fastexcel,java,ce2003e1bf3a4f382371fb5700e414417d285fac,81c7bf359af6bcd7abc73ff0b1efb46d73f9c8cc,241.46,240.87,-0.0024434688975399793,0.05639236422683157,0.41333333333333333,0,0
4,2,6,1,1,19,0,1,1,0,0,fastexcel,java,81c7bf359af6bcd7abc73ff0b1efb46d73f9c8cc,28217c0982d6706273ab9391b92a2ed2e01c1f68,240.87,797.27,2.309959729314568,3.3918213908250945e-06,-1.0,1,1
79,44,123,6,1,69,0,1,0,0,0,fastexcel,java,28217c0982d6706273ab9391b92a2ed2e01c1f68,16d2e0e3fbf072e7311a16e2ab1d5ad3f52138a2,797.27,801.0,0.0046784652627090174,0.03808828420629213,-0.4488888888888889,0,0
44,79,123,6,4,144,0,1,1,0,0,fastexcel,java,16d2e0e3fbf072e7311a16e2ab1d5ad3f52138a2,c6dd1feace81396d84a7e5f09de21073324ac608,801.0,798.31,-0.0033583021223471342,0.5897385933186072,0.12,0,0
73,26,99,3,2,121,0,1,0,0,0,fastexcel,java,c6dd1feace81396d84a7e5f09de21073324ac608,8b5554fc02c28f5ceffc854719e1d03209d5f6c9,798.31,800.47,0.0027057158246797386,0.2716411207573157,-0.24,0,0
1,1,2,1,1,49,0,0,0,0,1,fastexcel,java,8b5554fc02c28f5ceffc854719e1d03209d5f6c9,55107ed2b7033d2cc05e520e34eb8319f03d5f4f,800.47,803.24,0.0034604669756517817,0.22902896662469463,-0.26222222222222225,0,0
1,1,2,1,1,28,0,0,0,0,1,fastexcel,java,55107ed2b7033d2cc05e520e34eb8319f03d5f4f,c4cabb66093e0ead92bddc9b6bd3bcd35af4fd52,803.24,803.08,-0.00019919326726752673,0.8195061989586025,-0.05333333333333334,0,0
3,3,6,2,3,102,0,0,0,0,0,fastexcel,java,c4cabb66093e0ead92bddc9b6bd3bcd35af4fd52,2e3cb89b1e4ed99204c9d3104cba7f5e5be787e9,803.08,801.53,-0.0019300692334512978,0.24543248360349268,0.25333333333333335,0,0
0,0,0,0,1,54,0,1,0,0,0,fastexcel,java,2e3cb89b1e4ed99204c9d3104cba7f5e5be787e9,be5110dfcd39fd9a31108d5095c13552dc12993b,801.53,804.09,0.003193891682157947,0.17106923105635186,-0.29777777777777775,0,0
4,4,8,3,2,50,0,0,0,0,1,fastexcel,java,be5110dfcd39fd9a31108d5095c13552dc12993b,353d4802bb93cdea5927d533957f251b2c71c4e9,804.09,801.53,-0.003183723215063064,0.5338294217441396,0.13777777777777778,0,0
0,0,0,0,1,66,0,0,0,0,0,fastexcel,java,353d4802bb93cdea5927d533957f251b2c71c4e9,96165898309a4b3cb66d06942aca06723093492d,801.53,802.82,0.0016094219804624623,0.8357050269952793,-0.04888888888888889,0,0
1,1,2,1,1,65,0,0,0,0,1,fastexcel,java,96165898309a4b3cb66d06942aca06723093492d,529726bbc78bdeca18e83fa4a1b0c5b4a56ddb03,802.82,803.3,0.0005978924291869964,0.7715511878155722,-0.06666666666666667,0,0
1,1,2,1,1,74,0,0,0,0,1,fastexcel,java,529726bbc78bdeca18e83fa4a1b0c5b4a56ddb03,910ccd1ff33518fca424d0935d5886e050bc339c,803.3,803.62,0.00039835677828961786,1.0,0.0,0,0
2,2,4,2,1,42,0,0,0,0,0,fastexcel,java,910ccd1ff33518fca424d0935d5886e050bc339c,66938d659e6d6e52ab020501bfe703cdf714a213,803.62,804.35,0.0009083895373435431,0.08901797772326324,-0.3688888888888889,0,0
0,0,0,0,1,69,0,0,0,0,0,fastexcel,java,66938d659e6d6e52ab020501bfe703cdf714a213,7e556ca7906fd64f51ed147b204ca800241ca7db,804.35,804.05,-0.0003729719649407201,0.2539112447991283,0.24888888888888888,0,0
1,1,2,1,1,61,0,0,0,0,0,fastexcel,java,7e556ca7906fd64f51ed147b204ca800241ca7db,28aee1d82bb8aac63d3c631a0026739c77fd174e,804.05,805.3,0.001554629687208507,0.9009605329267507,-0.03111111111111111,0,0
9,5,14,2,1,129,0,0,0,0,0,fastexcel,java,28aee1d82bb8aac63d3c631a0026739c77fd174e,86b07de3e307740e12323cf2ed00b3141965b5fb,805.3,814.03,0.01084068049174223,0.00018919298065443355,-0.8044444444444444,0,0
7,11,18,4,1,53,0,0,0,0,1,fastexcel,java,86b07de3e307740e12323cf2ed00b3141965b5fb,bdb772abd44df1788153f1334637592ad0954b12,814.03,808.66,-0.006596808471432263,0.006189824426537995,0.5911111111111111,0,0
16,7,23,4,3,254,0,1,0,0,0,fastexcel,java,bdb772abd44df1788153f1334637592ad0954b12,2e4b72010f63208be88b1f82b962a9c111b88619,808.66,815.87,0.008915984468132512,0.00026216888813650863,-0.7866666666666666,0,0
9,1,10,2,1,18,0,0,1,0,0,fastexcel,java,2e4b72010f63208be88b1f82b962a9c111b88619,59b89f7f1d1d1edab05bc2fcf939ed4c109a3ba7,815.87,810.19,-0.0069618934389056465,0.020191414969204246,0.5022222222222222,0,0
1,1,2,1,2,106,0,1,0,0,1,fastexcel,java,59b89f7f1d1d1edab05bc2fcf939ed4c109a3ba7,55fae958028a4e27d98fbac424c99331c4269ee8,810.19,814.9,0.005813451165775833,0.012821684691391543,-0.5377777777777778,0,0
8,25,33,4,1,51,0,0,0,0,1,fastexcel,java,55fae958028a4e27d98fbac424c99331c4269ee8,aba9fc961677a1d81b0754879b6eef9030afee25,814.9,815.65,0.0009203583261749908,0.21337370709311831,0.27111111111111114,0,0
16,6,22,1,1,20,0,0,1,0,0,fastexcel,java,aba9fc961677a1d81b0754879b6eef9030afee25,beeb5c3c724d6f7817a520bf7764503f28a97b5d,815.65,811.28,-0.005357690185741439,0.056364933842789545,0.41333333333333333,0,0
20,24,44,4,1,78,0,1,0,0,0,fastexcel,java,beeb5c3c724d6f7817a520bf7764503f28a97b5d,5f24a21a045c7c035649c1d02cab4957267ef937,811.28,240.23,-0.7038876836603885,3.3748749558581833e-06,1.0,0,0
21,0,21,1,1,20,0,0,1,0,0,fastexcel,java,5f24a21a045c7c035649c1d02cab4957267ef937,cb93ca6976dce020b45b2817add71ab464bbb5e5,240.23,239.29,-0.003912916788078083,0.1248184057230855,0.3333333333333333,0,0
1,1,2,1,1,14,0,1,0,0,0,fastexcel,java,cb93ca6976dce020b45b2817add71ab464bbb5e5,05f833c767721e2fb56b6b18adc2bec997c3930f,239.29,807.78,2.375736553972168,3.3918213908250945e-06,-1.0,1,1
0,0,0,0,1,65,0,1,0,0,0,fastexcel,java,05f833c767721e2fb56b6b18adc2bec997c3930f,0639f970582e584bf803a5b45fbd574a4f2535e1,807.78,807.11,-0.0008294337567158869,0.8357050269952793,-0.04888888888888889,0,0
16,6,22,1,2,80,0,0,1,0,0,fastexcel,java,0639f970582e584bf803a5b45fbd574a4f2535e1,b6eaa7aedf19f58a736e22ddedcfd1b25488bb9c,807.11,807.49,0.00047081562612282765,0.547507748068732,0.13333333333333333,0,0
1,1,2,1,1,65,0,0,0,0,1,fastexcel,java,b6eaa7aedf19f58a736e22ddedcfd1b25488bb9c,899edc68c7e94ebdea45571d17c5f32ca716324e,807.49,806.51,-0.001213637320586036,0.9669147771731937,-0.013333333333333334,0,0
2,2,4,2,1,42,0,0,0,0,0,fastexcel,java,899edc68c7e94ebdea45571d17c5f32ca716324e,57034c8e2150980ab5b8607f2d36b2b2d094c844,806.51,809.14,0.0032609639062131848,0.7400217511938185,-0.07555555555555556,0,0
3,3,6,3,1,75,0,0,0,0,1,fastexcel,java,57034c8e2150980ab5b8607f2d36b2b2d094c844,0cfe37f2cd03d23d40c52ec499890b7a5ea5c512,809.14,810.3,0.0014336208814296268,0.3400858902842717,-0.2088888888888889,0,0
1,1,2,1,1,65,0,0,0,0,1,fastexcel,java,0cfe37f2cd03d23d40c52ec499890b7a5ea5c512,8a659ac15457d350f21fe94011498e40856cb2fd,810.3,807.76,-0.0031346414908058296,0.34003216856941376,0.2088888888888889,0,0
13,2,15,3,1,40,0,0,0,0,0,fastexcel,java,8a659ac15457d350f21fe94011498e40856cb2fd,940d3adc9c17e0450359d3cf90844444d5157050,807.76,809.25,0.0018446073091017247,0.3614429517167129,-0.2,0,0
3,14,17,4,1,51,0,0,0,0,1,fastexcel,java,940d3adc9c17e0450359d3cf90844444d5157050,e38b4bb801478c0ee06a2a288e9651456d5808b6,809.25,804.62,-0.005721346926166198,0.09709106759647709,0.36,0,0
19,2,21,3,1,19,0,0,0,0,0,fastexcel,java,e38b4bb801478c0ee06a2a288e9651456d5808b6,4aab0816decc1abd4e52053b9e07e139690360e7,804.62,808.3,0.004573587532002622,0.1985058531538877,-0.28,0,0
3,20,23,4,1,49,0,0,0,0,1,fastexcel,java,4aab0816decc1abd4e52053b9e07e139690360e7,31de45dd9557168442f4e557f062c360bbc0782e,808.3,810.56,0.0027959915872819386,0.1844100692216365,-0.28888888888888886,0,0
1,1,2,1,1,74,0,0,0,0,1,fastexcel,java,31de45dd9557168442f4e557f062c360bbc0782e,6e6d6702bd392611ed55f44a6853beb1123bbf33,810.56,811.36,0.0009869719699961363,1.0,0.0044444444444444444,0,0
1,1,2,1,1,75,0,0,0,0,1,fastexcel,java,6e6d6702bd392611ed55f44a6853beb1123bbf33,f15cc7340e9e26566826e9e330691f7939066027,811.36,808.79,-0.0031675211989746228,0.24548500120312422,0.25333333333333335,0,0
34,6,40,2,1,32,0,0,0,0,0,fastexcel,java,f15cc7340e9e26566826e9e330691f7939066027,c728a2a6e6c9b417ea12f7663150afdef91eed04,808.79,811.47,0.00331359190890103,0.6783024655972324,-0.09333333333333334,0,0
15,0,15,1,1,30,0,0,1,0,0,fastexcel,java,c728a2a6e6c9b417ea12f7663150afdef91eed04,d87f380960e47e6cbe94ac0cb266540dc7c89fed,811.47,809.65,-0.0022428432351165786,0.6186695570822622,0.1111111111111111,0,0
181,47,228,5,1,29,0,0,0,0,0,fastexcel,java,d87f380960e47e6cbe94ac0cb266540dc7c89fed,ec24669d2bab33932a49137d73267af8287a4011,809.65,807.28,-0.002927190761440134,0.6783024655972324,0.09333333333333334,0,0
1,1,2,1,1,29,0,0,0,0,0,fastexcel,java,ec24669d2bab33932a49137d73267af8287a4011,7d263df180baeb34d6f8379a5cfea2ace5f95c06,807.28,809.43,0.002663264294916234,0.5897385933186072,-0.12,0,0
71,178,249,6,1,69,0,0,0,0,0,fastexcel,java,7d263df180baeb34d6f8379a5cfea2ace5f95c06,07a4022790b44b0a822b6678bf8b63d92c8f093f,809.43,812.78,0.004138714898138224,0.08149464839345506,-0.37777777777777777,0,0
1,1,2,1,1,19,0,0,1,0,0,fastexcel,java,07a4022790b44b0a822b6678bf8b63d92c8f093f,25cd08e84f312c3b2dc5ccec708d3b63189ffe50,812.78,809.31,-0.004269297965009015,0.11498741920155964,0.3422222222222222,0,0
26,79,105,6,2,78,0,0,0,0,0,fastexcel,java,25cd08e84f312c3b2dc5ccec708d3b63189ffe50,fbd4c663ca5c19fb806cb214ef6152797ed31028,809.31,811.91,0.0032126132137253005,0.1523865017147963,-0.3111111111111111,0,0
24,7,31,3,6,378,0,1,1,0,0,fastexcel,java,fbd4c663ca5c19fb806cb214ef6152797ed31028,ed27872434ad674b32b4a617bfd64f64a6f90be8,811.91,816.69,0.005887352046409192,0.014396852751179462,-0.5288888888888889,0,0
2,2,4,2,2,111,0,0,0,0,0,fastexcel,java,ed27872434ad674b32b4a617bfd64f64a6f90be8,3b4b60b0b2b72a5cbbded4caf45a2c5acae2d9ee,816.69,817.66,0.0011877211671502204,0.8357050269952793,0.04888888888888889,0,0
179,2,181,3,3,122,0,0,0,0,0,fastexcel,java,3b4b60b0b2b72a5cbbded4caf45a2c5acae2d9ee,02eb524b182f8bd50e6a8efff2d86e8d38eb7eda,817.66,815.45,-0.0027028349191594585,0.4553018964198552,0.16444444444444445,0,0
13,2,15,3,2,98,0,0,0,0,0,fastexcel,java,02eb524b182f8bd50e6a8efff2d86e8d38eb7eda,bbdeb51020d02d394e6e15bbedc62c4d720b7d7a,815.45,815.8,0.00042921086516636094,0.4553018964198552,-0.16444444444444445,0,0
49,6,55,3,3,105,0,0,1,0,0,fastexcel,java,bbdeb51020d02d394e6e15bbedc62c4d720b7d7a,89416f70242bbad1bcfc5a3dbd117f604b13b8c4,815.8,818.33,0.003101250306447765,0.24548500120312422,-0.25333333333333335,0,0
78,51,129,5,3,139,0,0,1,0,0,fastexcel,java,89416f70242bbad1bcfc5a3dbd117f604b13b8c4,35dede31820f6c32ce272e11d5db027c0f814892,818.33,816.16,-0.0026517419622891407,0.09709106759647709,0.36,0,0
51,78,129,5,4,163,0,0,1,0,0,fastexcel,java,35dede31820f6c32ce272e11d5db027c0f814892,ee6e597dd07b5eced1b406e5f5b3ec1cbbb325f5,816.16,814.08,-0.002548519898059115,0.9669147771731937,0.013333333333333334,0,0
76,6,82,4,4,190,0,0,1,0,0,fastexcel,java,ee6e597dd07b5eced1b406e5f5b3ec1cbbb325f5,3c8fb09afed3bd515145096962cca811be911062,814.08,814.61,0.0006510416666666331,0.7874391974257231,-0.06222222222222222,0,0
0,0,0,0,1,66,0,0,0,0,0,fastexcel,java,3c8fb09afed3bd515145096962cca811be911062,5f4fb5b11a3676c8331009acfd895a12f701fc3a,814.61,813.74,-0.0010679957280170934,0.6186695570822622,0.1111111111111111,0,0
54,7,61,5,2,92,0,0,0,0,1,fastexcel,java,5f4fb5b11a3676c8331009acfd895a12f701fc3a,d0ffc7c0a70e5aeba507b235f7b779a57500fa1a,813.74,816.78,0.0037358369995329757,0.9669147771731937,-0.013333333333333334,0,0
0,2,2,1,1,79,0,0,0,0,0,fastexcel,java,d0ffc7c0a70e5aeba507b235f7b779a57500fa1a,23b97fc97c0b55375c487531c15cb47d31795ee6,816.78,817.05,0.00033056637038123097,0.6186695570822622,-0.1111111111111111,0,0
24,4,28,3,1,90,0,0,0,0,0,fastexcel,java,23b97fc97c0b55375c487531c15cb47d31795ee6,67a2ad7232420ca0e3cd363945a8f7fb6b727c0f,817.05,814.62,-0.002974114191297901,0.24548500120312422,0.25333333333333335,0,0
1,1,2,1,1,90,0,0,0,0,0,fastexcel,java,67a2ad7232420ca0e3cd363945a8f7fb6b727c0f,6f6e22edf8bf41f0542c5b349a79bc2df5819532,814.62,817.62,0.003682698681593872,0.21337370709311831,-0.27111111111111114,0,0
6,71,77,5,1,65,0,0,0,0,1,fastexcel,java,6f6e22edf8bf41f0542c5b349a79bc2df5819532,94ce4fc94705dc06b9b51e081ad140e76829080c,817.62,812.45,-0.006323230840732809,0.0744956919139866,0.38666666666666666,0,0
70,5,75,4,5,404,0,0,0,0,0,fastexcel,java,94ce4fc94705dc06b9b51e081ad140e76829080c,b7c6f6e80d46ee8e99ac9e04e1e4e9b90ea01a01,812.45,816.5,0.00498492214905527,0.08901797772326324,-0.3688888888888889,0,0
827,491,1318,6,2,180,0,0,0,0,0,fastexcel,java,b7c6f6e80d46ee8e99ac9e04e1e4e9b90ea01a01,c06e67152c047a1b13b141fd40eda2be6013818c,816.5,815.34,-0.0014206981016533597,0.5614038666800154,0.1288888888888889,0,0
0,0,0,0,1,59,0,0,0,0,0,fastexcel,java,c06e67152c047a1b13b141fd40eda2be6013818c,2b2fc0b4a0267a1c86d437f9d00f3ff9f47f00f4,815.34,814.82,-0.000637770745946454,0.5896972055949141,-0.12,0,0
39,3,42,2,2,59,0,1,0,0,1,fastexcel,java,2b2fc0b4a0267a1c86d437f9d00f3ff9f47f00f4,7118079612059129e0c2fd38a33961f0703bdfad,814.82,814.52,-0.000368179475221605,0.7089232340537643,0.08444444444444445,0,0
0,0,0,0,1,45,0,0,0,0,0,fastexcel,java,7118079612059129e0c2fd38a33961f0703bdfad,8b00a0f85fdae31c7307cf8168de8c6ffb68a091,814.52,816.53,0.0024677110445415593,0.4553018964198552,-0.16444444444444445,0,0
3,3,6,2,2,66,0,0,0,0,1,fastexcel,java,8b00a0f85fdae31c7307cf8168de8c6ffb68a091,387cd2343123cf8d2276da768c38ae3ec4be52aa,816.53,816.45,-9.797557958669889e-05,0.24548500120312422,0.25333333333333335,0,0
2,2,4,2,1,39,0,0,0,0,0,fastexcel,java,387cd2343123cf8d2276da768c38ae3ec4be52aa,907b83e9c40d499ec73e394424499e68663a6983,816.45,813.08,-0.004127625696613392,0.26275304114766074,0.24444444444444444,0,0
3,3,6,3,1,51,0,0,0,0,1,fastexcel,java,907b83e9c40d499ec73e394424499e68663a6983,4dd629402ecf4c1baff7ebf1bbd0c74e39cb3882,813.08,813.11,3.689673832829822e-05,0.5897385933186072,-0.12,0,0
2,2,4,2,2,107,0,0,0,0,0,fastexcel,java,4dd629402ecf4c1baff7ebf1bbd0c74e39cb3882,53c3a7674a2d376ed2bbb4dbcdf641635eb25b5d,813.11,816.02,0.0035788515698982524,0.3614963660708982,-0.2,0,0
1,1,2,1,1,74,0,0,0,0,1,fastexcel,java,53c3a7674a2d376ed2bbb4dbcdf641635eb25b5d,c28aa2738d826a13dab9b2cb3508cc7c9c477f30,816.02,816.03,1.2254601602890744e-05,0.9338864180775845,0.022222222222222223,0,0
1,1,2,1,1,75,0,0,0,0,1,fastexcel,java,c28aa2738d826a13dab9b2cb3508cc7c9c477f30,f151196b0e87a052078e47d4846c5c85a1ae8b01,816.03,813.6,-0.002977831697364006,0.5338294217441396,0.13777777777777778,0,0
10,1,11,2,1,35,0,0,0,0,0,fastexcel,java,f151196b0e87a052078e47d4846c5c85a1ae8b01,0993fd0dc2bf385511d52f5aa31d5591f5a6c539,813.6,812.57,-0.0012659783677482458,0.4067868333984651,0.18222222222222223,0,0
0,2,2,1,1,35,0,0,0,0,0,fastexcel,java,0993fd0dc2bf385511d52f5aa31d5591f5a6c539,481ba3dd9b1d097c10362b4a978108ee64da808d,812.57,814.89,0.0028551386342098974,0.3614963660708982,-0.2,0,0
0,0,0,0,1,56,0,1,0,0,0,fastexcel,java,481ba3dd9b1d097c10362b4a978108ee64da808d,659bddf0dd1b275afcfaa2f0e31d973b6abf1f6e,814.89,816.25,0.0016689369117304344,0.7715511878155722,-0.06666666666666667,0,0
25,1,26,4,1,33,0,1,1,0,1,fastexcel,java,659bddf0dd1b275afcfaa2f0e31d973b6abf1f6e,0959122245466ecde992c5cbdc9d7f74436a9d52,816.25,812.83,-0.00418989280245018,0.3094743057014513,0.2222222222222222,0,0
0,0,0,0,1,47,0,0,0,0,0,fastexcel,java,0959122245466ecde992c5cbdc9d7f74436a9d52,64b61d2f9c96b7bba3d4e1518e7a1cce138102f7,812.83,817.5,0.005745358808114808,0.14657603430900068,-0.31555555555555553,0,0
1,1,2,1,1,54,0,0,0,0,1,fastexcel,java,64b61d2f9c96b7bba3d4e1518e7a1cce138102f7,8d7de1699781b7566af07f019595929801a9d889,817.5,814.44,-0.0037431192660549793,0.41851381169736,0.17777777777777778,0,0
1,1,2,1,1,54,0,0,0,0,1,fastexcel,java,8d7de1699781b7566af07f019595929801a9d889,e839f29e48310764b05ff9f0b558fec251cb0ae6,814.44,809.43,-0.006151466038013978,0.025086713247997834,0.48444444444444446,0,0
1,1,2,1,1,75,0,0,0,0,1,fastexcel,java,e839f29e48310764b05ff9f0b558fec251cb0ae6,5e836d6d3c29c2292bcc163001640c3b86598d8f,809.43,810.22,0.000975995453590894,0.5614474146848649,-0.1288888888888889,0,0
6,0,6,1,1,109,0,0,0,0,0,fastexcel,java,5e836d6d3c29c2292bcc163001640c3b86598d8f,53836693216766b13b5d6beacfd562c4d45cae8e,810.22,813.4,0.003924859914591037,0.20579182557266695,-0.27555555555555555,0,0
29,6,35,3,1,24,0,0,0,0,0,fastexcel,java,53836693216766b13b5d6beacfd562c4d45cae8e,c1542889025dc79693febaf64bb0612f200d0902,813.4,811.28,-0.002606343742316209,0.755709307865404,0.07111111111111111,0,0
1,30,31,2,1,9,0,0,0,0,0,fastexcel,java,c1542889025dc79693febaf64bb0612f200d0902,15c2f73b628d438b96b80bac05e1e5dd0d95884e,811.28,813.09,0.0022310423035204357,0.1408494216179361,-0.32,0,0
41,1,42,3,3,55,0,0,0,0,0,fastexcel,java,15c2f73b628d438b96b80bac05e1e5dd0d95884e,54711b397065363261d1a50b7b1d635df580f6c3,813.09,811.22,-0.002299868403251798,0.13538211004560674,0.3244444444444444,0,0
1,41,42,4,1,54,0,0,0,0,1,fastexcel,java,54711b397065363261d1a50b7b1d635df580f6c3,0f5f2b98f98b911712938fef106c0af78a62490a,811.22,809.25,-0.002428441113384812,0.5897385933186072,0.12,0,0
6,0,6,1,2,172,0,0,0,0,0,fastexcel,java,0f5f2b98f98b911712938fef106c0af78a62490a,3176f9f89acf80be74dc7f668bb40c4d570190e3,809.25,815.95,0.008279270929873395,0.03439744889250225,-0.4577777777777778,0,0
1,1,2,1,2,65,0,0,0,0,0,fastexcel,java,3176f9f89acf80be74dc7f668bb40c4d570190e3,eeeb5fd3ad348f76ddc1ca397e478fd4bb030df4,815.95,811.74,-0.005159629879281863,0.03808828420629213,0.4488888888888889,0,0
40,0,40,3,4,116,0,0,0,0,0,fastexcel,java,eeeb5fd3ad348f76ddc1ca397e478fd4bb030df4,2821a16c8b0ba56350cc64967f2667a44f00d116,811.74,809.88,-0.002291374085298265,0.9338864180775845,-0.022222222222222223,0,0
1,1,2,1,1,49,0,0,0,0,1,fastexcel,java,2821a16c8b0ba56350cc64967f2667a44f00d116,e098096e7a754aa173e2608ffb14a0bb1973f593,809.88,804.72,-0.006371314268780521,0.010121802247772722,0.5555555555555556,0,0
1,1,2,1,1,54,0,0,0,0,1,fastexcel,java,e098096e7a754aa173e2608ffb14a0bb1973f593,12f3faf5ccad582b5265fd7ac13161532f65660c,804.72,803.09,-0.002025549259369713,0.8034625743147712,0.057777777777777775,0,0
38,6,44,5,1,19,0,0,0,0,0,fastexcel,java,12f3faf5ccad582b5265fd7ac13161532f65660c,2a0023d5a530589088367e88843982098f8b2aff,803.09,805.09,0.0024903809037592297,0.5614038666800154,-0.1288888888888889,0,0
3,3,6,1,2,80,0,0,0,0,0,fastexcel,java,2a0023d5a530589088367e88843982098f8b2aff,69683786827e3dd04fb0d38c70c7bce25cde951b,805.09,806.43,0.001664410190164973,0.5896558053941625,-0.12,0,0
1,1,2,1,1,65,0,0,0,0,1,fastexcel,java,69683786827e3dd04fb0d38c70c7bce25cde951b,77e396b3bcfe856e5c7a059a75fdc71354379d8f,806.43,810.56,0.005121337251838344,6.824077944638084e-05,-0.8577777777777778,0,0
124,37,161,6,1,31,0,0,0,0,0,fastexcel,java,77e396b3bcfe856e5c7a059a75fdc71354379d8f,1a44ecc8497b82a26e4a1c50486540085d59d6e3,810.56,818.76,0.010116462692459591,3.356755084154065e-05,-0.8933333333333333,0,0
94,0,94,1,1,25,0,0,0,0,0,fastexcel,java,1a44ecc8497b82a26e4a1c50486540085d59d6e3,48124a4f60c7b0ddd6d631176670501127220d4c,818.76,898.1,0.09690263325028095,3.3918213908250945e-06,-1.0,0,0
38,219,257,6,1,34,0,0,0,0,0,fastexcel,java,48124a4f60c7b0ddd6d631176670501127220d4c,16de8005339470a6ae8fde238294f2efaedd68e5,898.1,810.69,-0.09732769179378685,3.3918213908250945e-06,1.0,0,0
1,1,2,1,1,65,0,0,0,0,1,fastexcel,java,16de8005339470a6ae8fde238294f2efaedd68e5,78c6ae44e8e8525aa28aecf7429ef0a5bda849e3,810.69,810.93,0.0002960441105723463,0.506914933812496,0.14666666666666667,0,0
1,1,2,1,1,34,0,0,0,0,0,fastexcel,java,78c6ae44e8e8525aa28aecf7429ef0a5bda849e3,29aa734f4ef23876bc13af1b2c27b77a98b01851,810.93,809.1,-0.002256668269764255,0.6482039260122094,0.10222222222222223,0,0
1,1,2,1,1,70,0,0,0,0,1,fastexcel,java,29aa734f4ef23876bc13af1b2c27b77a98b01851,ca634ac00ad9891ac220d2b6ee8106c6eee308a5,809.1,809.65,0.0006797676430601341,0.9669147771731937,-0.013333333333333334,0,0
1,1,2,1,1,70,0,0,0,0,1,fastexcel,java,ca634ac00ad9891ac220d2b6ee8106c6eee308a5,63bf5b26e7788a758a8498bc91e882714a5d7662,809.65,810.43,0.0009633792379422871,0.6333259145156125,-0.10666666666666667,0,0
1,1,2,1,1,70,0,0,0,0,1,fastexcel,java,63bf5b26e7788a758a8498bc91e882714a5d7662,0bf647a753a51241f7f31a683e4aa910c56b1b9a,810.43,810.63,0.0002467825722148063,0.506914933812496,0.14666666666666667,0,0
1,1,2,1,1,51,0,0,0,0,1,fastexcel,java,0bf647a753a51241f7f31a683e4aa910c56b1b9a,838d46ab252815ca9e4dfbbdac11f2c77443f4ac,810.63,808.9,-0.0021341425804621322,0.48073111045562256,0.15555555555555556,0,0
31,1,32,2,1,49,0,0,0,0,0,fastexcel,java,838d46ab252815ca9e4dfbbdac11f2c77443f4ac,b17e1883739e45eaf282b8ead722245ced8272ba,808.9,809.7,0.0009889974038818992,0.3614963660708982,-0.2,0,0
2,32,34,3,1,73,0,0,0,0,1,fastexcel,java,b17e1883739e45eaf282b8ead722245ced8272ba,b6503d19a1932bff3d200a3b79656022bad8095f,809.7,809.34,-0.0004446091144868638,0.7089232340537643,0.08444444444444445,0,0
8,5,13,2,1,47,0,0,0,0,0,fastexcel,java,b6503d19a1932bff3d200a3b79656022bad8095f,f4dff7ce71a514083b97a4afd2d09056e3150535,809.34,810.68,0.0016556700521411496,0.8034625743147712,-0.057777777777777775,0,0
6,9,15,3,1,51,0,0,0,0,1,fastexcel,java,f4dff7ce71a514083b97a4afd2d09056e3150535,e874298259feda191d918ebc0e3cd42659154687,810.68,808.7,-0.0024423940395716,0.4067868333984651,0.18222222222222223,0,0
38,6,44,4,1,17,0,0,0,0,0,fastexcel,java,e874298259feda191d918ebc0e3cd42659154687,899f64bc864901151b836d5b733f06a2e2515c19,808.7,811.76,0.0037838506244589408,0.24548500120312422,-0.25333333333333335,0,0
18,50,68,9,2,77,0,0,0,0,0,fastexcel,java,899f64bc864901151b836d5b733f06a2e2515c19,2025c8b9974ea273fa007a84735009a4586f59be,811.76,809.67,-0.002574652606681817,0.3295843113676419,0.21333333333333335,0,0
86,37,123,1,1,24,0,0,0,0,0,fastexcel,java,2025c8b9974ea273fa007a84735009a4586f59be,6176c1bb5b6a78abd0aa85960a1061732213b53e,809.67,812.04,0.0029271184556671293,0.17102162039971303,-0.29777777777777775,0,0
11,12,23,1,1,17,0,0,1,0,0,fastexcel,java,6176c1bb5b6a78abd0aa85960a1061732213b53e,e485a811687e38721815157e45f2416b09e2e369,812.04,813.7,0.0020442342741737868,0.7400217511938185,0.07555555555555556,0,0
280,147,427,13,4,157,0,0,0,0,1,fastexcel,java,e485a811687e38721815157e45f2416b09e2e369,5876de3b01ec07b1d297f09ec21d1987e20f6a97,813.7,898.75,0.10452255130883611,3.3918213908250945e-06,-1.0,0,0
40,8,48,4,3,99,0,0,0,0,0,fastexcel,java,5876de3b01ec07b1d297f09ec21d1987e20f6a97,36b684b7673ec7f358687908d7b8ca0fbc10586a,898.75,904.14,0.005997218358831696,0.004209946028667896,-0.6177777777777778,0,0
109,61,170,7,5,178,0,1,1,0,0,fastexcel,java,36b684b7673ec7f358687908d7b8ca0fbc10586a,3e1268d6da547047a230d2ec788ce38994c416e0,904.14,905.21,0.0011834450416971377,0.38373262766250305,-0.19111111111111112,0,0
31,1,32,2,2,95,0,0,0,0,0,fastexcel,java,3e1268d6da547047a230d2ec788ce38994c416e0,a32aa60e9c992010e9867d7f5cf8b124d65b4db9,905.21,904.47,-0.0008174898642304096,0.5897385933186072,0.12,0,0
1,1,2,1,1,76,0,0,0,0,1,fastexcel,java,a32aa60e9c992010e9867d7f5cf8b124d65b4db9,7e247b70e50c9ae418caafbac71b3161ff1e3952,904.47,903.69,-0.0008623834953066135,0.493682051010625,0.1511111111111111,0,0
1,1,2,1,1,67,0,0,0,0,1,fastexcel,java,7e247b70e50c9ae418caafbac71b3161ff1e3952,a99f7b2948f609cecefa71ca6971ea4051b6d324,903.69,893.59,-0.011176398986378096,5.737063008488556e-05,0.8666666666666667,0,0
1,1,2,1,1,73,0,0,0,0,1,fastexcel,java,a99f7b2948f609cecefa71ca6971ea4051b6d324,bfc886c361b82b724b1eb53e94b39afb77056f38,893.59,892.82,-0.0008616927226132587,0.7089232340537643,0.08444444444444445,0,0
1,1,2,1,1,70,0,0,0,0,1,fastexcel,java,bfc886c361b82b724b1eb53e94b39afb77056f38,9787295fd67ffdfc3d0fdbea517e5c5af2dc015a,892.82,897.12,0.004816200353934673,0.2997583700887151,-0.22666666666666666,0,0
1,1,2,1,1,70,0,0,0,0,1,fastexcel,java,9787295fd67ffdfc3d0fdbea517e5c5af2dc015a,a3200c7ec5a3899826222b5bd699927c4692f829,897.12,898.86,0.0019395398608881857,1.0,-0.0044444444444444444,0,0
1,1,2,1,1,70,0,0,0,0,1,fastexcel,java,a3200c7ec5a3899826222b5bd699927c4692f829,56b9c6bd0dd1c72276adede5b407908be94ab91a,898.86,894.41,-0.004950715350555198,0.2997583700887151,0.22666666666666666,0,0
1,1,2,1,1,70,0,0,0,0,1,fastexcel,java,56b9c6bd0dd1c72276adede5b407908be94ab91a,0cb98276d7543bfc26704beddca43475aa4740ea,894.41,894.02,-0.00043604163638598224,0.9338864180775845,0.022222222222222223,0,0
17,1,18,3,1,42,0,0,0,0,0,fastexcel,java,0cb98276d7543bfc26704beddca43475aa4740ea,920f2dbbec21e88e5a63203ac93cf796b00058a1,894.02,755.16,-0.15532091004675513,3.3918213908250945e-06,1.0,0,0
16,12,28,1,1,42,0,0,0,0,0,fastexcel,java,920f2dbbec21e88e5a63203ac93cf796b00058a1,792b70a2ebc555c0012c3e51012f2fc701070509,755.16,892.72,0.18216007203771395,3.3918213908250945e-06,-1.0,0,0
25,7,32,2,1,12,0,0,1,0,0,fastexcel,java,792b70a2ebc555c0012c3e51012f2fc701070509,d206d0b5811a9bdeecea0a58d05d8c0babfc3f45,892.72,893.49,0.000862532484989674,0.4553018964198552,-0.16444444444444445,0,0
8,46,54,6,1,42,0,0,0,0,0,fastexcel,java,d206d0b5811a9bdeecea0a58d05d8c0babfc3f45,65c5342f55ecbade28998e8f13945b25477193f4,893.49,893.64,0.00016788100594296217,1.0,-0.0044444444444444444,0,0
46,8,54,6,4,163,0,0,1,0,0,fastexcel,java,65c5342f55ecbade28998e8f13945b25477193f4,95cd7af9e64a77792288fa693ebb1f927ba86109,893.64,890.84,-0.0031332527639764945,0.1523865017147963,0.3111111111111111,0,0
1,1,2,1,1,73,0,0,0,0,1,fastexcel,java,95cd7af9e64a77792288fa693ebb1f927ba86109,2e664d38257a03201f3bfe00c124f0e42124edd9,890.84,896.24,0.006061694580396005,0.0024626042007544527,-0.6533333333333333,0,0
19,7,26,3,1,60,0,0,0,0,0,fastexcel,java,2e664d38257a03201f3bfe00c124f0e42124edd9,2f55a441756a3f0ea9c210a3c30afc1c98194266,896.24,893.9,-0.002610907792555601,0.5614474146848649,0.1288888888888889,0,0
12,5,17,2,2,27,0,1,0,0,0,fastexcel,java,2f55a441756a3f0ea9c210a3c30afc1c98194266,f2b81b399d2b63707f49a599260b08c6e96569d6,893.9,891.69,-0.002472312339187742,0.5614474146848649,0.1288888888888889,0,0
13,32,45,4,2,147,0,0,0,0,1,fastexcel,java,f2b81b399d2b63707f49a599260b08c6e96569d6,1473a868a666cd216a0c69f8b842f24f88e66865,891.69,893.05,0.0015251937332479897,1.0,0.0044444444444444444,0,0
30,11,41,3,4,140,0,1,0,0,0,fastexcel,java,1473a868a666cd216a0c69f8b842f24f88e66865,3de1ab1d0045ad68e3b95f17c048d93a65313b8d,893.05,894.63,0.001769217848944674,0.5338294217441396,-0.13777777777777778,0,0
2,2,4,2,2,111,0,0,0,0,0,fastexcel,java,3de1ab1d0045ad68e3b95f17c048d93a65313b8d,4ce3bb88de80c22282127bcc2fa9bd78e458b987,894.63,893.35,-0.0014307590847612674,0.5897385933186072,0.12,0,0
1,1,2,1,1,65,0,0,0,0,1,fastexcel,java,4ce3bb88de80c22282127bcc2fa9bd78e458b987,682a9c7070827183be74ed7e20c8acd04be9e21f,893.35,893.59,0.00026865170425925905,0.9338790795853346,0.022222222222222223,0,0
1,1,2,1,1,54,0,0,0,0,1,fastexcel,java,682a9c7070827183be74ed7e20c8acd04be9e21f,4334ee108a0faf709ec5c3495c38b59907f02aba,893.59,896.16,0.00287603934690399,0.18416588608240148,-0.28888888888888886,0,0
1,1,2,1,1,77,0,0,0,0,1,fastexcel,java,4334ee108a0faf709ec5c3495c38b59907f02aba,93c6b6e0f418e5d9ddecd106b3a6c68ff7794c77,896.16,892.0,-0.004642028209248313,0.08146074521015789,0.37777777777777777,0,0
1,1,2,1,1,76,0,0,0,0,1,fastexcel,java,93c6b6e0f418e5d9ddecd106b3a6c68ff7794c77,9bc696487a64aa82df3b1b4ce9614121f72da883,892.0,894.62,0.002937219730941709,0.4553018964198552,-0.16444444444444445,0,0
1,1,2,1,1,75,0,0,0,0,1,fastexcel,java,9bc696487a64aa82df3b1b4ce9614121f72da883,e2e569f6e8d96fe8ac65fc4d932e20e01f69fb6f,894.62,891.18,-0.00384520802128284,0.08901797772326324,0.3688888888888889,0,0
1,1,2,1,1,74,0,0,0,0,1,fastexcel,java,e2e569f6e8d96fe8ac65fc4d932e20e01f69fb6f,83704f6de78cc4d8341044dfbeb212c136d8e5bf,891.18,887.29,-0.004364999214524548,0.39510552151381173,0.18666666666666668,0,0
1,1,2,1,1,52,0,0,0,0,1,fastexcel,java,83704f6de78cc4d8341044dfbeb212c136d8e5bf,e68130ca294d82192e35e8105ffd6786a6e8ac2b,887.29,891.27,0.00448556841618864,0.05123941919274439,-0.4222222222222222,0,0
2,2,4,2,1,42,0,0,0,0,0,fastexcel,java,e68130ca294d82192e35e8105ffd6786a6e8ac2b,25dec3ae4911ea0993c2856d808850c7a8557c12,891.27,892.67,0.0015707922402863075,0.9338864180775845,-0.022222222222222223,0,0
3,3,6,3,1,75,0,0,0,0,1,fastexcel,java,25dec3ae4911ea0993c2856d808850c7a8557c12,f771f5972eab096c2d61ed4388fd820cd224350b,892.67,890.47,-0.0024645165626714597,0.6783024655972324,0.09333333333333334,0,0
1,1,2,1,1,78,0,0,0,0,1,fastexcel,java,f771f5972eab096c2d61ed4388fd820cd224350b,336a6e6b017006c3cb0e10344eec31849f4f45b1,890.47,893.45,0.0033465473289386706,0.43064798984807773,-0.17333333333333334,0,0
1,1,2,1,1,70,0,0,0,0,1,fastexcel,java,336a6e6b017006c3cb0e10344eec31849f4f45b1,97846615c6f2913642d199439ef0c1a9557e4d88,893.45,894.47,0.0011416419497453487,0.8357050269952793,-0.04888888888888889,0,0
1,1,2,1,1,72,0,0,0,0,1,fastexcel,java,97846615c6f2913642d199439ef0c1a9557e4d88,c0593ab14fa247739c01c159f7f869739f5f892f,894.47,891.61,-0.003197424172973955,0.26275304114766074,0.24444444444444444,0,0
1,1,2,1,1,49,0,0,0,0,1,fastexcel,java,c0593ab14fa247739c01c159f7f869739f5f892f,af448e2def101b4c8218b1146e2f606e5d0ace73,891.61,891.26,-0.0003925483114815028,0.9009714934164412,-0.03111111111111111,0,0
1,1,2,1,1,53,0,0,0,0,1,fastexcel,java,af448e2def101b4c8218b1146e2f606e5d0ace73,7e74f02d756d019446b2bffba9fafefc4bb18d59,891.26,893.21,0.002187913740098339,0.43064798984807773,-0.17333333333333334,0,0
2,2,4,2,2,111,0,0,0,0,0,fastexcel,java,7e74f02d756d019446b2bffba9fafefc4bb18d59,bc9ff6ba5b397047819af2307e6295c885911117,893.21,891.14,-0.0023174841302717724,0.5897385933186072,0.12,0,0
1,1,2,1,1,54,0,0,0,0,1,fastexcel,java,bc9ff6ba5b397047819af2307e6295c885911117,58ca983c262bf13bfac03e7b6cc47e88b18f7f5e,891.14,893.95,0.003153264358013398,0.5897385933186072,-0.12,0,0
16,14,30,1,1,15,0,1,0,0,0,fastexcel,java,58ca983c262bf13bfac03e7b6cc47e88b18f7f5e,3e438e35ad87ca4e18c587fc25302fc203d3f83d,893.95,893.15,-0.0008949046367247253,0.8195259356447925,0.05333333333333334,0,0
15,17,32,2,1,75,0,0,0,0,1,fastexcel,java,3e438e35ad87ca4e18c587fc25302fc203d3f83d,87e5ba1fa2aa7c328657645b2319879374278663,893.15,891.37,-0.001992946313609106,0.9669147771731937,0.013333333333333334,0,0
1,1,2,1,1,78,0,0,0,0,1,fastexcel,java,87e5ba1fa2aa7c328657645b2319879374278663,6c7f653fd87d01136fefe20677830081ec4a8a90,891.37,896.32,0.005553249492354516,0.12486035998214667,-0.3333333333333333,0,0
1,1,2,1,1,74,0,0,0,0,1,fastexcel,java,6c7f653fd87d01136fefe20677830081ec4a8a90,1a3f78048f484492a690d9f8b14f30e3589546ea,896.32,892.46,-0.004306497679400229,0.21332278254094483,0.27111111111111114,0,0
200,33,233,4,2,154,0,0,0,0,1,fastexcel,java,1a3f78048f484492a690d9f8b14f30e3589546ea,195ee7aae73a0e9d4b64bfdbb39d390a817d2c6b,892.46,893.22,0.0008515787822423312,0.8034411566561627,-0.057777777777777775,0,0
32,199,231,4,1,65,0,0,0,0,1,fastexcel,java,195ee7aae73a0e9d4b64bfdbb39d390a817d2c6b,faa7aa39cca6b9bc11042681168a9eca9f33c70d,893.22,892.21,-0.0011307404670741709,0.7715511878155722,0.06666666666666667,0,0
1,1,2,1,1,70,0,0,0,0,1,fastexcel,java,faa7aa39cca6b9bc11042681168a9eca9f33c70d,8c03b39d17c1ebd6ddabd4f6a1975f13febb82f6,892.21,895.13,0.003272772105221819,0.6186695570822622,-0.1111111111111111,0,0
1,1,2,1,1,49,0,0,0,0,1,fastexcel,java,8c03b39d17c1ebd6ddabd4f6a1975f13febb82f6,02afccc8cb769f321fbebaa8d45948da982c9193,895.13,896.51,0.0015416755108196524,0.5897385933186072,-0.12,0,0
286,34,320,6,2,180,0,0,0,0,0,fastexcel,java,02afccc8cb769f321fbebaa8d45948da982c9193,12e2eddad776aa95acfd04cb80e40f1c9a707556,896.51,891.32,-0.005789115570378402,0.15846460599820356,0.30666666666666664,0,0
66,297,363,7,2,95,0,0,0,0,1,fastexcel,java,12e2eddad776aa95acfd04cb80e40f1c9a707556,b84c97c6f6838041f04fa58118a43ab04e5d0f18,891.32,891.18,-0.00015707041242213798,1.0,0.0044444444444444444,0,0
43,18,61,2,1,17,0,0,1,0,0,fastexcel,java,b84c97c6f6838041f04fa58118a43ab04e5d0f18,8e7dd9ade85d9bd39ba7f8a247637139060ba631,891.18,893.92,0.0030745752822101137,0.05123941919274439,-0.4222222222222222,0,0
34,80,114,6,3,191,0,0,0,0,1,fastexcel,java,8e7dd9ade85d9bd39ba7f8a247637139060ba631,1350d1fb70610cef690b029b78237985082efc9a,893.92,894.61,0.0007718811526759157,0.9669147771731937,-0.013333333333333334,0,0
1,1,2,1,1,75,0,0,0,0,1,fastexcel,java,1350d1fb70610cef690b029b78237985082efc9a,ff6085f7e80fdf979702f38905f3e2b69d5673cc,894.61,892.96,-0.0018443791149215605,0.5614474146848649,-0.1288888888888889,0,0
1,1,2,1,1,78,0,0,0,0,1,fastexcel,java,ff6085f7e80fdf979702f38905f3e2b69d5673cc,a011c56cc17b9701a11be6807cb8f554c5e11995,892.96,892.68,-0.0003135638774414155,0.6482039260122094,0.10222222222222223,0,0
77,31,108,5,3,100,0,0,1,0,0,fastexcel,java,a011c56cc17b9701a11be6807cb8f554c5e11995,e23d26ce86732244ce9daa048dba069c115728d3,892.68,894.3,0.0018147600483936065,0.2997583700887151,-0.22666666666666666,0,0
32,78,110,6,1,73,0,0,0,0,1,fastexcel,java,e23d26ce86732244ce9daa048dba069c115728d3,7d23bd772e87e28965eaf8b823001f70d5e9e5f8,894.3,894.83,0.0005926422900593609,0.7400217511938185,0.07555555555555556,0,0
1,1,2,1,1,74,0,0,0,0,1,fastexcel,java,7d23bd772e87e28965eaf8b823001f70d5e9e5f8,6bab5291cbed096be485f294cdb8766da87eed9e,894.83,891.98,-0.0031849625068449006,0.15846460599820356,0.30666666666666664,0,0
1,1,2,1,1,65,0,0,0,0,1,fastexcel,java,6bab5291cbed096be485f294cdb8766da87eed9e,f267bcea649099a2b8a35940c4a9e351dafd8cd4,891.98,895.71,0.004181708110047331,0.22902896662469463,-0.26222222222222225,0,0
1,1,2,1,1,75,0,0,0,0,1,fastexcel,java,f267bcea649099a2b8a35940c4a9e351dafd8cd4,9bfa1ea04e824dd190bb79ddac9197eb3c3331b6,895.71,892.69,-0.0033716269774815306,0.6186695570822622,0.1111111111111111,0,0
1,1,2,1,1,75,0,0,0,0,1,fastexcel,java,9bfa1ea04e824dd190bb79ddac9197eb3c3331b6,8add69ab8e337a6cb47cf62be69274b893d0c4e4,892.69,894.2,0.0016915166519172286,0.5338294217441396,0.13777777777777778,0,0
1,1,2,1,1,78,0,0,0,0,1,fastexcel,java,8add69ab8e337a6cb47cf62be69274b893d0c4e4,40db54a636473e0d42ca6d46f69c8224759f1299,894.2,893.65,-0.000615074927309403,0.6333259145156125,-0.10666666666666667,0,0
77,31,108,5,4,153,0,0,1,0,0,fastexcel,java,40db54a636473e0d42ca6d46f69c8224759f1299,16f96bfa81c5ad4712660004c669a4acba35bfb8,893.65,892.79,-0.0009623454372517358,0.6186695570822622,0.1111111111111111,0,0
2,2,4,1,1,50,0,0,0,0,0,fastexcel,java,16f96bfa81c5ad4712660004c669a4acba35bfb8,41965fa8e160b9b3c0ad7897038a68bca0979327,892.79,895.09,0.002576193729768555,0.6783024655972324,-0.09333333333333334,0,0
32,78,110,6,1,73,0,0,0,0,1,fastexcel,java,41965fa8e160b9b3c0ad7897038a68bca0979327,7f37afab498e3f30c05c3bd35bebd86eef03adb1,895.09,893.94,-0.001284787004658724,0.5897385933186072,0.12,0,0
77,31,108,5,6,260,0,0,1,0,0,fastexcel,java,7f37afab498e3f30c05c3bd35bebd86eef03adb1,e16b68a1f8629130f9865f3d0fb90abf23a398bf,893.94,894.68,0.0008277960489517142,0.7089232340537643,-0.08444444444444445,0,0
3,3,6,2,2,86,0,0,0,0,1,fastexcel,java,e16b68a1f8629130f9865f3d0fb90abf23a398bf,52fb605d1356cbe8a66aaf74626f08bef6b40cd3,894.68,893.15,-0.001710108642196062,0.8357050269952793,0.04888888888888889,0,0
283,31,314,4,3,233,0,0,0,0,0,fastexcel,java,52fb605d1356cbe8a66aaf74626f08bef6b40cd3,2b0613496d55fa00cd758b47dc17c27e20b6e570,893.15,893.66,0.000571012707831821,0.9009714934164412,-0.03111111111111111,0,0
1,1,2,1,1,34,0,0,0,0,0,fastexcel,java,2b0613496d55fa00cd758b47dc17c27e20b6e570,c626616c0c4ff6f8d4ea3cebcbb25b20079e8471,893.66,880.0,-0.0152854553185775,0.0005759812107616887,0.7422222222222222,0,0
8,1,9,2,1,22,0,0,0,0,0,fastexcel,java,c626616c0c4ff6f8d4ea3cebcbb25b20079e8471,79707ebb4a5e4f73db7ff2347fe2e6949df881fa,880.0,881.42,0.0016136363636363171,0.7089232340537643,-0.08444444444444445,0,0
2,9,11,3,1,70,0,0,0,0,1,fastexcel,java,79707ebb4a5e4f73db7ff2347fe2e6949df881fa,4901b54a2b1a360863b8b6369c05fd8818258ed2,881.42,877.06,-0.0049465634998071455,0.1984059822777975,0.28,0,0
8,1,9,2,2,68,0,0,0,0,0,fastexcel,java,4901b54a2b1a360863b8b6369c05fd8818258ed2,3476af19adb9b6fa76e809ecd64e79508a97b08d,877.06,878.24,0.0013454039632409,0.8519177555606353,-0.044444444444444446,0,0
3,3,6,2,2,64,0,0,0,0,1,fastexcel,java,3476af19adb9b6fa76e809ecd64e79508a97b08d,8583f458abb1aeee1b399cc878bee3b195760ca6,878.24,878.05,-0.00021634177445806907,0.9009714934164412,0.03111111111111111,0,0
1,1,2,1,1,67,0,0,0,0,1,fastexcel,java,8583f458abb1aeee1b399cc878bee3b195760ca6,88e8a96f4e7845d791a1a22146c0d0ed1470870a,878.05,877.89,-0.00018222196913611773,0.5338294217441396,-0.13777777777777778,0,0
1,1,2,1,1,49,0,0,0,0,1,fastexcel,java,88e8a96f4e7845d791a1a22146c0d0ed1470870a,d0d606afe42c5ad9886119113af60f7b47b3e7e3,877.89,879.89,0.002278189750424313,0.8357050269952793,-0.04888888888888889,0,0
1,1,2,1,1,70,0,0,0,0,1,fastexcel,java,d0d606afe42c5ad9886119113af60f7b47b3e7e3,6db6c3c75e4fc9befdcf1466c82e417259ed54a9,879.89,876.83,-0.003477707440702753,0.3400858902842717,0.2088888888888889,0,0
1,1,2,1,1,34,0,0,0,0,0,fastexcel,java,6db6c3c75e4fc9befdcf1466c82e417259ed54a9,fb2c5a790ba469b6243e9c4d90cb27be89a40a22,876.83,884.62,0.0088842763135385,0.0014040790204992788,-0.6888888888888889,0,0
1,1,2,1,1,75,0,0,0,0,1,fastexcel,java,fb2c5a790ba469b6243e9c4d90cb27be89a40a22,285ed87f2d04e7ae2d76c90279a8a8d7b1b97952,884.62,883.9,-0.0008139087969976117,0.7400217511938185,-0.07555555555555556,0,0
1,1,2,1,1,49,0,0,0,0,1,fastexcel,java,285ed87f2d04e7ae2d76c90279a8a8d7b1b97952,68b3911c1d16bb8a3b4e80e41837bbbffc38c755,883.9,882.9,-0.0011313497001923295,0.10573920209087935,0.3511111111111111,0,0
1,1,2,1,1,75,0,0,0,0,1,fastexcel,java,68b3911c1d16bb8a3b4e80e41837bbbffc38c755,73f65ae32faa0c864116713296b9767884a407c4,882.9,888.13,0.0059236606637218464,0.00042246757669391977,-0.76,0,0
1,1,2,1,1,78,0,0,0,0,1,fastexcel,java,73f65ae32faa0c864116713296b9767884a407c4,92ab1218ce72f76b1c99e5063ce38c3a12c38d9a,888.13,885.83,-0.002589710965736947,0.20579182557266695,0.27555555555555555,0,0
1,1,2,1,1,49,0,0,0,0,1,fastexcel,java,92ab1218ce72f76b1c99e5063ce38c3a12c38d9a,a0dacf3e288f50262e996c298d2b714b4b8c5dc0,885.83,884.61,-0.0013772394251719035,0.43064798984807773,0.17333333333333334,0,0
1,1,2,1,1,72,0,0,0,0,1,fastexcel,java,a0dacf3e288f50262e996c298d2b714b4b8c5dc0,3e653499453669128b1ad2d4942b76adccf0910c,884.61,885.8,0.0013452255796338962,0.4067868333984651,-0.18222222222222223,0,0
1,1,2,1,1,73,0,0,0,0,1,fastexcel,java,3e653499453669128b1ad2d4942b76adccf0910c,1c4a7dc1ab4386e34107ce69f215abb5027bae15,885.8,884.01,-0.0020207721833370553,0.35063394347705956,0.20444444444444446,0,0
2,2,4,2,1,42,0,0,0,0,0,fastexcel,java,1c4a7dc1ab4386e34107ce69f215abb5027bae15,7f1e8cbc1393adc6d6e5b06441021560b7fba132,884.01,884.48,0.0005316681937987436,0.8682259903524354,-0.04,0,0
3,3,6,3,1,75,0,0,0,0,1,fastexcel,java,7f1e8cbc1393adc6d6e5b06441021560b7fba132,c078c4002bac111723d0c09a9a418db268888b69,884.48,883.11,-0.0015489327062228706,0.8682259903524354,0.04,0,0
1,1,2,1,1,78,0,0,0,0,1,fastexcel,java,c078c4002bac111723d0c09a9a418db268888b69,86d5b5bf4883a027726a2e1fff9cc5d94780dcdd,883.11,886.27,0.0035782631835218357,0.13538211004560674,-0.3244444444444444,0,0
1,1,2,1,1,75,0,0,0,0,1,fastexcel,java,86d5b5bf4883a027726a2e1fff9cc5d94780dcdd,de56e786a1fe29351e2f8dc1d81b7cdd9196de4a,886.27,883.07,-0.003610637841741153,0.21337370709311831,0.27111111111111114,0,0
1,1,2,1,1,58,0,0,0,0,1,fastexcel,java,de56e786a1fe29351e2f8dc1d81b7cdd9196de4a,17fa8fa37b48d33eb08ef1179a564cb14296cef4,883.07,884.75,0.001902453939098769,0.8034625743147712,-0.057777777777777775,0,0
2,2,4,2,2,111,0,0,0,0,0,fastexcel,java,17fa8fa37b48d33eb08ef1179a564cb14296cef4,09805ee83eb8ec9d5e8e2787045577aeab1a6bb0,884.75,884.41,-0.000384289347273277,0.9338790795853346,0.022222222222222223,0,0
1,1,2,1,1,41,0,0,0,0,0,fastexcel,java,09805ee83eb8ec9d5e8e2787045577aeab1a6bb0,6a29199dcaa4856ef13829d30d5a78f7dfd81542,884.41,888.39,0.00450017525808168,0.0420877510078487,-0.44,0,0
1,1,2,1,1,82,0,0,0,0,1,fastexcel,java,6a29199dcaa4856ef13829d30d5a78f7dfd81542,637fbb9f04868f06fe50b378e564e07faaae6f0a,888.39,887.8,-0.0006641227388872363,0.6783024655972324,0.09333333333333334,0,0
1,1,2,1,1,41,0,0,0,0,0,fastexcel,java,637fbb9f04868f06fe50b378e564e07faaae6f0a,f9354c3048bfd11e12cd1129bf3c390f4c8447f6,887.8,883.78,-0.004528046857400295,0.11498741920155964,0.3422222222222222,0,0
1,1,2,1,1,56,0,0,0,0,1,fastexcel,java,f9354c3048bfd11e12cd1129bf3c390f4c8447f6,af48b38cdf4574eac3455e04475aadfc4e16fa78,883.78,882.06,-0.0019461857023241387,0.1844100692216365,0.28888888888888886,0,0
1,1,2,1,1,61,0,0,0,0,1,fastexcel,java,af48b38cdf4574eac3455e04475aadfc4e16fa78,2bae3387f4283b0d49e37fe5a41c070afce97109,882.06,896.98,0.016914949096433433,3.3918213908250945e-06,-1.0,0,0
1,1,2,1,1,61,0,0,0,0,1,fastexcel,java,2bae3387f4283b0d49e37fe5a41c070afce97109,de9a03623619b621b046d1f3c8d5ebfaaad76315,896.98,900.96,0.004437111195344398,0.02253107159485839,-0.49333333333333335,0,0
1,1,2,1,1,61,0,0,0,0,1,fastexcel,java,de9a03623619b621b046d1f3c8d5ebfaaad76315,b4a9deda3f9b5dd632586d501d0f73c0d3ee5412,900.96,903.04,0.002308648552654865,0.8034625743147712,-0.057777777777777775,0,0
1,1,2,1,1,60,0,0,0,0,1,fastexcel,java,b4a9deda3f9b5dd632586d501d0f73c0d3ee5412,aaa51e52dbaad6996aad08dd7add597485298026,903.04,895.18,-0.008703933380581164,0.0036905851986807135,0.6266666666666667,0,0
1,1,2,1,1,61,0,0,0,0,1,fastexcel,java,aaa51e52dbaad6996aad08dd7add597485298026,69a26c90559aa9a30df6f254923c9f43e8a6a1d5,895.18,900.07,0.005462588529681294,0.4553018964198552,-0.16444444444444445,0,0
1,1,2,1,1,79,0,0,0,0,1,fastexcel,java,69a26c90559aa9a30df6f254923c9f43e8a6a1d5,81222556ef1239894a105c680071674836a383b5,900.07,897.53,-0.002822002733120843,0.3614963660708982,0.2,0,0
20,6,26,1,1,49,0,1,0,0,0,fastexcel,java,81222556ef1239894a105c680071674836a383b5,a7fa9fc83e4970501e6a5e2e651c80e8f40ed979,897.53,900.48,0.003286798212873158,0.13538211004560674,-0.3244444444444444,0,0
1,0,1,1,1,29,0,0,0,1,0,fastexcel,java,a7fa9fc83e4970501e6a5e2e651c80e8f40ed979,ae8bb3d2d31a413ee12e942dc1b8928fdfca2b46,900.48,897.76,-0.0030206112295664837,0.3614963660708982,0.2,0,0
6,21,27,2,1,83,0,0,0,0,1,fastexcel,java,ae8bb3d2d31a413ee12e942dc1b8928fdfca2b46,421d8fe6d531c0b2e6251b2adb1589aeba6dfbc2,897.76,899.5,0.0019381571912315196,0.34003216856941376,-0.2088888888888889,0,0
23,6,29,4,3,145,0,1,1,1,0,fastexcel,java,421d8fe6d531c0b2e6251b2adb1589aeba6dfbc2,b1b134ae46dd1d986f762cb03cf99be0c358634f,899.5,901.07,0.0017454141189550305,0.6481674291919923,-0.10222222222222223,0,0
7,24,31,4,2,163,0,0,0,0,1,fastexcel,java,b1b134ae46dd1d986f762cb03cf99be0c358634f,4536268bcec0b4fb75cda98f0ac8630925ac0343,901.07,897.57,-0.003884270922347875,0.4067868333984651,0.18222222222222223,0,0
1,1,2,1,1,81,0,0,0,0,1,fastexcel,java,4536268bcec0b4fb75cda98f0ac8630925ac0343,01bb0b1f6e0905abb9b1d3c5d6f865c7fbe0762f,897.57,898.6,0.0011475428100314992,0.9338864180775845,0.022222222222222223,0,0
1,1,2,1,1,85,0,0,0,0,1,fastexcel,java,01bb0b1f6e0905abb9b1d3c5d6f865c7fbe0762f,f26d3160965d7950ba150f0a8199af84ce20bd8e,898.6,897.62,-0.0010905853549966816,1.0,-0.0044444444444444444,0,0
1,1,2,1,1,75,0,0,0,0,1,fastexcel,java,f26d3160965d7950ba150f0a8199af84ce20bd8e,81a2cb8df77763f02bc3f9fc39f6e366d3f9a6da,897.62,895.17,-0.0027294400748646926,0.38367971975215054,0.19111111111111112,0,0
1,1,2,1,1,60,0,0,0,0,1,fastexcel,java,81a2cb8df77763f02bc3f9fc39f6e366d3f9a6da,055a41bf2c81943b38cb67e0a9d5c0cf9023a5c8,895.17,898.92,0.004189148429907169,0.2807884962973256,-0.23555555555555555,0,0
1,1,2,1,1,58,0,0,0,0,1,fastexcel,java,055a41bf2c81943b38cb67e0a9d5c0cf9023a5c8,ccb838c4e0fbd484cde754a0fdbb68efeca08f9e,898.92,897.55,-0.0015240510835224544,0.5338294217441396,0.13777777777777778,0,0
23,6,29,4,6,310,0,1,1,1,0,fastexcel,java,ccb838c4e0fbd484cde754a0fdbb68efeca08f9e,0197f8c3c1de9075f3f0075b90103143aa1c26c3,897.55,898.93,0.0015375188011809877,0.21337370709311831,-0.27111111111111114,0,0
28,14,42,2,4,186,0,1,0,0,0,fastexcel,java,0197f8c3c1de9075f3f0075b90103143aa1c26c3,f8037153f9d3ce35d53a8ba5e1dbdc5f2e30d7ee,898.93,899.78,0.0009455686204710297,0.8195259356447925,-0.05333333333333334,0,0
4,2,6,2,2,90,0,1,0,0,1,fastexcel,java,f8037153f9d3ce35d53a8ba5e1dbdc5f2e30d7ee,a9db49bccf6dc30f006371b0fcfbe53c2a48cadc,899.78,899.89,0.00012225210607038793,0.6482039260122094,-0.10222222222222223,0,0
0,0,0,0,1,60,0,1,0,0,0,fastexcel,java,a9db49bccf6dc30f006371b0fcfbe53c2a48cadc,b0d22d1e33803a95fead332ccdaa5440938f798f,899.89,902.27,0.0026447676938292407,0.20579182557266695,-0.27555555555555555,0,0
23,5,28,4,1,11,0,0,0,0,0,fastexcel,java,b0d22d1e33803a95fead332ccdaa5440938f798f,d36e2f358261eab75dcec0b8e57f8efd5ad1af7a,902.27,902.82,0.0006095736309531162,0.6186695570822622,-0.1111111111111111,0,0
23,47,70,1,1,225,0,0,1,0,0,fastexcel,java,d36e2f358261eab75dcec0b8e57f8efd5ad1af7a,66a9dcb6022286d99f6d7252e161e4e58baa7bd9,902.82,901.31,-0.0016725371613390315,0.020191414969204246,0.5022222222222222,0,0
67,67,134,15,1,63,0,0,0,0,0,flexy-pool,java,c3d761d20cbed69fb62c4902ce2abe7561c549df,1e01c6d38c036aac7a677027643e397a15132c26,603.515,609.37,0.009701498719998704,0.6334384569678687,-0.15,0,0
67,67,134,15,1,62,0,0,0,0,0,flexy-pool,java,1e01c6d38c036aac7a677027643e397a15132c26,b9bdba18024ff8a21c5d413c98ebbf2af7f3417f,609.37,597.4200000000001,-0.019610417316244536,0.4418026418026417,0.25,0,0
96,23,119,3,1,30,0,0,0,0,0,flexy-pool,java,b9bdba18024ff8a21c5d413c98ebbf2af7f3417f,3f8e2a7a4876aab785baa15831b7dc162765f365,597.4200000000001,609.99,0.02104047403836486,0.6453768453768453,-0.15625,0,0
16,15,31,1,1,89,0,0,0,0,0,flexy-pool,java,3f8e2a7a4876aab785baa15831b7dc162765f365,db7184bf665d9a73be30599c01ad1ee0d7c2ed40,609.99,611.37,0.0022623321693798185,0.7241647241647241,-0.15,0,0
67,67,134,15,1,63,0,0,0,0,0,flexy-pool,java,db7184bf665d9a73be30599c01ad1ee0d7c2ed40,b07c4e2d9cc302c339a8c218b86451949523c394,611.37,600.835,-0.017231790895856795,0.9307359307359306,-0.06666666666666667,0,0
67,67,134,15,1,62,0,0,0,0,0,flexy-pool,java,b07c4e2d9cc302c339a8c218b86451949523c394,125d26996d017c0f7229d1c6cec6cef44a777c2f,600.835,618.385,0.029209350320803473,0.09340659340659341,-0.5333333333333333,0,0
55,61,116,5,1,32,0,0,0,0,0,flexy-pool,java,125d26996d017c0f7229d1c6cec6cef44a777c2f,a5d54ba9d109bb9212eedcb88224bc4153af87ce,618.385,595.54,-0.03694300476240534,0.01832430775151698,0.6181818181818182,0,0
67,67,134,15,1,63,0,0,0,0,0,flexy-pool,java,a5d54ba9d109bb9212eedcb88224bc4153af87ce,24939b008de0d8501c2bb07c7a7e2f24ae46e58f,595.54,601.7249999999999,0.010385532457937243,0.5974062696275562,-0.14545454545454545,0,0
67,67,134,15,1,62,0,0,0,0,0,flexy-pool,java,24939b008de0d8501c2bb07c7a7e2f24ae46e58f,b6fbbdc5bdc835b451ac606514aa41197ba0121e,601.7249999999999,605.2650000000001,0.00588308612738409,0.9577922077922078,-0.03333333333333333,0,0
1,1,2,1,1,19,0,0,0,0,1,flexy-pool,java,b6fbbdc5bdc835b451ac606514aa41197ba0121e,bd3d43be5be699317aaa408296c249e602e288c5,605.2650000000001,615.91,0.01758733777766741,0.04955044955044956,-0.6296296296296297,0,0
4,0,4,1,1,59,0,0,0,0,0,jacoco,java,eb30f1758d7ec48da14e3b7a9e75e7f9cd2ee643,59d4004065c27e09f795c6a18a3581f4bc51be18,946.47,948.63,0.00228216425243269,0.0021450570245935504,-0.6622222222222223,0,0
12,4,16,2,1,97,0,0,0,0,0,jacoco,java,59d4004065c27e09f795c6a18a3581f4bc51be18,de91a3fba7ff6cd2c145cff3a63080624694fc2a,948.63,947.44,-0.0012544406143595933,0.1057004006860225,0.3511111111111111,0,0
9,9,18,2,1,33,0,0,0,0,1,jacoco,java,de91a3fba7ff6cd2c145cff3a63080624694fc2a,f8a0a9e7bd4697538d5b65ed9d29be10872f5531,947.44,947.19,-0.0002638689521236173,0.7243568186676936,0.08,0,0
386,46,432,5,1,36,0,0,0,0,0,jacoco,java,f8a0a9e7bd4697538d5b65ed9d29be10872f5531,50fa941bc80c1c6f84483a774d38eb902cad157a,947.19,946.85,-0.0003589564923616506,0.22105065342981212,0.26666666666666666,0,0
49,0,49,2,1,45,0,0,0,0,0,jacoco,java,50fa941bc80c1c6f84483a774d38eb902cad157a,5977702fc0daab4d799c02943a05958682a282f0,946.85,947.84,0.0010455721603210742,0.03437741180708775,-0.4577777777777778,0,0
46,40,86,5,1,43,0,0,0,0,0,jacoco,java,5977702fc0daab4d799c02943a05958682a282f0,6450b73d809d2ef629ba97c52c05a45ca3ede76b,947.84,947.49,-0.0003692606347063035,0.6934855537002325,0.08888888888888889,0,0
5,5,10,2,1,48,0,0,0,0,0,jacoco,java,6450b73d809d2ef629ba97c52c05a45ca3ede76b,a574c7454fe83263f121a6564dc87ed7e96d8069,947.49,946.95,-0.0005699268593863403,0.8682259903524354,-0.04,0,0
6,0,6,1,1,79,0,0,0,0,0,jacoco,java,a574c7454fe83263f121a6564dc87ed7e96d8069,ae26ea0a0fd19a8c00b4866455048ce1f1624761,946.95,948.82,0.0019747610750303654,0.06196961991403871,-0.40444444444444444,0,0
2,2,4,1,1,53,0,0,0,0,1,jacoco,java,ae26ea0a0fd19a8c00b4866455048ce1f1624761,b57b823765e315d1e514aad120903e7689a49669,948.82,946.26,-0.00269808815159889,0.0009046519651376868,0.7155555555555555,0,0
1,1,2,1,1,57,0,0,0,0,1,jacoco,java,b57b823765e315d1e514aad120903e7689a49669,971af84dbf29bf7bfecc0279cc6eea99cd7e2f6f,946.26,946.61,0.0003698772007693686,0.4806822967560067,-0.15555555555555556,0,0
8,8,16,6,1,18,0,1,0,0,0,jacoco,java,971af84dbf29bf7bfecc0279cc6eea99cd7e2f6f,8067986775c3ae9e83e23785adfdd9fa9d14a2e5,946.61,947.21,0.0006338407580735707,0.3094743057014513,-0.2222222222222222,0,0
16,4,20,2,1,80,0,0,1,0,0,jacoco,java,8067986775c3ae9e83e23785adfdd9fa9d14a2e5,25594b2c01d5b76a4f76cf2de967aa70258c84c0,947.21,947.89,0.0007178978262475585,0.6631500726976157,-0.09777777777777778,0,0
1,7,8,2,1,33,0,0,0,0,1,jacoco,java,25594b2c01d5b76a4f76cf2de967aa70258c84c0,4540885b3a4e7efb30c58d7af1bdccd9c3bf55d4,947.89,948.55,0.0006962833240143563,0.48073111045562256,-0.15555555555555556,0,0
2,6,8,2,1,46,0,0,0,0,1,jacoco,java,4540885b3a4e7efb30c58d7af1bdccd9c3bf55d4,2b9c1a4c2ae25e74833d1c2b2a12b500d4456243,948.55,947.07,-0.0015602762110588841,0.08146074521015789,0.37777777777777777,0,0
24,0,24,1,1,44,0,0,0,0,0,jacoco,java,2b9c1a4c2ae25e74833d1c2b2a12b500d4456243,fd872de13cbac0fa6c813f95fd0421a4ba4e9b67,947.07,947.47,0.00042235526413039926,0.8356870092411566,-0.04888888888888889,0,0
793,793,1586,791,1,21,0,0,0,0,0,jacoco,java,fd872de13cbac0fa6c813f95fd0421a4ba4e9b67,35f352a95551f532da9013f3587e2591cdcef6ec,947.47,949.19,0.001815360908524837,0.048789406514165364,-0.4266666666666667,0,0
2,2,4,1,1,52,0,0,0,0,1,jacoco,java,35f352a95551f532da9013f3587e2591cdcef6ec,04b0141d6ae5e6d1f00f15341b29dd4734ab778a,949.19,948.95,-0.00025284716442441354,0.8357050269952793,0.04888888888888889,0,0
1,1,2,1,1,44,0,0,0,0,1,jacoco,java,04b0141d6ae5e6d1f00f15341b29dd4734ab778a,a1144d02ff0f89d6603214676730a2d5616cf466,948.95,948.48,-0.0004952842615522706,0.6631500726976157,0.09777777777777778,0,0
1,1,2,1,1,30,0,0,0,0,1,jacoco,java,a1144d02ff0f89d6603214676730a2d5616cf466,e50b547bc26ff198acfd16311c028f340af38699,948.48,949.9,0.001497132253711158,0.1844100692216365,-0.28888888888888886,0,0
2,2,4,1,1,52,0,0,0,0,1,jacoco,java,e50b547bc26ff198acfd16311c028f340af38699,7edd1b511a174a663f633c34ae8c951a0ae77d20,949.9,946.73,-0.003337193388777723,0.05639236422683157,0.41333333333333333,0,0
16,3,19,4,1,32,0,0,0,0,0,jacoco,java,7edd1b511a174a663f633c34ae8c951a0ae77d20,907717832435f5085b67d02e1eeec5b63b0f415b,946.73,948.67,0.00204915868304579,0.43059671018389833,-0.17333333333333334,0,0
8,2,10,3,1,27,0,0,0,0,1,jacoco,java,907717832435f5085b67d02e1eeec5b63b0f415b,40ff9fb3b13bb484344936dde4a90b083b79cdbd,948.67,947.64,-0.001085730549084479,0.1984559214557191,0.28,0,0
6,0,6,1,1,68,0,0,0,0,0,jacoco,java,40ff9fb3b13bb484344936dde4a90b083b79cdbd,03a53334c1e3a28ed587feb5adbfa3c0aa536990,947.64,948.7,0.0011185682326622548,0.3614963660708982,-0.2,0,0
6,0,6,1,1,56,0,0,0,0,0,jacoco,java,03a53334c1e3a28ed587feb5adbfa3c0aa536990,fd63cc5478bcd7b32e2070d93ead8c879b423841,948.7,950.1,0.0014757035943923024,0.007016199234239618,-0.5822222222222222,0,0
21,80,101,1,1,45,0,0,0,0,1,jacoco,java,fd63cc5478bcd7b32e2070d93ead8c879b423841,a50585b9e0770c363c56d887a8f639dc05411073,950.1,947.69,-0.0025365750973581395,0.0012151954178690621,0.6977777777777778,0,0
32,32,64,32,1,23,0,0,0,0,0,jacoco,java,a50585b9e0770c363c56d887a8f639dc05411073,dbfb6f2ad904158b5b40a93fea222e263aeaf9ab,947.69,947.28,-0.0004326309236143484,0.44282612113873143,0.1688888888888889,0,0
33,31,64,32,1,39,0,0,0,0,0,jacoco,java,dbfb6f2ad904158b5b40a93fea222e263aeaf9ab,337c80f7c01ce699b1a8eb7916f03aa74c02eaed,947.28,115.94,-0.8776074655856768,3.3918213908250945e-06,1.0,0,0
45,8,53,3,1,82,0,1,0,0,1,jacoco,java,337c80f7c01ce699b1a8eb7916f03aa74c02eaed,2f7f84172f4127d74b33bd333a9da60c33cc176d,115.94,115.45,-0.004226323960669268,0.4806822967560067,0.15555555555555556,0,0
1,1,2,1,1,57,0,0,0,0,1,jacoco,java,2f7f84172f4127d74b33bd333a9da60c33cc176d,92edc21fd80c8080d1ee141a33ef7c7e381197e7,115.45,115.91,0.003984408834993449,0.38357386434415697,-0.19111111111111112,0,0
2,2,4,1,1,50,0,0,0,0,1,jacoco,java,92edc21fd80c8080d1ee141a33ef7c7e381197e7,230937dc3854055bac57ad600fd585a563397a26,115.91,116.27,0.0031058579932706364,0.16453519660394722,-0.3022222222222222,0,0
33,42,75,4,1,33,0,0,0,0,1,jacoco,java,230937dc3854055bac57ad600fd585a563397a26,1ad4a155973702f3714034c9b9ab29788b670c02,116.27,116.44,0.0014621140448955166,0.7874161118682325,-0.06222222222222222,0,0
3,3,6,1,1,79,0,0,0,0,1,jacoco,java,1ad4a155973702f3714034c9b9ab29788b670c02,726dcdf88ca022f1cead486cc4ca239b669c80ea,116.44,115.9,-0.004637581587083408,0.030979219836147834,0.4666666666666667,0,0
347,1,348,4,1,76,0,0,0,0,0,jacoco,java,726dcdf88ca022f1cead486cc4ca239b669c80ea,7ab41d16f2abefb80b6d7788bde2cc4114b38a0e,115.9,115.58,-0.0027610008628128333,0.3724053049155098,0.19555555555555557,0,0
10,0,10,1,1,71,0,0,0,0,0,jacoco,java,7ab41d16f2abefb80b6d7788bde2cc4114b38a0e,4d23aae2859e4010da0a3d5c3ff74e3e9c427548,115.58,115.4,-0.0015573628655476087,0.6040860725185493,0.11555555555555555,0,0
4,4,8,3,1,25,0,0,0,0,1,jacoco,java,4d23aae2859e4010da0a3d5c3ff74e3e9c427548,3bba375e0cb6416efa1a3e3682a7d83cc75a3da8,115.4,115.54,0.0012131715771230552,0.6040860725185493,-0.11555555555555555,0,0
293,0,293,6,1,51,0,0,0,0,0,jacoco,java,3bba375e0cb6416efa1a3e3682a7d83cc75a3da8,adf9595df74ad37f0c9c00c9a54942e326e875df,115.54,115.58,0.00034620045006051616,0.6333259145156125,0.10666666666666667,0,0
2,2,4,1,1,50,0,0,0,0,1,jacoco,java,adf9595df74ad37f0c9c00c9a54942e326e875df,e1e6af6142f30a0210644be7585ad24424a86060,115.58,115.76,0.0015573628655477316,0.3505267202452744,-0.20444444444444446,0,0
45,0,45,1,1,33,0,1,0,0,0,jacoco,java,e1e6af6142f30a0210644be7585ad24424a86060,583ee10ce516b49ca69c15d969ee2df34e8f3853,115.76,116.51,0.0064789219073946094,0.01706732188205732,-0.5155555555555555,0,0
6,1,7,2,1,32,0,0,0,0,1,jacoco,java,583ee10ce516b49ca69c15d969ee2df34e8f3853,c98f7bd01efb3cfe838bee2d65e994b1fd0f287c,116.51,116.08,-0.003690670328727206,0.17106923105635186,0.29777777777777775,0,0
3,4,7,1,1,64,0,0,0,0,0,jacoco,java,c98f7bd01efb3cfe838bee2d65e994b1fd0f287c,a6337c2f5c0f16a98a4e496a96267fb48d2f6c52,116.08,115.96,-0.0010337698139214727,0.8845613440989442,-0.035555555555555556,0,0
69,19,88,8,1,57,0,0,0,0,0,jacoco,java,a6337c2f5c0f16a98a4e496a96267fb48d2f6c52,859da1c9b23a71de257718fa4bbb2c7e2d518614,115.96,116.16,0.0017247326664367269,0.3505803382110487,-0.20444444444444446,0,0
10,12,22,2,1,33,0,0,0,0,1,jacoco,java,859da1c9b23a71de257718fa4bbb2c7e2d518614,303e540a4b204c2668c32c821feb3deaf524ec42,116.16,115.48,-0.005853994490358064,0.056364933842789545,0.41333333333333333,0,0
2,2,4,1,1,50,0,0,0,0,1,jacoco,java,303e540a4b204c2668c32c821feb3deaf524ec42,5aabb2eb60bbcd05df968005f1746ba19dcd5361,115.48,115.77,0.0025112573605818498,0.7089232340537643,-0.08444444444444445,0,0
216,5,221,7,1,43,0,0,0,0,0,jacoco,java,5aabb2eb60bbcd05df968005f1746ba19dcd5361,196e61a0289fda10c3054f768d041c58e4cf1b26,115.77,116.43,0.005700958797616056,0.06799575043506911,-0.39555555555555555,0,0
1,1,2,1,1,57,0,0,0,0,1,jacoco,java,196e61a0289fda10c3054f768d041c58e4cf1b26,ebad1872760568d5c6cc60f65c0a2034dcb66691,116.43,116.05,-0.0032637636348021096,0.5202360544447003,0.14222222222222222,0,0
5,0,5,1,1,61,0,0,0,0,1,jacoco,java,ebad1872760568d5c6cc60f65c0a2034dcb66691,68325881fd3119a1f7952b9d8466208d61aa14fa,116.05,115.81,-0.002068074105988754,0.1985058531538877,0.28,0,0
1,1,2,1,1,17,0,1,0,0,0,jacoco,java,68325881fd3119a1f7952b9d8466208d61aa14fa,7589f79f3a7329b77c605a11a6825aed8b812f0f,115.81,116.28,0.0040583714705120354,0.1247764484568817,-0.3333333333333333,0,0
1,0,1,1,1,61,0,0,0,0,0,jacoco,java,7589f79f3a7329b77c605a11a6825aed8b812f0f,77d2af5ec31faf04419d945e1a0c34da49f8a702,116.28,115.85,-0.0036979704162367288,0.11976191589571145,0.3377777777777778,0,0
99,7,106,4,1,52,0,0,0,0,0,jacoco,java,77d2af5ec31faf04419d945e1a0c34da49f8a702,fce2e5b6ef1cd48c0cb3e436d2454389fceeb637,115.85,115.79,-0.0005179110919291158,0.8681823972070544,-0.04,0,0
10,1,11,1,1,46,0,0,0,0,0,jacoco,java,fce2e5b6ef1cd48c0cb3e436d2454389fceeb637,5fdd9e6e4ac5db18b89433d13e7c34a144ef7a7c,115.79,115.95,0.0013818119008549665,0.40673463585474257,-0.18222222222222223,0,0
10,23,33,3,1,32,0,0,0,0,0,jacoco,java,5fdd9e6e4ac5db18b89433d13e7c34a144ef7a7c,4f851cae6822289c55aff539786405d2bf473584,115.95,115.93,-0.00017248814144024167,0.9009605329267507,-0.03111111111111111,0,0
0,4,4,1,1,28,0,0,0,0,0,jacoco,java,4f851cae6822289c55aff539786405d2bf473584,eda47f1a223d387accedeaed7a3d4f9096fbe5ba,115.93,116.45,0.004485465367031795,0.10573920209087935,-0.3511111111111111,0,0
1,0,1,1,1,68,0,0,1,0,0,jacoco,java,eda47f1a223d387accedeaed7a3d4f9096fbe5ba,7222848bef6a43a15a0809596f024544ecf38397,116.45,116.19,-0.002232717904680164,0.6782348873601296,0.09333333333333334,0,0
1,2,3,1,1,65,0,1,0,0,0,jacoco,java,7222848bef6a43a15a0809596f024544ecf38397,ad12d46652db64975a2fb6718a941c3ada2ea6be,116.19,116.24,0.0004303296324984694,0.8519177555606353,0.044444444444444446,0,0
209,34,243,5,1,42,0,1,0,0,0,jacoco,java,ad12d46652db64975a2fb6718a941c3ada2ea6be,1ba265ee1cd5bc354ee11ac1ca7a2ce8e71d3a98,116.24,132.39,0.13893668272539567,3.3918213908250945e-06,-1.0,0,0
2,2,4,1,1,20,0,1,0,0,0,jacoco,java,1ba265ee1cd5bc354ee11ac1ca7a2ce8e71d3a98,c4cae9087f657945291f15813f4b8566275fb9ba,132.39,130.85,-0.011632298511972144,0.002296219434176282,0.6577777777777778,0,0
401,190,591,4,1,52,0,0,0,0,0,jacoco,java,c4cae9087f657945291f15813f4b8566275fb9ba,b8197762cfa2adb7ebddcc9ea5c3f5849f1ebf0a,130.85,131.98,0.00863584256782572,0.00479007137497761,-0.6088888888888889,0,0
0,1,1,1,1,29,0,0,0,0,0,jacoco,java,b8197762cfa2adb7ebddcc9ea5c3f5849f1ebf0a,3935957ba891cca5e0a88d8639becad05689154c,131.98,132.38,0.003030762236702574,0.07446342917424748,-0.38666666666666666,0,0
7,0,7,1,1,25,0,0,1,0,0,jacoco,java,3935957ba891cca5e0a88d8639becad05689154c,c2d805a8c73615c35d0eea5a7887f7eff412fef4,132.38,132.18,-0.0015108022359872234,0.5897385933186072,0.12,0,0
1,1,2,1,1,57,0,0,0,0,1,jacoco,java,c2d805a8c73615c35d0eea5a7887f7eff412fef4,6492b4035fcd44c9fd4553d30b8576c2cb42c278,132.18,131.86,-0.002420941140868461,0.11980309870594376,0.3377777777777778,0,0
2,2,4,1,1,52,0,0,0,0,1,jacoco,java,6492b4035fcd44c9fd4553d30b8576c2cb42c278,2940177428cdad9d669cec32dc3459fd857438a6,131.86,132.26,0.00303352040042452,0.15841830012714964,-0.30666666666666664,0,0
3,3,6,2,1,33,0,0,0,0,1,jacoco,java,2940177428cdad9d669cec32dc3459fd857438a6,e4ab395b8c37e19dc73b4396a259281384122297,132.26,132.38,0.0009073037955542459,0.9834483076656723,0.008888888888888889,0,0
3,0,3,1,1,28,0,0,0,0,0,jacoco,java,e4ab395b8c37e19dc73b4396a259281384122297,a4f2b16c23b1bfba0419edc1697cb13775c043a9,132.38,132.35,-0.00022662033539810498,0.7088923275427439,0.08444444444444445,0,0
9,11,20,2,1,33,0,0,0,0,1,jacoco,java,a4f2b16c23b1bfba0419edc1697cb13775c043a9,a06b277e824d2b1667fab85e03cb58153c474741,132.35,132.92,0.004306762372497115,0.013578698865964542,-0.5333333333333333,0,0
9,3,12,4,1,47,0,0,0,0,0,jacoco,java,a06b277e824d2b1667fab85e03cb58153c474741,52e6e50d8490fca597092127d519947f48dca733,132.92,132.87,-0.00037616611495623647,0.8034411566561627,0.057777777777777775,0,0
28,6,34,1,1,30,0,1,0,0,0,jacoco,java,52e6e50d8490fca597092127d519947f48dca733,137173919422f5e7fe81ace22bc9f0ae47e8cd54,132.87,131.94,-0.00699932264619558,0.03437741180708775,0.4577777777777778,0,0
17,14,31,3,1,64,0,0,0,0,0,jacoco,java,137173919422f5e7fe81ace22bc9f0ae47e8cd54,d867bbcfab8edaba0b41b2ca233f52e4dffaee82,131.94,131.74,-0.0015158405335757817,0.1408494216179361,0.32,0,0
1,1,2,1,1,57,0,0,0,0,1,jacoco,java,d867bbcfab8edaba0b41b2ca233f52e4dffaee82,36896b919e97cda9f96938c3eafd56c4b808b592,131.74,132.06,0.00242902687110971,0.44282612113873143,-0.1688888888888889,0,0
1,1,2,1,1,32,0,0,0,0,1,jacoco,java,36896b919e97cda9f96938c3eafd56c4b808b592,7d01bcad9e7ce19dc5b7c8ba316abdb8d530dc8a,132.06,131.79,-0.0020445252158110723,0.37245850431098704,0.19555555555555557,0,0
1,1,2,1,1,33,0,0,0,0,1,jacoco,java,7d01bcad9e7ce19dc5b7c8ba316abdb8d530dc8a,55c03b848279ba492d8645f1febe2133ed6d11d7,131.79,132.23,0.003338644813718778,0.11020754231890449,-0.3466666666666667,0,0
31,2,33,2,1,51,0,0,0,0,0,jacoco,java,55c03b848279ba492d8645f1febe2133ed6d11d7,7d9b69e003da6ba5d5e8cc87e85cca2b03c3b66e,132.23,175.99,0.33093851622173504,3.3833394126542183e-06,-1.0,1,1
3,3,6,2,1,33,0,0,0,0,1,jacoco,java,7d9b69e003da6ba5d5e8cc87e85cca2b03c3b66e,517ecddb6eb3e69d33834ae4f12b78dc0f33583f,175.99,177.73,0.009886925393488157,2.7983495853192978e-05,-0.9022222222222223,0,0
1,1,2,1,1,57,0,0,0,0,1,jacoco,java,517ecddb6eb3e69d33834ae4f12b78dc0f33583f,5dda5f4ea92f8538dcc5bd302ead377ef8c4d400,177.73,177.26,-0.0026444606988127997,0.08149464839345506,0.37777777777777777,0,0
494,40,534,20,1,60,0,0,0,0,0,jacoco,java,5dda5f4ea92f8538dcc5bd302ead377ef8c4d400,831ecd609e17a3a5f8e114134fa0ce1d2071c6bd,177.26,990.56,4.588175561322351,3.3918213908250945e-06,-1.0,1,1
99,0,99,2,1,69,0,0,1,0,0,jacoco,java,831ecd609e17a3a5f8e114134fa0ce1d2071c6bd,1988ec3c808b0d9e616741bba87846c867f2fa63,990.56,990.43,-0.00013123889517040408,0.6333259145156125,-0.10666666666666667,0,0
5,5,10,4,1,80,0,0,0,0,0,jacoco,java,1988ec3c808b0d9e616741bba87846c867f2fa63,44b4e5aeb3aabd370e9632074c2a426455aeb482,990.43,988.93,-0.0015144937047545006,0.020191414969204246,0.5022222222222222,0,0
233,27,260,9,1,85,0,0,0,0,0,jacoco,java,44b4e5aeb3aabd370e9632074c2a426455aeb482,58b3e65efd4237607361f1643cd485945a508262,988.93,116.14,-0.8825599385194098,3.3918213908250945e-06,1.0,0,0
2,2,4,1,1,52,0,0,0,0,1,jacoco,java,58b3e65efd4237607361f1643cd485945a508262,357a11dfce01095c8369bcdafec7d9a1251cf9fb,116.14,116.41,0.0023247804374030997,0.2997046058214359,-0.22666666666666666,0,0
432,11,443,5,1,26,0,0,0,0,0,jacoco,java,357a11dfce01095c8369bcdafec7d9a1251cf9fb,517d8e5dd523a43c73e42bc06b99de76290056c5,116.41,115.75,-0.005669616012370042,0.04195061685121764,0.44,0,0
38,37,75,5,1,47,0,0,0,0,0,jacoco,java,517d8e5dd523a43c73e42bc06b99de76290056c5,49ee4db49a3a0c4fdb0f376d729c064292fdc642,115.75,115.71,-0.0003455723542117171,0.8681678565418436,0.04,0,0
1,0,1,1,1,59,0,0,0,0,0,jacoco,java,49ee4db49a3a0c4fdb0f376d729c064292fdc642,27427bd091e14fca210bed9953711103f5ce7cad,115.71,116.24,0.004580416558637984,0.046462337840437296,-0.4311111111111111,0,0
20,1,21,1,1,78,0,0,0,0,0,jacoco,java,27427bd091e14fca210bed9953711103f5ce7cad,2b375134c541731816dea07e12ce7e720661d5b5,116.24,115.67,-0.004903647625602144,0.01706732188205732,0.5155555555555555,0,0
1,1,2,1,1,43,0,0,0,0,1,jacoco,java,2b375134c541731816dea07e12ce7e720661d5b5,2f996967195423ac77390c6d43253bfc0bcdd40e,115.67,116.11,0.0038039249589348813,0.11498741920155964,-0.3422222222222222,0,0
1,1,2,1,1,49,0,0,0,0,1,jacoco,java,2f996967195423ac77390c6d43253bfc0bcdd40e,c185535411eda2e5974fe493a25d3998e6f1d35a,116.11,116.45,0.002928257686676457,0.8195259356447925,-0.05333333333333334,0,0
1,1,2,1,1,44,0,0,0,0,1,jacoco,java,c185535411eda2e5974fe493a25d3998e6f1d35a,a6521f1850fc494d93b630424a575610ab397493,116.45,116.44,-8.587376556466395e-05,0.9009714934164412,-0.03111111111111111,0,0
1,1,2,1,1,51,0,0,0,0,1,jacoco,java,a6521f1850fc494d93b630424a575610ab397493,d28300a5bc2bfca432b24bb660a0ceb1e1aa45d6,116.44,116.15,-0.002490553074544762,0.1844100692216365,0.28888888888888886,0,0
1,1,2,1,1,50,0,0,0,0,1,jacoco,java,d28300a5bc2bfca432b24bb660a0ceb1e1aa45d6,ae002e534ed9ec0ab0de17091e4f77bbe66b7346,116.15,116.28,0.0011192423590184713,0.5068676685018398,-0.14666666666666667,0,0
1,1,2,1,1,74,0,0,0,0,1,jacoco,java,ae002e534ed9ec0ab0de17091e4f77bbe66b7346,9f2b0dd79f5ce74f6a5c327413d68c759bc83065,116.28,115.53,-0.006449948400412796,0.11486622496932354,0.3422222222222222,0,0
1,1,2,1,1,47,0,0,0,0,1,jacoco,java,9f2b0dd79f5ce74f6a5c327413d68c759bc83065,2e63a8db9ce73661958a332b3f8055d3c2dfb28e,115.53,116.09,0.004847225828789079,0.013557870419357743,-0.5333333333333333,0,0
1,1,2,1,1,42,0,0,0,0,1,jacoco,java,2e63a8db9ce73661958a332b3f8055d3c2dfb28e,c277cd1a43fea8df96972fa00116a3c2286e9ca8,116.09,115.76,-0.002842622103540342,0.06196961991403871,0.40444444444444444,0,0
1,1,2,1,1,47,0,0,0,0,1,jacoco,java,c277cd1a43fea8df96972fa00116a3c2286e9ca8,013e4c6e15ab5976dab37d0a5a987a69cf07944e,115.76,116.29,0.0045784381478922,0.13533864384381597,-0.3244444444444444,0,0
2,2,4,1,1,44,0,0,0,0,1,jacoco,java,013e4c6e15ab5976dab37d0a5a987a69cf07944e,9cbd49769a18e11038869db153b242aef62ba93a,116.29,116.35,0.0005159515005588448,0.3192905486924468,-0.21777777777777776,0,0
1,1,2,1,1,42,0,0,0,0,1,jacoco,java,9cbd49769a18e11038869db153b242aef62ba93a,be82765411dd926735d2b5e8b48ff36a9286e96a,116.35,115.74,-0.005242801890846579,0.05631007894824885,0.41333333333333333,0,0
1,1,2,1,1,52,0,0,0,0,1,jacoco,java,be82765411dd926735d2b5e8b48ff36a9286e96a,d2199c3af3f1706b2f94e7e5a54c3da8f183c95e,115.74,115.37,-0.0031968204596508586,0.070996263252355,0.39111111111111113,0,0
1,1,2,1,1,46,0,0,0,0,1,jacoco,java,d2199c3af3f1706b2f94e7e5a54c3da8f183c95e,90956bd49ad5fd42472aab6a552f2a34bdfe30f4,115.37,115.82,0.0039004940625811616,0.05906998675991153,-0.4088888888888889,0,0
1,1,2,1,1,46,0,0,0,0,1,jacoco,java,90956bd49ad5fd42472aab6a552f2a34bdfe30f4,8316f6d8a06d853a6fd606e7fa54a33f11b296c9,115.82,116.37,0.004748748057330439,0.5897385933186072,-0.12,0,0
1,1,2,1,1,48,0,0,0,0,1,jacoco,java,8316f6d8a06d853a6fd606e7fa54a33f11b296c9,1f973f7575677202a4b1e21d9074c3419b79d96f,116.37,116.16,-0.0018045888115494368,0.6935179289009736,-0.08888888888888889,0,0
1,1,2,1,1,36,0,0,0,0,1,jacoco,java,1f973f7575677202a4b1e21d9074c3419b79d96f,5a1272d6ab956f261c1fa1a2f1a801e3830870de,116.16,116.12,-0.0003443526170798213,0.41830656356122553,0.17777777777777778,0,0
1,1,2,1,1,45,0,0,0,0,1,jacoco,java,5a1272d6ab956f261c1fa1a2f1a801e3830870de,3ae8e407005402ba2d075f98baa4e1692ba8236e,116.12,116.88,0.006544953496382974,0.018040978421176027,-0.5111111111111111,0,0
1,1,2,1,1,47,0,0,0,0,1,jacoco,java,3ae8e407005402ba2d075f98baa4e1692ba8236e,435579f27cb8259ba14c1a868245a843e053211f,116.88,991.13,7.479893908281999,3.3918213908250945e-06,-1.0,1,1
2,2,4,1,1,50,0,0,0,0,1,jacoco,java,435579f27cb8259ba14c1a868245a843e053211f,282a9b762853d9a4d75a61ac49d60697245292d5,991.13,988.98,-0.0021692411691705197,0.04648668639528603,0.4311111111111111,0,0
2,2,4,1,1,52,0,0,0,0,1,jacoco,java,282a9b762853d9a4d75a61ac49d60697245292d5,ca9115f1ec0095c839561e987baaae8deb4ea91b,988.98,991.88,0.0029323141013973763,0.03101661143801677,-0.4666666666666667,0,0
2,2,4,1,1,50,0,0,0,0,1,jacoco,java,ca9115f1ec0095c839561e987baaae8deb4ea91b,02ade4bd792803082cdc9e5fda246e641717ce08,991.88,992.06,0.00018147356535059682,0.43059671018389833,-0.17333333333333334,0,0
1,1,2,1,1,57,0,0,0,0,1,jacoco,java,02ade4bd792803082cdc9e5fda246e641717ce08,658debfad680e7bdda297d0ae6ef9b493041b358,992.06,989.97,-0.0021067274156804207,0.09705388615647788,0.36,0,0
3,3,6,2,1,33,0,0,0,0,1,jacoco,java,658debfad680e7bdda297d0ae6ef9b493041b358,751d815ec6b94fd9f5dc0eadb65c73793fb626fe,989.97,989.03,-0.0009495237229411543,0.03439744889250225,0.4577777777777778,0,0
1,1,2,1,1,42,0,0,0,0,1,jacoco,java,751d815ec6b94fd9f5dc0eadb65c73793fb626fe,91585a0eb39675200b8954d4bc9b2d428937a440,989.03,989.96,0.0009403152583845421,0.24548500120312422,-0.25333333333333335,0,0
3,1,4,3,1,29,0,0,0,0,1,jacoco,java,91585a0eb39675200b8954d4bc9b2d428937a440,66a46287d9c1cb10ae6fec3f9499554642d6a40c,989.96,991.12,0.0011717645157379773,0.05123941919274439,-0.4222222222222222,0,0
15,2,17,4,1,32,0,0,0,0,0,jacoco,java,66a46287d9c1cb10ae6fec3f9499554642d6a40c,cb4b2138b49545814706c2cf5ec328940cf9b4d3,991.12,988.39,-0.0027544596012592,0.001619713575230349,0.68,0,0
1,1,2,1,1,47,0,0,0,0,1,jacoco,java,cb4b2138b49545814706c2cf5ec328940cf9b4d3,04d689e07e5613917d64a914d0bdf12477336a19,988.39,991.72,0.003369115430144013,0.002296219434176282,-0.6577777777777778,0,0
8,1,9,2,1,48,0,0,0,0,1,jacoco,java,04d689e07e5613917d64a914d0bdf12477336a19,3a544915a86c7cbaf0b296c95c24322310c5a75b,991.72,987.6,-0.004154398418908568,0.0002837126592054778,0.7822222222222223,0,0
1,1,2,1,1,43,0,0,0,0,1,jacoco,java,3a544915a86c7cbaf0b296c95c24322310c5a75b,eef103a35387855e5a4157e0aceab1d4428b5dd1,987.6,989.02,0.0014378290805993916,0.012821684691391543,-0.5377777777777778,0,0
2,2,4,1,1,50,0,0,0,0,1,jacoco,java,eef103a35387855e5a4157e0aceab1d4428b5dd1,1a6ad9dcd6fbeedfc7cb098f23b15e227ed1b275,989.02,989.36,0.00034377464560881666,0.8034625743147712,-0.057777777777777775,0,0
2,2,4,1,1,52,0,0,0,0,1,jacoco,java,1a6ad9dcd6fbeedfc7cb098f23b15e227ed1b275,d5908a249db6aa76b14f9661bc7f40e41ec7bc0c,989.36,992.22,0.002890757661518571,0.0002837126592054778,-0.7822222222222223,0,0
1,1,2,1,1,49,0,0,0,0,1,jacoco,java,d5908a249db6aa76b14f9661bc7f40e41ec7bc0c,bb9fdd670f2b5cf511520721461488cf1ecfc117,992.22,991.07,-0.0011590171534538482,0.00897202481281498,0.5644444444444444,0,0
31,0,31,4,1,74,0,0,0,0,0,jacoco,java,bb9fdd670f2b5cf511520721461488cf1ecfc117,00312094ecf4ea543eeaf3beb7dcfdb932898405,991.07,987.69,-0.003410455366422145,0.00042246757669391977,0.76,0,0
1,1,2,1,1,47,0,0,0,0,1,jacoco,java,00312094ecf4ea543eeaf3beb7dcfdb932898405,11567593d0d1d5a9a5cc674baf4cf0e82c74966c,987.69,986.98,-0.000718849031578771,0.4185655899250009,0.17777777777777778,0,0
1,1,2,1,1,17,0,1,0,0,0,jacoco,java,11567593d0d1d5a9a5cc674baf4cf0e82c74966c,7e3207484e2df256838186be8c7ed5c72e8f93ac,986.98,990.34,0.0034043243024174893,9.644244860572254e-05,-0.84,0,0
0,1,1,1,1,120,0,1,0,0,0,jacoco,java,7e3207484e2df256838186be8c7ed5c72e8f93ac,a69d52865f34cd5cb1b7a673c1b57282dea74dec,990.34,993.45,0.0031403356423046766,0.0022936275149831324,-0.6577777777777778,0,0
276,4,280,4,1,54,0,0,0,0,0,jacoco,java,a69d52865f34cd5cb1b7a673c1b57282dea74dec,3c44d5fd8d74f768301d9957237cf8db2052794b,993.45,116.1,-0.8831345311792239,3.3918213908250945e-06,1.0,0,0
1,1,2,1,1,17,0,1,0,0,0,jacoco,java,3c44d5fd8d74f768301d9957237cf8db2052794b,c533dedc7cc6d1408836059c01459a8487db6485,116.1,116.13,0.00025839793281654726,0.5895729675365134,-0.12,0,0
169,69,238,6,1,41,0,0,0,0,0,jacoco,java,c533dedc7cc6d1408836059c01459a8487db6485,9368edebe136dba2477ad05a05873c08842f3b6b,116.13,116.15,0.00017222078704908492,0.9338864180775845,0.022222222222222223,0,0
22,0,22,1,1,87,0,0,0,0,0,jacoco,java,9368edebe136dba2477ad05a05873c08842f3b6b,f34c838f1c31531b60d905607f35d531ddaacae1,116.15,116.28,0.0011192423590184713,0.4185655899250009,-0.17777777777777778,0,0
6,6,12,3,1,64,0,1,0,0,0,jacoco,java,f34c838f1c31531b60d905607f35d531ddaacae1,1e8b179cc08dc00f8507b67db6582861fe3068f5,116.28,116.47,0.0016339869281045557,0.771501761065229,-0.06666666666666667,0,0
3,3,6,1,1,50,0,1,0,0,0,jacoco,java,1e8b179cc08dc00f8507b67db6582861fe3068f5,20f076cb921588b80e6bb0b397b9aaf4dde910b5,116.47,116.15,-0.0027474886236798592,0.8682114641097,0.04,0,0
1,1,2,1,1,17,0,1,0,0,0,jacoco,java,20f076cb921588b80e6bb0b397b9aaf4dde910b5,764b1d1026c9dc58028cfbb03a90f6048135ffcf,116.15,115.76,-0.0033577270770555365,0.6782010822892671,0.09333333333333334,0,0
0,1,1,1,1,74,0,0,0,0,0,jacoco,java,764b1d1026c9dc58028cfbb03a90f6048135ffcf,ed3cb650e1dd477fcdf8a74e799b60825e5a98a3,115.76,116.08,0.002764340013821641,0.5754258746624656,-0.12444444444444444,0,0
110,21,131,6,1,72,0,0,1,0,1,jacoco,java,ed3cb650e1dd477fcdf8a74e799b60825e5a98a3,e68ecf2385522009dc74dace96037f8d90be311e,116.08,115.87,-0.0018090971743624548,0.3295843113676419,0.21333333333333335,0,0
1,1,2,1,1,66,0,0,0,0,0,jacoco,java,e68ecf2385522009dc74dace96037f8d90be311e,92936c51fb3572f77a4eca9a2c1775afb7580dfa,115.87,115.54,-0.0028480193320099966,0.46782177534047653,0.16,0,0
5,5,10,3,1,56,0,1,0,0,0,jacoco,java,92936c51fb3572f77a4eca9a2c1775afb7580dfa,a1571a8d82b0a99df2131dfdfd6749605fee93db,115.54,116.54,0.008655011251514626,0.17087875263954444,-0.29777777777777775,0,0
3,3,6,2,1,56,0,1,0,0,0,jacoco,java,a1571a8d82b0a99df2131dfdfd6749605fee93db,91bf76cbbbd42d733e6b8bef7a094a01ecaccd74,116.54,116.14,-0.003432297923459805,0.46782177534047653,0.16,0,0
2,0,2,1,1,61,0,1,0,0,0,jacoco,java,91bf76cbbbd42d733e6b8bef7a094a01ecaccd74,1d9f0bb2ec7bcf7c68466e43d911ab7b58fe2817,116.14,116.25,0.0009471327707938646,0.22902896662469463,-0.26222222222222225,0,0
60,13,73,1,1,89,0,0,1,0,0,jacoco,java,1d9f0bb2ec7bcf7c68466e43d911ab7b58fe2817,10705517b5d9a0bc8c8a9d3386c84adc0740112c,116.25,116.07,-0.0015483870967742523,0.28084201086629845,0.23555555555555555,0,0
6,6,12,3,1,46,0,1,0,0,0,jacoco,java,10705517b5d9a0bc8c8a9d3386c84adc0740112c,0ebc1d93eb58b451dae75c5825647fef270f70e5,116.07,115.86,-0.0018092530369604011,0.9669147771731937,-0.013333333333333334,0,0
73,0,73,1,1,50,0,0,1,0,0,jacoco,java,0ebc1d93eb58b451dae75c5825647fef270f70e5,e1340eb7a6d96a5f1fd0dc2337b35bbc94220589,115.86,116.18,0.002761954082513442,0.7088614111935311,-0.08444444444444445,0,0
3,3,6,3,1,48,0,1,0,0,0,jacoco,java,e1340eb7a6d96a5f1fd0dc2337b35bbc94220589,667655df85737199a0942943027c80e845a90aae,116.18,116.0,-0.0015493200206576588,0.9174021048159461,0.02666666666666667,0,0
2,2,4,2,1,50,0,1,0,0,0,jacoco,java,667655df85737199a0942943027c80e845a90aae,e4d600ab24ae2f3dea8231f15e13d71876e77bda,116.0,116.03,0.00025862068965518223,0.4305454169461189,-0.17333333333333334,0,0
113,0,113,1,1,55,0,0,1,0,0,jacoco,java,e4d600ab24ae2f3dea8231f15e13d71876e77bda,081d054a06e944625546d50a463fc72e1bba67d1,116.03,116.22,0.0016375075411531304,0.8681969330621228,-0.04,0,0
36,0,36,6,1,50,0,1,0,0,0,jacoco,java,081d054a06e944625546d50a463fc72e1bba67d1,b71736944cf29cfc0a51292a3f6885ea3a377cd4,116.22,116.46,0.0020650490449147726,0.561316731954588,-0.1288888888888889,0,0
4,5,9,2,1,32,0,0,0,0,1,jacoco,java,b71736944cf29cfc0a51292a3f6885ea3a377cd4,83dba7880aef2ebffcec91012a3544cab6877ad8,116.46,116.29,-0.001459728662201507,0.6630797165831224,-0.09777777777777778,0,0
16,5,21,4,1,46,0,0,0,0,1,jacoco,java,83dba7880aef2ebffcec91012a3544cab6877ad8,46f0a6dfe349a3a220187735bcf0e3dd27018a28,116.29,115.96,-0.0028377332530743183,0.1248184057230855,0.3333333333333333,0,0
23,23,46,21,1,18,0,1,0,0,0,jacoco,java,46f0a6dfe349a3a220187735bcf0e3dd27018a28,3258839e221c645e9bbc1c2a6aa52a46a0db751d,115.96,116.44,0.0041393583994481205,0.3195059648919748,-0.21777777777777776,0,0
1,1,2,1,1,61,0,0,0,0,0,jacoco,java,3258839e221c645e9bbc1c2a6aa52a46a0db751d,eb18149b70db556610ff833b97c468248d234e24,116.44,116.64,0.0017176228100309417,0.2371039611073864,-0.2577777777777778,0,0
12,9,21,3,1,57,0,0,0,0,0,jacoco,java,eb18149b70db556610ff833b97c468248d234e24,d705ab1662ab3ef0fa307411b231cc09ff6e7ca1,116.64,115.94,-0.006001371742112507,0.012811703990495632,0.5377777777777778,0,0
156,0,156,1,1,59,0,0,1,0,0,jacoco,java,d705ab1662ab3ef0fa307411b231cc09ff6e7ca1,e571765a0ec4fc6d6ce31b708e13016904bc3fbc,115.94,115.55,-0.0033638088666551715,0.6631149001410768,0.09777777777777778,0,0
132,25,157,11,1,45,0,0,0,0,0,jacoco,java,e571765a0ec4fc6d6ce31b708e13016904bc3fbc,b66837a01e53452244870776e2da4bd3b4d8aa92,115.55,116.75,0.010385114668974495,0.010735733303119579,-0.5511111111111111,0,0
47,48,95,28,1,68,0,0,0,0,0,jacoco,java,b66837a01e53452244870776e2da4bd3b4d8aa92,5a6a5c4719aa009c1f2117f4ccc04d19d6d812fc,116.75,116.44,-0.002655246252676679,0.4066824248843106,0.18222222222222223,0,0
84,0,84,2,1,63,0,0,1,0,0,jacoco,java,5a6a5c4719aa009c1f2117f4ccc04d19d6d812fc,fac812ea0c5de6cc5721ce6f22f27d69525efcde,116.44,116.82,0.0032634833390587036,0.14657603430900068,-0.31555555555555553,0,0
160,0,160,2,1,71,0,0,1,0,0,jacoco,java,fac812ea0c5de6cc5721ce6f22f27d69525efcde,e8f0907904649b98fb901b3834f9025813223570,116.82,115.56,-0.010785824345146302,0.005804982962200184,0.5955555555555555,0,0
1,1,2,1,1,47,0,0,0,0,1,jacoco,java,e8f0907904649b98fb901b3834f9025813223570,e6f29c902242c24c20f7740e27006a83330b8e88,115.56,116.4,0.007268951194184869,0.09294785335621057,-0.36444444444444446,0,0
45,6,51,2,1,67,0,0,1,0,0,jacoco,java,e6f29c902242c24c20f7740e27006a83330b8e88,aa0ebe8eb44d6ffe010afe134b6f0deb34491e81,116.4,116.82,0.0036082474226803046,0.10573920209087935,-0.3511111111111111,0,0
2,2,4,2,1,49,0,0,0,0,1,jacoco,java,aa0ebe8eb44d6ffe010afe134b6f0deb34491e81,5d8e0855e3ce82cabf0042c668df41a1bce50095,116.82,116.21,-0.005221708611539116,0.2997583700887151,0.22666666666666666,0,0
220,8,228,7,1,57,0,0,0,0,0,jacoco,java,5d8e0855e3ce82cabf0042c668df41a1bce50095,6a1a43010d24eb79617b35795fd474d39a4f45a6,116.21,116.29,0.0006884089148955555,0.3614963660708982,0.2,0,0
211,147,358,5,1,72,0,0,0,0,0,jacoco,java,6a1a43010d24eb79617b35795fd474d39a4f45a6,1b2ebc3cd415c272b92c60d708b6d3b459a52d8b,116.29,116.15,-0.001203886834637549,0.7243568186676936,0.08,0,0
1,1,2,1,1,46,0,0,0,0,1,jacoco,java,1b2ebc3cd415c272b92c60d708b6d3b459a52d8b,451e6b6b64161c1e18730160c6248ca8aa176874,116.15,115.84,-0.0026689625484287755,0.5201896281677034,0.14222222222222222,0,0
8,0,8,1,1,76,0,0,0,0,0,jacoco,java,451e6b6b64161c1e18730160c6248ca8aa176874,b1ad67d3009c29a6725a2548721041140a577a54,115.84,116.51,0.00578383977900554,0.038024011120459396,-0.4488888888888889,0,0
98,0,98,3,1,62,0,0,1,0,0,jacoco,java,b1ad67d3009c29a6725a2548721041140a577a54,1e37ea8645e4702bcc6a817adf08864a987fd19b,116.51,116.39,-0.0010299545103424988,0.339924687660331,0.2088888888888889,0,0
94,170,264,19,1,77,0,0,0,0,0,jacoco,java,1e37ea8645e4702bcc6a817adf08864a987fd19b,22ead5e845a3db08b0f3051eb9f2fe8e6edcf827,116.39,116.63,0.0020620328206890186,0.25385839882939665,-0.24888888888888888,0,0
84,0,84,2,1,64,0,0,1,0,0,jacoco,java,22ead5e845a3db08b0f3051eb9f2fe8e6edcf827,70a82d91eac20b0b9286ac728ca63a27157fbc3a,116.63,116.53,-0.0008574123295892507,0.9503844315376063,-0.017777777777777778,0,0
21,20,41,4,1,92,0,0,0,0,0,jacoco,java,70a82d91eac20b0b9286ac728ca63a27157fbc3a,f59a132c87ca4bd7e975a6790191c3b7984a5276,116.53,116.07,-0.003947481335278538,0.3296381262105611,0.21333333333333335,0,0
268,20,288,4,1,64,0,0,0,0,0,jacoco,java,f59a132c87ca4bd7e975a6790191c3b7984a5276,e21a0b13a9da4aecb4b3c60faeacf45a5b11b9db,116.07,116.67,0.005169294391315659,0.4185655899250009,-0.17777777777777778,0,0
1,1,2,1,1,64,0,0,0,0,0,jacoco,java,e21a0b13a9da4aecb4b3c60faeacf45a5b11b9db,a685e56a199689d9bdfe9ffc85fc06fac551b32a,116.67,116.83,0.0013713893888745742,0.22105065342981212,-0.26666666666666666,0,0
1,1,2,1,1,57,0,0,0,0,1,jacoco,java,a685e56a199689d9bdfe9ffc85fc06fac551b32a,f368aee3f4ee8abbd01a21b09eb7c7fc43298a32,116.83,116.15,-0.0058204228366001256,0.06194060062705199,0.40444444444444444,0,0
2,2,4,1,1,52,0,0,0,0,1,jacoco,java,f368aee3f4ee8abbd01a21b09eb7c7fc43298a32,f39a12843f75d42ad9334bcb77bc9c1c4e9de586,116.15,116.71,0.004821351700387327,0.0442058160136522,-0.43555555555555553,0,0
835,835,1670,834,1,21,0,0,0,0,0,jacoco,java,f39a12843f75d42ad9334bcb77bc9c1c4e9de586,4e159f7b351f8038bd72a0813445a427d62586b3,116.71,115.95,-0.00651186702082076,0.0019984683129749183,0.6666666666666666,0,0
1,1,2,1,1,62,0,0,0,0,0,jacoco,java,4e159f7b351f8038bd72a0813445a427d62586b3,8ad8325782181e04ff8ff5c1666e53ca71d31a58,115.95,116.78,0.007158257869771438,0.06796511812064768,-0.39555555555555555,0,0
128,13,141,4,1,72,0,0,0,0,0,jacoco,java,8ad8325782181e04ff8ff5c1666e53ca71d31a58,be4f9fda8ee9c06bfcf4dc7db55ed6fefdbb9c53,116.78,116.39,-0.0033396129474225086,0.8519014678076672,0.044444444444444446,0,0
2,1,3,2,1,45,0,0,0,0,1,jacoco,java,be4f9fda8ee9c06bfcf4dc7db55ed6fefdbb9c53,22851b7909cb5c3258fb61fffd7f2ff73ad11666,116.39,117.18,0.006787524701434885,0.8519177555606353,-0.044444444444444446,0,0
1,1,2,1,1,48,0,0,0,0,1,jacoco,java,22851b7909cb5c3258fb61fffd7f2ff73ad11666,2ebe0b1d9535a220172952d8c2dbc10666315e14,117.18,116.09,-0.009301928656767395,0.09705388615647788,0.36,0,0
2,2,4,1,1,79,0,0,0,0,0,jacoco,java,2ebe0b1d9535a220172952d8c2dbc10666315e14,24b35c710d443a5442e65b99a3bad53c8d188b0f,116.09,116.2,0.0009475407011801139,0.5896972055949141,-0.12,0,0
2,1,3,1,1,69,0,0,0,0,0,jacoco,java,24b35c710d443a5442e65b99a3bad53c8d188b0f,d0b62b5db612ae0df720aaa52454182dd4181bd7,116.2,115.85,-0.003012048192771158,0.37245850431098704,0.19555555555555557,0,0
22,0,22,1,1,69,0,0,0,0,0,jacoco,java,d0b62b5db612ae0df720aaa52454182dd4181bd7,5aa793395c08c2f55029de791bb26af2162d9c6e,115.85,116.13,0.002416918429003031,0.6934855537002325,-0.08888888888888889,0,0
1,1,2,1,1,57,0,0,0,0,1,jacoco,java,5aa793395c08c2f55029de791bb26af2162d9c6e,0163519f9a13506a93d736e976197ab010e381f7,116.13,117.3,0.010074916042366329,0.0022936275149831324,-0.6577777777777778,0,0
80,0,80,5,1,85,0,0,0,0,0,jacoco,java,0163519f9a13506a93d736e976197ab010e381f7,4e796eaf625c31bc178507af8329d12c43ec782b,117.3,116.97,-0.0028132992327365583,0.5474631812634612,0.13333333333333333,0,0
4,1,5,1,1,40,0,0,0,0,0,jacoco,java,4e796eaf625c31bc178507af8329d12c43ec782b,a76cc28c03f45cc799ecd4e2bfde2fc01a986d5c,116.97,116.39,-0.0049585363768487505,0.018053798861938895,0.5111111111111111,0,0
1,1,2,1,1,48,0,0,0,0,1,jacoco,java,a76cc28c03f45cc799ecd4e2bfde2fc01a986d5c,4d93da139a062359b7cf26fcaab200ec5ffea42c,116.39,116.72,0.0028352951284474465,0.3193982808676096,-0.21777777777777776,0,0
385,2,387,7,1,37,0,0,0,0,0,jacoco,java,4d93da139a062359b7cf26fcaab200ec5ffea42c,5334d9fb6cbcd78e35217556a40703b927c2b80f,116.72,117.06,0.0029129540781357385,1.0,-0.0044444444444444444,0,0
1,3,4,2,1,33,0,0,0,0,1,jacoco,java,5334d9fb6cbcd78e35217556a40703b927c2b80f,0b6e88218b18aa70cf565976d5a1ef79fa88434c,117.06,116.31,-0.0064069707842132236,0.2371039611073864,0.2577777777777778,0,0
48,0,48,2,1,53,0,0,1,0,0,jacoco,java,0b6e88218b18aa70cf565976d5a1ef79fa88434c,5ee4222067c261a0de17888b1236f004ac2b21e1,116.31,116.9,0.0050726506749205,0.07115347874462595,-0.39111111111111113,0,0
2,2,4,1,1,52,0,0,0,0,1,jacoco,java,5ee4222067c261a0de17888b1236f004ac2b21e1,c2596680f89fa1c1b66095a3d9e73cfe748a4a4c,116.9,117.31,0.0035072711719418012,0.08515445422127957,-0.37333333333333335,0,0
1,1,2,1,1,57,0,0,0,0,1,jacoco,java,c2596680f89fa1c1b66095a3d9e73cfe748a4a4c,0bb8bd525f22c6d2427c3b5e23b0292ec64201b0,117.31,117.02,-0.0024720825164095666,0.3094743057014513,0.2222222222222222,0,0
1,1,2,1,1,44,0,0,0,0,1,jacoco,java,0bb8bd525f22c6d2427c3b5e23b0292ec64201b0,80ebc77eaee121bfef3f132fdc4c9baa66137f0a,117.02,116.12,-0.0076909929926507565,0.06489520167048737,0.4,0,0
1,1,2,1,1,46,0,0,0,0,1,jacoco,java,80ebc77eaee121bfef3f132fdc4c9baa66137f0a,c7da68b0f15e7cfc8482e7b524751401abd9b1e8,116.12,116.43,0.002669652084051001,0.5896972055949141,-0.12,0,0
1,1,2,1,1,45,0,0,0,0,1,jacoco,java,c7da68b0f15e7cfc8482e7b524751401abd9b1e8,21f6a99d7bbd518b22838855c93af9ad72ff36fb,116.43,115.74,-0.005926307652666941,0.017030399291390597,0.5155555555555555,0,0
1,1,2,1,1,48,0,0,0,0,1,jacoco,java,21f6a99d7bbd518b22838855c93af9ad72ff36fb,99707c3b2d540285b4418a9d056bba5ee18453e1,115.74,116.86,0.009676861931916404,0.00026216888813650863,-0.7866666666666666,0,0
1,1,2,1,1,57,0,0,0,0,1,jacoco,java,99707c3b2d540285b4418a9d056bba5ee18453e1,f0dcc6b0b78b04dd94617707551f6c2d18426d09,116.86,117.02,0.0013691596782474465,0.6186695570822622,0.1111111111111111,0,0
1,1,2,1,1,33,0,0,0,0,1,jacoco,java,f0dcc6b0b78b04dd94617707551f6c2d18426d09,ee07ecb663f256930aa3b12771855ff555ec4e1b,117.02,116.46,-0.004785506750982758,0.5067730974898798,0.14666666666666667,0,0
4,4,8,3,1,27,0,0,0,0,1,jacoco,java,ee07ecb663f256930aa3b12771855ff555ec4e1b,17d31aa1073b1a327f1d7b631ff480a60cd40df5,116.46,116.53,0.0006010647432595517,0.9338643952668264,0.022222222222222223,0,0
9,9,18,3,1,32,0,0,0,0,0,jacoco,java,17d31aa1073b1a327f1d7b631ff480a60cd40df5,e579092d415247939c7098bfbaa3cbbe4dc7fe0d,116.53,116.22,-0.0026602591607311618,0.2997046058214359,0.22666666666666666,0,0
32,32,64,32,1,23,0,0,0,0,0,jacoco,java,e579092d415247939c7098bfbaa3cbbe4dc7fe0d,78d5eff856bbe6129f05012e40c13d1840e20598,116.22,1027.05,7.837119256582343,3.3833394126542183e-06,-1.0,1,1
33,31,64,32,1,39,0,0,0,0,0,jacoco,java,78d5eff856bbe6129f05012e40c13d1840e20598,23f698a35c7b7f85a6663acfb5da9b2b48106f42,1027.05,116.28,-0.8867825324959837,3.3918213908250945e-06,1.0,0,0
1,1,2,1,1,49,0,0,0,0,1,jacoco,java,23f698a35c7b7f85a6663acfb5da9b2b48106f42,5745d5cdcfed57ade4a41fe4b6c1e1d28c3417ef,116.28,116.41,0.0011179910560715123,0.9834519906119015,-0.008888888888888889,0,0
46,10,56,4,1,102,0,1,0,0,0,jacoco,java,5745d5cdcfed57ade4a41fe4b6c1e1d28c3417ef,32f4fc0d762498063f989d8cb73db0a37850753a,116.41,115.46,-0.00816081092689634,0.02792505735330741,0.47555555555555556,0,0
2,2,4,2,1,25,0,0,0,0,0,jacoco,java,32f4fc0d762498063f989d8cb73db0a37850753a,e70580baa9f0d4ca2882659d134a2a97f80a267a,115.46,116.46,0.008661008141347654,0.1985058531538877,-0.28,0,0
7,2,9,3,1,30,0,0,0,0,1,jacoco,java,e70580baa9f0d4ca2882659d134a2a97f80a267a,86f1b7a8ede706009a92bffd0172faa213c008f2,116.46,116.44,-0.00017173278378839106,0.9503789175380895,0.017777777777777778,0,0
867,278,1145,25,1,100,0,0,0,0,0,jacoco,java,86f1b7a8ede706009a92bffd0172faa213c008f2,f823d4343ee9039e6f6b40e1cd0c536808a712cb,116.44,1029.17,7.838629336997595,3.3833394126542183e-06,-1.0,1,1
193,122,315,33,1,47,0,0,0,0,0,jacoco,java,f823d4343ee9039e6f6b40e1cd0c536808a712cb,bfa22da8da1994b226038c11f38592454afca9e1,1029.17,1028.32,-0.0008259082561677238,0.6935179289009736,0.08888888888888889,0,0
20,5,25,4,1,110,0,0,0,0,0,jacoco,java,bfa22da8da1994b226038c11f38592454afca9e1,c3009f14265fe54d1f048f34bb0b4c0cdbe0812f,1028.32,116.64,-0.8865722732223432,3.3918213908250945e-06,1.0,0,0
2,2,4,1,1,52,0,0,0,0,1,jacoco,java,c3009f14265fe54d1f048f34bb0b4c0cdbe0812f,46d72fd43775475e890772b85fc5b63374621ab8,116.64,116.51,-0.0011145404663922792,0.6783024655972324,-0.09333333333333334,0,0
1,1,2,1,1,48,0,0,0,0,1,jacoco,java,46d72fd43775475e890772b85fc5b63374621ab8,cc405660d33b394c840952d7f5cf2e45f2bb2637,116.51,116.56,0.0004291477126426672,0.7400217511938185,0.07555555555555556,0,0
317,20,337,7,1,39,0,0,0,0,0,jsoup,java,e23559f993f64cf0f1720eac5c930dbaff0c8b71,2bc420589478b3cb01398cd9eb233be25b73b7c0,42.23,43.79,0.03694056358039314,0.06196961991403871,-0.40444444444444444,0,0
354,0,354,3,1,31,0,0,0,0,0,jsoup,java,2bc420589478b3cb01398cd9eb233be25b73b7c0,548ce13435a00bb447fbffdbca8c5ce3be752ee4,43.79,43.71,-0.0018269011189768964,0.14657603430900068,-0.31555555555555553,0,0
427,1,428,13,1,32,0,0,0,0,0,jsoup,java,548ce13435a00bb447fbffdbca8c5ce3be752ee4,a657d090e2f127ebdce131f1f97e7758a8ddc463,43.71,44.77,0.02425074353694812,0.5337383907275306,-0.13777777777777778,0,0
1,1,2,1,1,36,0,0,0,0,0,jsoup,java,a657d090e2f127ebdce131f1f97e7758a8ddc463,80ca2f7994a5da3b502a639440128f3da7187711,44.77,45.15,0.00848782666964475,0.1984059822777975,-0.28,0,0
7,0,7,2,1,50,0,0,0,0,0,jsoup,java,80ca2f7994a5da3b502a639440128f3da7187711,97f29aa3541dac70b811f766dd58ba47ac34d58c,45.15,44.57,-0.01284606866002211,0.19131309171296962,0.28444444444444444,0,0
200,2,202,4,1,43,0,0,0,0,0,jsoup,java,97f29aa3541dac70b811f766dd58ba47ac34d58c,a29e8b5374c7ba0828752fe78b3cc3471532121b,44.57,44.65,0.0017949293246578033,0.6332881146002245,-0.10666666666666667,0,0
53,10,63,5,2,73,0,0,0,0,0,jsoup,java,a29e8b5374c7ba0828752fe78b3cc3471532121b,4cbae5ad165b260c43f5c369517dff90a2139377,44.65,44.89,0.005375139977603628,0.5068676685018398,-0.14666666666666667,0,0
96,14,110,6,1,30,0,0,0,0,0,jsoup,java,4cbae5ad165b260c43f5c369517dff90a2139377,c95216aa6e1f0dc5d39aea88624b05b953953d3d,44.89,44.97,0.0017821341055914077,0.6935179289009736,-0.08888888888888889,0,0
48,24,72,5,1,44,0,0,0,0,0,jsoup,java,c95216aa6e1f0dc5d39aea88624b05b953953d3d,b04c5412eb75a7a35925896db7121c3a2c67e1c4,44.97,43.95,-0.022681787858572295,0.07115347874462595,0.39111111111111113,0,0
21,17,38,6,1,24,0,0,0,0,0,jsoup,java,b04c5412eb75a7a35925896db7121c3a2c67e1c4,047443682327a75059c936fec9a323a0d27659a5,43.95,44.62,0.015244596131968022,0.1523865017147963,-0.3111111111111111,0,0
5,1,6,1,1,51,0,0,0,0,0,jsoup,java,047443682327a75059c936fec9a323a0d27659a5,d6da0b0240d8e550ab459c9b222cb34cee5a9cc8,44.62,43.91,-0.01591214701927389,0.3400858902842717,0.2088888888888889,0,0
230,9,239,9,6,155,0,0,1,0,0,jsoup,java,d6da0b0240d8e550ab459c9b222cb34cee5a9cc8,9d3ab85127dff8f684d18243425f543b204aabef,43.91,44.69,0.017763607378729247,0.4185655899250009,-0.17777777777777778,0,0
336,673,1009,14,1,22,0,0,0,0,0,jsoup,java,9d3ab85127dff8f684d18243425f543b204aabef,2f0a7bf507020d98b3bdbf0a93bb1c753dd90268,44.69,45.17,0.010740657865294339,0.24548500120312422,-0.25333333333333335,0,0
256,123,379,5,1,144,0,0,0,0,0,jsoup,java,2f0a7bf507020d98b3bdbf0a93bb1c753dd90268,03336ea9dd5d2aef2e31fe5e6402a04242f4d9f8,45.17,45.2,0.0006641576267434389,1.0,-0.0044444444444444444,0,0
213,19,232,5,1,183,0,0,0,0,0,jsoup,java,03336ea9dd5d2aef2e31fe5e6402a04242f4d9f8,f435b791e193cfe771d7dbd28d2822c32a0889e2,45.2,45.11,-0.0019911504424779515,0.7556829896574374,0.07111111111111111,0,0
47,2,49,4,1,65,0,0,0,0,0,jsoup,java,f435b791e193cfe771d7dbd28d2822c32a0889e2,eaf6bf4ad42f86fb6c2608e4a8bb5d5fdf1e46ce,45.11,44.91,-0.004433606739082306,0.9834519906119015,0.008888888888888889,0,0
79,1,80,10,1,28,0,0,0,0,0,jsoup,java,eaf6bf4ad42f86fb6c2608e4a8bb5d5fdf1e46ce,ac95e9f55bc7ffb60febb341571d85635dada8fd,44.91,45.26,0.007793364506791392,0.7715511878155722,0.06666666666666667,0,0
30,14,44,6,1,61,0,0,0,0,0,jsoup,java,ac95e9f55bc7ffb60febb341571d85635dada8fd,0e4c8bf728d368fed47e458f5f91517c677f1d60,45.26,45.15,-0.0024304021210782025,0.5896558053941625,-0.12,0,0
275,14,289,6,1,45,0,0,0,0,0,jsoup,java,0e4c8bf728d368fed47e458f5f91517c677f1d60,04025259e96d3676097e84126fb55124b92c50ed,45.15,45.18,0.0006644518272425501,0.7715264784488729,-0.06666666666666667,0,0
98,3,101,7,1,59,0,0,0,0,0,jsoup,java,04025259e96d3676097e84126fb55124b92c50ed,1f3cfcfb08a5e7454e61513389b814c7da6072ac,45.18,45.63,0.009960159362549863,0.8682114641097,-0.04,0,0
36,0,36,3,1,33,0,0,0,0,0,jsoup,java,1f3cfcfb08a5e7454e61513389b814c7da6072ac,c1ef042a598d492cbcf0bcf09526a49c74bec073,45.63,45.74,0.0024106947183870136,0.9669147771731937,-0.013333333333333334,0,0
22,22,44,5,1,32,0,0,0,0,0,jsoup,java,c1ef042a598d492cbcf0bcf09526a49c74bec073,e4ff08f2bad145ec500228de112c8e821e8725cc,45.74,45.0,-0.016178399650196806,0.10573920209087935,0.3511111111111111,0,0
1,1,2,1,1,32,0,0,0,0,0,jsoup,java,e4ff08f2bad145ec500228de112c8e821e8725cc,d31572d7abb174d3a75d80d909d9aaa0be093c62,45.0,46.11,0.024666666666666653,0.08149464839345506,-0.37777777777777777,0,0
62,16,78,3,1,43,0,0,0,0,0,jsoup,java,d31572d7abb174d3a75d80d909d9aaa0be093c62,e8e755bfb9a0b1b8b19e8312942ea29cb9b626da,46.11,45.29,-0.017783561049663853,0.6631149001410768,0.09777777777777778,0,0
7,0,7,1,1,24,0,0,1,0,0,jsoup,java,e8e755bfb9a0b1b8b19e8312942ea29cb9b626da,315292d76e2e415be2a743ebefb5116898cd97ac,45.29,45.06,-0.005078383749171933,0.23699958939012744,0.2577777777777778,0,0
701,15,716,5,1,50,0,0,0,0,0,jsoup,java,315292d76e2e415be2a743ebefb5116898cd97ac,4bd743a3a5492d1d185bd21f421e49ce3a27af7c,45.06,46.16,0.024411895250776614,0.008941527338923632,-0.5644444444444444,0,0
0,662,662,1,1,22,0,0,1,0,0,jsoup,java,4bd743a3a5492d1d185bd21f421e49ce3a27af7c,479e85fc44c56061a15b7b4a4f7469ed337f83e3,46.16,45.95,-0.004549393414211303,0.547507748068732,0.13333333333333333,0,0
5,8,13,1,1,16,0,0,0,0,0,jsoup,java,479e85fc44c56061a15b7b4a4f7469ed337f83e3,e2f6a9d19c7025431278f0d77085dde4dc2da798,45.95,44.74,-0.02633297062023941,0.4305454169461189,0.17333333333333334,0,0
162,93,255,4,1,81,0,0,0,0,0,jsoup,java,e2f6a9d19c7025431278f0d77085dde4dc2da798,e97f564d2450702d2b74ff35ecc5ad5c1e57fc0d,44.74,44.93,0.004246759052302139,0.7874391974257231,-0.06222222222222222,0,0
62,4,66,4,1,149,0,0,0,0,0,jsoup,java,e97f564d2450702d2b74ff35ecc5ad5c1e57fc0d,ce691239d40e469b75fa22b0bb6a065202c475a7,44.93,46.26,0.02960160249276649,0.17106923105635186,-0.29777777777777775,0,0
2,3,5,1,1,22,0,0,0,0,0,jsoup,java,ce691239d40e469b75fa22b0bb6a065202c475a7,b8b73080085bed3b2062e1a90ed940056997a0ff,46.26,45.71,-0.011889321227842567,0.2807884962973256,0.23555555555555555,0,0
1,1,2,1,1,10,0,0,0,0,0,jsoup,java,b8b73080085bed3b2062e1a90ed940056997a0ff,ada77956bb99a098503ee57446fcd8cb59cd3354,45.71,45.88,0.003719098665499928,0.9338790795853346,-0.022222222222222223,0,0
8,8,16,2,1,106,0,0,0,0,0,jsoup,java,ada77956bb99a098503ee57446fcd8cb59cd3354,3dd9e66bc21c6f53aaa21ce45666610f68540555,45.88,45.34,-0.011769834350479493,0.547507748068732,0.13333333333333333,0,0
48,0,48,4,1,101,0,0,0,0,0,jsoup,java,3dd9e66bc21c6f53aaa21ce45666610f68540555,6fe6c34a888486b417a913deaca517305b76cc71,45.34,45.81,0.010366122629025117,0.8033768616514174,-0.057777777777777775,0,0
63,0,63,3,1,53,0,0,0,0,0,jsoup,java,6fe6c34a888486b417a913deaca517305b76cc71,86c1d97c5f83cb6cc9c0d7490942b806d3a1d3be,45.81,46.01,0.004365858982754764,0.6933883665733281,-0.08888888888888889,0,0
152,42,194,15,1,69,0,0,0,0,0,jsoup,java,86c1d97c5f83cb6cc9c0d7490942b806d3a1d3be,d23db47db68a1b25b90e4ce255156e9758697ed2,46.01,45.06,-0.020647685285807342,0.5337383907275306,0.13777777777777778,0,0
1701,1,1702,4,1,40,0,0,1,0,0,jsoup,java,d23db47db68a1b25b90e4ce255156e9758697ed2,8bb732b7ccb51f4006fa7fa221762755eed949c7,45.06,47.15,0.04638260097647572,0.0005318318701769556,-0.7466666666666667,0,0
53,5,58,5,1,132,0,0,0,0,0,jsoup,java,8bb732b7ccb51f4006fa7fa221762755eed949c7,7b1a8763534bb06d5f83b03ed8f6abb3e6d4db80,47.15,47.26,0.002332979851537634,0.7715264784488729,-0.06666666666666667,0,0
5,1,6,2,2,81,0,0,0,0,0,jsoup,java,7b1a8763534bb06d5f83b03ed8f6abb3e6d4db80,ef7488975ee41c8743e4615677555e5af2046567,47.26,47.83,0.012060939483707159,0.4553018964198552,-0.16444444444444445,0,0
87,18,105,3,1,227,0,0,0,0,0,jsoup,java,ef7488975ee41c8743e4615677555e5af2046567,eb95cc7662dc5c438de8d9ef47ccf131bf7191a8,47.83,46.49,-0.02801588960903191,0.06486537983292534,0.4,0,0
81,5,86,3,1,43,0,0,0,0,0,jsoup,java,eb95cc7662dc5c438de8d9ef47ccf131bf7191a8,43e16a608ddc00981c92cf3772c350c8b7e934dc,46.49,47.04,0.011830501183050056,0.3094204710192563,-0.2222222222222222,0,0
10,0,10,1,1,46,0,0,1,0,0,jsoup,java,43e16a608ddc00981c92cf3772c350c8b7e934dc,45718e932a4b1d88f4228e95e52992d2c5ab7402,47.04,46.95,-0.0019132653061223704,0.9503844315376063,-0.017777777777777778,0,0
45,3,48,3,1,59,0,0,0,0,0,jsoup,java,45718e932a4b1d88f4228e95e52992d2c5ab7402,070396808fcb7cf41ff29ad52f7d1078aba99832,46.95,47.57,0.01320553780617673,0.6482039260122094,-0.10222222222222223,0,0
8,8,16,2,1,59,0,0,0,0,0,jsoup,java,070396808fcb7cf41ff29ad52f7d1078aba99832,00734226f07e57a2d13f82a4b395b4bb7b9ee20b,47.57,46.24,-0.027958797561488297,0.3094743057014513,0.2222222222222222,0,0
137,41,178,6,1,76,0,0,0,0,0,jsoup,java,00734226f07e57a2d13f82a4b395b4bb7b9ee20b,4555f2d3bdd513bfa82e444930e29531387d0215,46.24,47.7,0.03157439446366784,0.05123941919274439,-0.4222222222222222,0,0
2,2,4,1,1,55,0,0,1,0,0,jsoup,java,4555f2d3bdd513bfa82e444930e29531387d0215,c1472f385f1c24c047543787ab7ef8b807cc8ba4,47.7,46.7,-0.020964360587002094,0.02507053737444605,0.48444444444444446,0,0
3,4,7,1,1,29,0,0,0,0,0,jsoup,java,c1472f385f1c24c047543787ab7ef8b807cc8ba4,40979c984d6ceebd50dab1ba516babb1570841a7,46.7,46.37,-0.007066381156317031,0.2997046058214359,-0.22666666666666666,0,0
10,0,10,1,1,31,0,0,0,0,0,jsoup,java,40979c984d6ceebd50dab1ba516babb1570841a7,e86fce8a0480ec35b76cd42c82b3466d724af082,46.37,46.85,0.010351520379555834,0.5067257917759409,0.14666666666666667,0,0
17,6,23,2,1,36,0,0,0,0,0,jsoup,java,e86fce8a0480ec35b76cd42c82b3466d724af082,7f653fab63ce7ae048a6fba1c2f529dc586369ed,46.85,47.71,0.018356456776947694,0.0442058160136522,-0.43555555555555553,0,0
68,1,69,2,1,53,0,0,0,0,0,jsoup,java,7f653fab63ce7ae048a6fba1c2f529dc586369ed,56bacbd1532e9a985a879e686fdfdbf65d24be7c,47.71,46.96,-0.015719974848040243,0.5754258746624656,0.12444444444444444,0,0
0,4,4,1,1,36,0,0,0,0,0,jsoup,java,56bacbd1532e9a985a879e686fdfdbf65d24be7c,2202259e8bbf9eafa83a0a06cf765d01f5beb69a,46.96,46.09,-0.018526405451447986,0.1709740037779418,0.29777777777777775,0,0
13,7,20,2,1,44,0,0,0,0,0,jsoup,java,2202259e8bbf9eafa83a0a06cf765d01f5beb69a,314fa9d2351741b47c34337f57faacc8fd5448da,46.09,47.43,0.02907355174658269,0.12995321784752117,-0.3288888888888889,0,0
122,0,122,2,1,30,0,0,0,0,0,jsoup,java,314fa9d2351741b47c34337f57faacc8fd5448da,0eeefe41eef0c037f514965618e7f9c2d2129d7b,47.43,46.99,-0.009276829011174314,0.6040458254801915,0.11555555555555555,0,0
252,20,272,1,1,52,0,0,0,0,0,jsoup,java,0eeefe41eef0c037f514965618e7f9c2d2129d7b,577b29272d3cefacef578ea035e90efd78a1360b,46.99,46.43,-0.011917429240263934,0.5068203897297396,0.14666666666666667,0,0
189,3,192,9,1,32,0,0,0,0,0,jsoup,java,577b29272d3cefacef578ea035e90efd78a1360b,83b8d1a6c8db2d34fbb344ae3125781978910725,46.43,47.56,0.024337712685763572,0.1985058531538877,-0.28,0,0
3057,0,3057,3,1,43,0,0,1,0,0,jsoup,java,83b8d1a6c8db2d34fbb344ae3125781978910725,e9e331c2b922a5ac3f89ab8b3ca364df3ab11080,47.56,48.5,0.019764507989907438,0.00843481335768374,-0.5688888888888889,0,0
69,40,109,2,1,32,0,0,0,0,0,jsoup,java,e9e331c2b922a5ac3f89ab8b3ca364df3ab11080,72fe7662416118598bc0af126c15cba3ca09d9b4,48.5,48.71,0.004329896907216513,0.6482039260122094,0.10222222222222223,0,0
2,4,6,1,1,17,0,0,0,1,0,jsoup,java,72fe7662416118598bc0af126c15cba3ca09d9b4,7a7419fbc1bcdee4329f90b2361f4fce5376eb92,48.71,48.08,-0.012933689180866403,0.6783024655972324,0.09333333333333334,0,0
22,2,24,3,2,70,0,0,1,0,0,jsoup,java,7a7419fbc1bcdee4329f90b2361f4fce5376eb92,ac57740b13bddd414c98253d53092546c1c330a2,48.08,48.56,0.00998336106489193,0.3614429517167129,-0.2,0,0
15,2,17,2,1,18,0,0,1,0,0,jsoup,java,ac57740b13bddd414c98253d53092546c1c330a2,2264b369e32637b6d82a0bc3362d28173561662a,48.56,49.19,0.012973640856672065,0.3295843113676419,-0.21333333333333335,0,0
24,5,29,3,1,63,0,0,0,0,0,jsoup,java,2264b369e32637b6d82a0bc3362d28173561662a,e322266704817edd0a19e05207a15b791ca160b6,49.19,49.05,-0.0028461069323033254,0.6186695570822622,-0.1111111111111111,0,0
26,8,34,2,1,58,0,0,0,0,0,jsoup,java,e322266704817edd0a19e05207a15b791ca160b6,2f732574251122055092a4c6869123eb08058b14,49.05,48.6,-0.009174311926605418,0.14067257566088515,0.32,0,0
11,1,12,2,1,62,0,0,0,0,0,jsoup,java,2f732574251122055092a4c6869123eb08058b14,6fcffa8f400ec9980b9fa30d3f737eceb46be234,48.6,49.18,0.011934156378600787,0.4303401081424332,-0.17333333333333334,0,0
8,0,8,2,1,25,0,0,1,0,0,jsoup,java,6fcffa8f400ec9980b9fa30d3f737eceb46be234,7e5fb4251ba7c8f815b271ac8f6dc4a84768c59c,49.18,48.06,-0.022773485156567658,0.09276601800767814,0.36444444444444446,0,0
613,1,614,3,1,28,0,0,1,0,0,jsoup,java,7e5fb4251ba7c8f815b271ac8f6dc4a84768c59c,4296f2cd95db753c80becf915733c8ddaf751daa,48.06,48.94,0.018310445276737315,0.11490662536085441,-0.3422222222222222,0,0
50,1,51,2,1,21,0,0,0,0,0,jsoup,java,4296f2cd95db753c80becf915733c8ddaf751daa,cdeae1e34bcc646c3bd07e7d74e7fc164a157bea,48.94,49.25,0.006334286881896246,0.5754258746624656,-0.12444444444444444,0,0
33,7,40,3,1,38,0,0,0,0,0,jsoup,java,cdeae1e34bcc646c3bd07e7d74e7fc164a157bea,7649933bba7ad5960415065dd95cc99aada42240,49.25,48.91,-0.006903553299492455,0.3614429517167129,0.2,0,0
9,9,18,1,1,28,0,0,0,0,0,jsoup,java,7649933bba7ad5960415065dd95cc99aada42240,4899674eccbb5b188a97915db8b858a3fd618098,48.91,49.01,0.0020445716622367904,0.5338294217441396,-0.13777777777777778,0,0
48,2,50,2,1,29,0,0,0,0,0,jsoup,java,4899674eccbb5b188a97915db8b858a3fd618098,458b990857fad642a5b549fee414903a8f876dae,49.01,49.12,0.0022444399102223922,0.8519014678076672,0.044444444444444446,0,0
1,1,2,1,1,20,0,0,0,0,0,jsoup,java,458b990857fad642a5b549fee414903a8f876dae,89eeefbd8a7e6322e07fa6fdb0e9efeba2bb6582,49.12,48.81,-0.006311074918566677,0.8195061989586025,0.05333333333333334,0,0
4,0,4,1,1,37,0,0,0,0,0,jsoup,java,89eeefbd8a7e6322e07fa6fdb0e9efeba2bb6582,1819b3abeb5835976b766765aeccae127ee6fd58,48.81,49.35,0.011063306699446817,0.5614474146848649,-0.1288888888888889,0,0
7,0,7,1,1,30,0,0,0,0,0,jsoup,java,1819b3abeb5835976b766765aeccae127ee6fd58,5af8413f0228332f79344b7e4233bc605b232b44,49.35,52.53,0.06443768996960486,3.3918213908250945e-06,-1.0,0,0
40,16,56,5,1,40,0,0,0,0,0,jsoup,java,5af8413f0228332f79344b7e4233bc605b232b44,83d1848144abf29b501d59e0c3ec41e40c9cf020,52.53,52.19,-0.006472491909385178,0.22902896662469463,0.26222222222222225,0,0
60,6,66,3,1,33,0,0,0,0,0,jsoup,java,83d1848144abf29b501d59e0c3ec41e40c9cf020,abdf22714e557304d9f6782d30da9b7254ce017c,52.19,52.13,-0.0011496455259627355,0.9338864180775845,0.022222222222222223,0,0
242,17,259,1,1,23,0,0,0,0,0,jsoup,java,abdf22714e557304d9f6782d30da9b7254ce017c,9bed789bfee6c6433945c0a3e2c710c897616888,52.13,51.92,-0.004028390562056413,0.8682259903524354,-0.04,0,0
8,8,16,1,1,10,0,0,0,0,0,jsoup,java,9bed789bfee6c6433945c0a3e2c710c897616888,46e1e9780049f855ca60f2c32c594062358a3330,51.92,53.02,0.02118644067796613,0.18436124604380766,-0.28888888888888886,0,0
38,0,38,2,1,18,0,0,0,0,0,jsoup,java,46e1e9780049f855ca60f2c32c594062358a3330,59d5e26e6a0450ca74a9d696c6c1054f0837a5f7,53.02,52.69,-0.006224066390041595,0.7399938739946226,0.07555555555555556,0,0
17,58,75,6,1,17,0,0,0,0,0,jsoup,java,59d5e26e6a0450ca74a9d696c6c1054f0837a5f7,3205f0ef9409bb622f66315983830aa89d9313cf,52.69,51.06,-0.030935661415828347,0.13533864384381597,0.3244444444444444,0,0
147,144,291,5,1,68,0,0,0,0,0,jsoup,java,3205f0ef9409bb622f66315983830aa89d9313cf,80c826dc46a5270826c411d3741bfab8c98eb42e,51.06,52.54,0.02898550724637675,0.2997046058214359,-0.22666666666666666,0,0
5,2,7,1,1,4,0,0,0,0,0,jsoup,java,80c826dc46a5270826c411d3741bfab8c98eb42e,a8ca1dae42c522d5c13c2bd7fbe3673507679ca8,52.54,52.64,0.001903311762466719,0.6040860725185493,-0.11555555555555555,0,0
3,3,6,1,1,4,0,0,0,0,0,jsoup,java,a8ca1dae42c522d5c13c2bd7fbe3673507679ca8,a9768aa5d5a9c9dd427d589ca3e1494786cfcb12,52.64,52.4,-0.004559270516717363,0.6482039260122094,0.10222222222222223,0,0
4,4,8,2,2,33,0,0,0,0,0,jsoup,java,a9768aa5d5a9c9dd427d589ca3e1494786cfcb12,9c8969d48f776ce2f1bbcac73a2e0b4c85c71556,52.4,52.54,0.0026717557251908506,0.8682259903524354,-0.04,0,0
1,1,2,1,1,40,0,0,0,0,1,jsoup,java,9c8969d48f776ce2f1bbcac73a2e0b4c85c71556,56a6c72c3e12e62c649f5155b7240bff993230ee,52.54,52.59,0.0009516558812334272,0.9338864180775845,-0.022222222222222223,0,0
31,13,44,3,1,61,0,0,0,0,0,jsoup,java,56a6c72c3e12e62c649f5155b7240bff993230ee,e5cd584705f746893f75e85cf7acdb2d7a0db1af,52.59,52.2,-0.007415858528237318,0.5614474146848649,0.1288888888888889,0,0
16,12,28,2,1,36,0,0,0,0,0,jsoup,java,e5cd584705f746893f75e85cf7acdb2d7a0db1af,5b4070635f916b7d9d99e306a4c3016473828db6,52.2,52.56,0.00689655172413792,0.3614429517167129,-0.2,0,0
29,24,53,1,1,18,0,0,0,0,0,jsoup,java,5b4070635f916b7d9d99e306a4c3016473828db6,d8dbde85408a685075e5cbec0709877317393497,52.56,53.23,0.01274733637747326,0.3614429517167129,-0.2,0,0
82,15,97,2,1,36,0,0,0,0,0,jsoup,java,d8dbde85408a685075e5cbec0709877317393497,95945f173ca94f9ac6620011cb970707351f070e,53.23,52.84,-0.007326695472477804,0.5337839128515283,0.13777777777777778,0,0
24,24,48,8,1,50,0,0,0,0,0,jsoup,java,95945f173ca94f9ac6620011cb970707351f070e,bd3e7c8ada7748dc5cf2428e68c828c0cf744469,52.84,52.03,-0.015329295987888006,0.24537995635673648,0.25333333333333335,0,0
32,10,42,3,1,50,0,0,0,0,0,jsoup,java,bd3e7c8ada7748dc5cf2428e68c828c0cf744469,37d4c1f1d3297fd078dd8d1574b7f7c2357a99b4,52.03,53.06,0.019796271381895082,0.1248184057230855,-0.3333333333333333,0,0
15,0,15,2,1,54,0,0,0,0,0,jsoup,java,37d4c1f1d3297fd078dd8d1574b7f7c2357a99b4,98e828a29423b72397d8783c4d02159e50bd50a4,53.06,53.25,0.003580851865812245,0.8681969330621228,-0.04,0,0
1,0,1,1,1,244,0,0,0,0,0,jsoup,java,98e828a29423b72397d8783c4d02159e50bd50a4,a56b19c5b6f19ae9ceac186eb8eb685651a0f577,53.25,52.78,-0.008826291079812185,0.8357050269952793,0.04888888888888889,0,0
25,0,25,1,1,44,0,0,0,0,0,jsoup,java,a56b19c5b6f19ae9ceac186eb8eb685651a0f577,76e03ee38b835f82d37528f65d0ec49ec9afd128,52.78,52.19,-0.011178476695718139,0.43064798984807773,0.17333333333333334,0,0
117,1,118,2,1,47,0,0,0,0,0,jsoup,java,76e03ee38b835f82d37528f65d0ec49ec9afd128,8929d961dfd44d1a6758b81c9a0c5adf8e408f6b,52.19,53.05,0.016478252538800527,0.43059671018389833,-0.17333333333333334,0,0
25,37,62,1,1,44,0,0,1,0,0,jsoup,java,8929d961dfd44d1a6758b81c9a0c5adf8e408f6b,01342bcffce91c36e280158b7c6f2e2cb72237b6,53.05,52.58,-0.00885956644674833,0.7556829896574374,0.07111111111111111,0,0
1,0,1,1,1,33,0,0,0,0,0,jsoup,java,01342bcffce91c36e280158b7c6f2e2cb72237b6,ac809a4a5e816e69ede5f18005a519f0436a31c3,52.58,52.83,0.004754659566375048,0.5897385933186072,-0.12,0,0
13,13,26,5,1,14,0,0,0,0,0,jsoup,java,ac809a4a5e816e69ede5f18005a519f0436a31c3,e2c62cdc3cc8f265af6ea100b60964ac6336d6e2,52.83,53.13,0.005678591709256185,0.7400217511938185,-0.07555555555555556,0,0
4,4,8,2,1,9,0,0,0,0,0,jsoup,java,e2c62cdc3cc8f265af6ea100b60964ac6336d6e2,48a63ff1edb2b35098ca14ff9e03733dd9fab0a6,53.13,52.97,-0.003011481272350907,0.9338864180775845,0.022222222222222223,0,0
3,3,6,2,1,53,0,0,0,0,0,jsoup,java,48a63ff1edb2b35098ca14ff9e03733dd9fab0a6,ed30e5c14b7ebdd2d9328150b65fadc09d833c71,52.97,53.15,0.0033981498961676367,0.9009714934164412,-0.03111111111111111,0,0
13,15,28,1,1,23,0,0,0,0,0,jsoup,java,ed30e5c14b7ebdd2d9328150b65fadc09d833c71,c4bb2a4933994931900cde164e517ff0e3a61353,53.15,52.61,-0.010159924741298197,0.8519177555606353,0.044444444444444446,0,0
67,13,80,4,1,20,0,0,0,0,0,jsoup,java,c4bb2a4933994931900cde164e517ff0e3a61353,ad405f99cb5f41fb311fa086dbd6762a8e84264d,52.61,52.12,-0.009313818665652956,0.2901428023540349,0.2311111111111111,0,0
82,48,130,11,2,56,0,0,0,0,0,jsoup,java,ad405f99cb5f41fb311fa086dbd6762a8e84264d,62ea04e4d5cbf91b1b1a225c90b8077e6db27e58,52.12,53.03,0.017459708365310894,0.24548500120312422,-0.25333333333333335,0,0
13,2,15,3,1,41,0,0,0,0,0,jsoup,java,62ea04e4d5cbf91b1b1a225c90b8077e6db27e58,496e6a1e56c3af11c8071820c74565bc55f1850d,53.03,52.35,-0.012822930416745234,0.6186695570822622,0.1111111111111111,0,0
80,10,90,3,1,28,0,0,0,0,0,jsoup,java,496e6a1e56c3af11c8071820c74565bc55f1850d,4cfd3c373f49f8e56f53ae28c1401cc2f528e451,52.35,53.06,0.013562559694364868,0.21337370709311831,-0.27111111111111114,0,0
1,1,2,1,1,9,0,0,0,0,0,jsoup,java,4cfd3c373f49f8e56f53ae28c1401cc2f528e451,8c211dc36f541f385b3de99edda9779c3a81a4ed,53.06,52.91,-0.002826988315115071,0.506914933812496,0.14666666666666667,0,0
1,1,2,1,1,4,0,0,0,0,0,jsoup,java,8c211dc36f541f385b3de99edda9779c3a81a4ed,3ff2694aa22c5e12bbc67b9d7ddf736a9cb82e5d,52.91,52.19,-0.013608013608013588,0.6186695570822622,0.1111111111111111,0,0
13,2,15,2,1,35,0,0,0,0,0,jsoup,java,3ff2694aa22c5e12bbc67b9d7ddf736a9cb82e5d,6788a6daf22fc16c752cfa51d53b17a9436df1c0,52.19,53.09,0.01724468288944253,0.3195059648919748,-0.21777777777777776,0,0
5,3,8,1,1,29,0,0,1,0,0,jsoup,java,6788a6daf22fc16c752cfa51d53b17a9436df1c0,be365c578e7b9a0214eafb468a0753133345854b,53.09,52.66,-0.008099453757769952,0.7399938739946226,0.07555555555555556,0,0
304,101,405,15,1,8,0,0,0,0,0,jsoup,java,be365c578e7b9a0214eafb468a0753133345854b,28418f8335d2b359690e80e61d0081f4e892769c,52.66,53.48,0.015571591340676042,0.4066824248843106,-0.18222222222222223,0,0
75,2,77,3,1,15,0,0,0,0,0,jsoup,java,28418f8335d2b359690e80e61d0081f4e892769c,3f67316f30614c43d14533ccc5246f7d964db70e,53.48,52.53,-0.017763649962602764,0.5896972055949141,0.12,0,0
32,3,35,2,1,16,0,0,0,0,0,jsoup,java,3f67316f30614c43d14533ccc5246f7d964db70e,36be16cd662f56ea0fc01bedf14c8651ed74776f,52.53,52.48,-0.0009518370454978919,0.6783024655972324,0.09333333333333334,0,0
51,4,55,3,1,23,0,0,0,0,0,jsoup,java,36be16cd662f56ea0fc01bedf14c8651ed74776f,671e03b570f586b6583feb1ee3ddb5d5c62bd50c,52.48,52.78,0.005716463414634228,0.8519177555606353,-0.044444444444444446,0,0
9,0,9,1,1,31,0,0,0,0,0,jsoup,java,671e03b570f586b6583feb1ee3ddb5d5c62bd50c,116866284b8068c817ad53b2b611568a7be25090,52.78,52.76,-0.0003789314134142313,0.7399659878307654,0.07555555555555556,0,0
10,0,10,2,1,28,0,0,0,0,0,jsoup,java,116866284b8068c817ad53b2b611568a7be25090,45e787d054b2851e0f3607bab47e2c41496efe76,52.76,53.16,0.007581501137225144,0.4426738129964023,-0.1688888888888889,0,0
3,1,4,1,1,11,0,0,0,0,0,jsoup,java,45e787d054b2851e0f3607bab47e2c41496efe76,be3ff9a853ebcf1369adf22bbd43f6712b1f6fe8,53.16,53.67,0.009593679458239374,0.12995321784752117,-0.3288888888888889,0,0
2,4,6,1,1,51,0,0,0,0,0,jsoup,java,be3ff9a853ebcf1369adf22bbd43f6712b1f6fe8,03a2c1278a96a69a2866ba6de4a37b420f3f1a52,53.67,53.59,-0.001490590646543661,0.5068203897297396,0.14666666666666667,0,0
1,1,2,1,1,62,0,0,0,0,0,jsoup,java,03a2c1278a96a69a2866ba6de4a37b420f3f1a52,c1d06490dce939b6ef82be14e61a01665b406fb0,53.59,52.83,-0.014181750326553557,0.15837198904850358,0.30666666666666664,0,0
19,6,25,4,2,77,0,0,0,0,0,jsoup,java,c1d06490dce939b6ef82be14e61a01665b406fb0,2cce405d1eed3536b222f830220ef32f5a2937d7,52.83,52.31,-0.00984289229604384,0.4305454169461189,0.17333333333333334,0,0
10,1,11,2,3,81,0,0,0,0,0,jsoup,java,2cce405d1eed3536b222f830220ef32f5a2937d7,8fd43ac4b96f669d6bcb51d97b19a43b0e92d7ce,52.31,52.59,0.005352705027719387,0.38373262766250305,-0.19111111111111112,0,0
1,1,2,1,1,62,0,0,0,0,0,jsoup,java,8fd43ac4b96f669d6bcb51d97b19a43b0e92d7ce,42a712e566064c971620061e46db1b77a5d4ef47,52.59,53.19,0.01140901312036498,0.9503844315376063,-0.017777777777777778,0,0
16,2,18,3,1,63,0,1,0,0,0,jsoup,java,42a712e566064c971620061e46db1b77a5d4ef47,c01af2290073af0ea42eb02dfe965b4cda58e112,53.19,52.69,-0.009400263207369806,1.0,0.0044444444444444444,0,0
61,0,61,2,1,28,0,0,0,0,0,jsoup,java,c01af2290073af0ea42eb02dfe965b4cda58e112,544281d17133045c19f52c1a0f3aa7b87ef7d231,52.69,53.46,0.014613778705636803,0.7089232340537643,-0.08444444444444445,0,0
113,1,114,6,1,44,0,0,0,0,0,jsoup,java,544281d17133045c19f52c1a0f3aa7b87ef7d231,f992e41708287a8251dc9d92ce9db874e0e8f076,53.46,52.38,-0.02020202020202017,0.1844100692216365,0.28888888888888886,0,0
141,10,151,6,1,63,0,0,0,0,0,jsoup,java,f992e41708287a8251dc9d92ce9db874e0e8f076,79c672355bb31aa69c23d2dd1ed8cc3f89dd2844,52.38,53.3,0.017563955708285502,0.21337370709311831,-0.27111111111111114,0,0
43,1,44,2,2,43,0,0,0,0,0,jsoup,java,79c672355bb31aa69c23d2dd1ed8cc3f89dd2844,56ddff90e7e8511d79ba6dd1217b61fb1d4bfd88,53.3,52.72,-0.010881801125703533,0.6783024655972324,0.09333333333333334,0,0
1,1,2,1,1,51,0,0,0,0,0,jsoup,java,56ddff90e7e8511d79ba6dd1217b61fb1d4bfd88,3d145b3543cd972b2f169cf29f650230f193d449,52.72,53.75,0.019537177541729917,0.04003449928570448,-0.4444444444444444,0,0
1,1,2,1,1,62,0,0,0,0,0,jsoup,java,3d145b3543cd972b2f169cf29f650230f193d449,5daa5a6229c51b0ddd442706efa29729ae28678a,53.75,52.74,-0.018790697674418568,0.14653111378242054,0.31555555555555553,0,0
1,1,2,1,1,51,0,0,0,0,0,jsoup,java,5daa5a6229c51b0ddd442706efa29729ae28678a,8876eef256458e680ac0d65b48371d8518140fc3,52.74,52.53,-0.003981797497155875,0.9009605329267507,0.03111111111111111,0,0
1,1,2,1,1,13,0,0,0,0,0,jsoup,java,8876eef256458e680ac0d65b48371d8518140fc3,9379c7bcb28f20733f795b1ffbf8833944ca4b02,52.53,53.95,0.027032172092137857,0.19126369343964766,-0.28444444444444444,0,0
1,1,2,1,1,52,0,0,0,0,0,jsoup,java,9379c7bcb28f20733f795b1ffbf8833944ca4b02,d16c8ce6b4e37dc775b2c67280e239cc0a7e4e72,53.95,53.66,-0.005375347544022358,0.8356870092411566,0.04888888888888889,0,0
1,1,2,1,1,62,0,0,0,0,0,jsoup,java,d16c8ce6b4e37dc775b2c67280e239cc0a7e4e72,f74286ba358ec9c7e46778e0ce6edd7dd0143e72,53.66,53.66,0.0,0.70883048500091,0.08444444444444445,0,0
13,1,14,1,1,30,0,0,0,0,0,jsoup,java,f74286ba358ec9c7e46778e0ce6edd7dd0143e72,c5898f198d035c91138a68f75206006ca466fe7c,53.66,52.97,-0.012858740216175881,0.2806814343452102,0.23555555555555555,0,0
1,1,2,1,1,52,0,0,0,0,0,jsoup,java,c5898f198d035c91138a68f75206006ca466fe7c,5011bb4521d2569b1a9fe19c6ebc0744eca04e93,52.97,53.38,0.007740230319048588,0.7874161118682325,-0.06222222222222222,0,0
1,1,2,1,1,62,0,0,0,0,0,jsoup,java,5011bb4521d2569b1a9fe19c6ebc0744eca04e93,8fae12eb11d6474061e189e184fa3cd170c735db,53.38,52.54,-0.015736230798051767,0.6481309210336601,0.10222222222222223,0,0
146,5,151,4,1,74,0,0,0,0,0,jsoup,java,8fae12eb11d6474061e189e184fa3cd170c735db,d2f4ea69702a20eb74cc0e43491fc156d0c88d6e,52.54,53.15,0.01161020175104681,0.14648618879753125,-0.31555555555555553,0,0
110,2,112,7,1,33,0,0,0,0,0,jsoup,java,d2f4ea69702a20eb74cc0e43491fc156d0c88d6e,d24b485e252d9e86858207da7a57678d41d3f72c,53.15,53.57,0.00790216368767642,0.7715264784488729,-0.06666666666666667,0,0
29,0,29,4,1,8,0,0,0,0,0,jsoup,java,d24b485e252d9e86858207da7a57678d41d3f72c,93e9d84da0e87896aaaac14769eece487ba9e64d,53.57,53.39,-0.0033600896023893915,0.7089232340537643,-0.08444444444444445,0,0
41,17,58,10,1,36,0,0,0,0,0,jsoup,java,93e9d84da0e87896aaaac14769eece487ba9e64d,a52e669ca8bc48265accd57d610c0258f7891841,53.39,54.36,0.018168196291440324,0.9338864180775845,-0.022222222222222223,0,0
3,3,6,2,2,78,0,0,0,0,0,jsoup,java,a52e669ca8bc48265accd57d610c0258f7891841,2ee1b79fc9920ca1aff9d0402b1fb548f47305a2,54.36,54.52,0.0029433406916851306,0.8518525722844065,-0.044444444444444446,0,0
1,1,2,1,1,62,0,0,0,0,0,jsoup,java,2ee1b79fc9920ca1aff9d0402b1fb548f47305a2,67915c0fa8bed9943d5d74bc9d0ae1195dad059e,54.52,53.29,-0.022560528246515114,0.6481309210336601,0.10222222222222223,0,0
7,1,8,2,1,53,0,0,0,0,0,jsoup,java,67915c0fa8bed9943d5d74bc9d0ae1195dad059e,14db439cfb817b8869bcd6f603960040059d9643,53.29,53.64,0.006567836367048253,0.7874161118682325,0.06222222222222222,0,0
21,4,25,2,1,63,0,0,0,0,0,jsoup,java,14db439cfb817b8869bcd6f603960040059d9643,4a0e5a59e690f53f4fbeb16ef80ba5afe66bb744,53.64,52.71,-0.017337807606263977,0.19131309171296962,0.28444444444444444,0,0
95,0,95,2,1,64,0,0,0,0,0,jsoup,java,4a0e5a59e690f53f4fbeb16ef80ba5afe66bb744,0c312ebdb813b1128061ba0d32b10f4a2e098c39,52.71,54.7,0.037753746917093566,0.00042246757669391977,-0.76,0,0
19,2,21,3,2,55,0,0,0,0,0,jsoup,java,0c312ebdb813b1128061ba0d32b10f4a2e098c39,6b60af669bc6102f0328af330532986b8670f3ac,54.7,53.94,-0.013893967093235924,0.0744956919139866,0.38666666666666666,0,0
77,6,83,4,1,26,0,0,0,0,0,jsoup,java,6b60af669bc6102f0328af330532986b8670f3ac,19f2541e9dad74a7e734225f3d1b598324a6ea49,53.94,54.12,0.0033370411568409294,0.48073111045562256,-0.15555555555555556,0,0
2,2,4,1,1,30,0,0,1,0,0,jsoup,java,19f2541e9dad74a7e734225f3d1b598324a6ea49,4c3531886a0f7b2a3cd6987dc9c926c5eff8fd03,54.12,53.95,-0.0031411677753140172,0.755709307865404,0.07111111111111111,0,0
3,0,3,1,1,27,0,0,1,0,0,jsoup,java,4c3531886a0f7b2a3cd6987dc9c926c5eff8fd03,6c945b25b006e621a056c97ad75d80fcc04ff3fd,53.95,54.88,0.01723818350324374,0.08515445422127957,-0.37333333333333335,0,0
3,3,6,2,3,76,0,0,0,0,0,jsoup,java,6c945b25b006e621a056c97ad75d80fcc04ff3fd,0a79e4b5caaa7a885fbbe0a7775099edf92512af,54.88,53.55,-0.024234693877551117,0.03614062235912776,0.4533333333333333,0,0
1,1,2,1,1,62,0,0,0,0,0,jsoup,java,0a79e4b5caaa7a885fbbe0a7775099edf92512af,7199cf1e647fb410a4341c35f7007c5def4305e0,53.55,53.64,0.0016806722689076269,0.7088614111935311,-0.08444444444444445,0,0
24,5,29,3,1,35,0,0,0,0,0,jsoup,java,7199cf1e647fb410a4341c35f7007c5def4305e0,ec69d09deb79468edde57456c0f79c19128e19e1,53.64,52.96,-0.012677106636838175,0.44282612113873143,0.1688888888888889,0,0
32,8,40,4,3,58,0,1,0,0,0,jsoup,java,ec69d09deb79468edde57456c0f79c19128e19e1,2660750b2e6691a2d5414f3f9f878b69a49539bb,52.96,53.7,0.013972809667673754,0.6040860725185493,-0.11555555555555555,0,0
29,2,31,3,1,45,0,0,0,0,0,jsoup,java,2660750b2e6691a2d5414f3f9f878b69a49539bb,3eb8a67876703682e4156b378871911870fcaad9,53.7,54.08,0.007076350093109785,0.38352091683604683,-0.19111111111111112,0,0
80,5,85,6,1,53,0,0,0,0,0,jsoup,java,3eb8a67876703682e4156b378871911870fcaad9,fcab98cdd311deb3dd4fd63fef2bc6c4c397f186,54.08,53.19,-0.016457100591715988,0.15215831655137088,0.3111111111111111,0,0
39,0,39,3,1,40,0,0,0,0,0,jsoup,java,fcab98cdd311deb3dd4fd63fef2bc6c4c397f186,982e4f96560dadd33e627a1ecea7557f08745d98,53.19,53.65,0.008648242150780238,0.395052929721015,-0.18666666666666668,0,0
21,0,21,3,1,52,0,0,0,0,0,jsoup,java,982e4f96560dadd33e627a1ecea7557f08745d98,a3d03f9a1ffbc4e9ba5bcbe991ca6ac2e5207f6b,53.65,52.84,-0.015097856477166733,0.11024714671331932,0.3466666666666667,0,0
34,0,34,3,1,46,0,0,0,0,0,jsoup,java,a3d03f9a1ffbc4e9ba5bcbe991ca6ac2e5207f6b,f607d8fcf01d7053b61b63aabfb8c4d7a0f7e02f,52.84,53.3,0.008705526116578231,0.1985058531538877,-0.28,0,0
145,0,145,5,1,44,0,0,0,0,0,jsoup,java,f607d8fcf01d7053b61b63aabfb8c4d7a0f7e02f,5eecccd3eae2d7af9c8426473e9ee53bc01bc7c0,53.3,54.54,0.02326454033771111,0.1408494216179361,-0.32,0,0
7,7,14,3,1,77,0,0,0,0,0,jsoup,java,5eecccd3eae2d7af9c8426473e9ee53bc01bc7c0,40a35750e655d5229744684086a9249b233058bf,54.54,53.16,-0.02530253025302535,0.15846460599820356,0.30666666666666664,0,0
4,2,6,3,3,95,0,0,0,0,0,jsoup,java,40a35750e655d5229744684086a9249b233058bf,371eaf76270b0aea4340c7e9359f02252074b007,53.16,53.91,0.014108352144469528,0.4067868333984651,-0.18222222222222223,0,0
1,1,2,1,1,62,0,0,0,0,0,jsoup,java,371eaf76270b0aea4340c7e9359f02252074b007,4d3ff3d8d5c59d73119f32b2fb8ad5992f546148,53.91,53.52,-0.007234279354479568,0.9669147771731937,0.013333333333333334,0,0
3,3,6,3,2,32,0,0,1,0,0,jsoup,java,4d3ff3d8d5c59d73119f32b2fb8ad5992f546148,77add7946ea5bca622b1f4f654f97e62f6db1e95,53.52,53.96,0.008221225710014905,0.7399938739946226,-0.07555555555555556,0,0
21,5,26,3,1,76,0,1,0,0,0,jsoup,java,77add7946ea5bca622b1f4f654f97e62f6db1e95,27a52f90a25699bebe23ff1ff94d6db361fdb11d,53.96,54.81,0.015752409191994096,0.34003216856941376,-0.2088888888888889,0,0
13,3,16,3,1,60,0,0,0,1,0,jsoup,java,27a52f90a25699bebe23ff1ff94d6db361fdb11d,bb4ead7c350695c1ed3c52d028090da4d4cecd1e,54.81,54.15,-0.012041598248494868,0.48073111045562256,0.15555555555555556,0,0
1,1,2,1,1,19,0,0,0,0,0,jsoup,java,bb4ead7c350695c1ed3c52d028090da4d4cecd1e,6c2032dc6cc1b502c88cad8964d59b668039c3db,54.15,53.72,-0.007940904893813477,0.8034625743147712,0.057777777777777775,0,0
106,9,115,9,1,94,0,0,0,0,0,jsoup,java,6c2032dc6cc1b502c88cad8964d59b668039c3db,aec561f3328980182f299e61eaae45420245141b,53.72,53.79,0.001303052866716312,0.43059671018389833,0.17333333333333334,0,0
88,26,114,6,2,99,0,0,0,0,0,jsoup,java,aec561f3328980182f299e61eaae45420245141b,0081d162cca8ad23b500b53799195fec644f261b,53.79,53.83,0.0007436326454731204,0.6186305224456992,-0.1111111111111111,0,0
25,24,49,2,1,39,0,0,0,1,0,jsoup,java,0081d162cca8ad23b500b53799195fec644f261b,05ea09d373e05aa538793ba042148f83859d1402,53.83,53.79,-0.0007430800668771902,0.9338864180775845,-0.022222222222222223,0,0
92,2,94,5,1,93,0,0,0,0,0,jsoup,java,05ea09d373e05aa538793ba042148f83859d1402,8c07dc18a69efe2ea811d4c1ffe630b56e2d8629,53.79,54.19,0.007436326454731337,0.6783024655972324,-0.09333333333333334,0,0
50,0,50,5,1,31,0,0,0,0,0,jsoup,java,8c07dc18a69efe2ea811d4c1ffe630b56e2d8629,214c5686b075152d2bf8995731632080ed8f8e83,54.19,53.16,-0.019007196899797033,0.6186305224456992,0.1111111111111111,0,0
1,1,2,1,1,51,0,0,0,0,0,jsoup,java,214c5686b075152d2bf8995731632080ed8f8e83,e7ebe6999d28e37532f625cbca3552720cd1e612,53.16,53.99,0.015613243039879711,0.5896972055949141,-0.12,0,0
1,1,2,1,1,62,0,0,0,0,0,jsoup,java,e7ebe6999d28e37532f625cbca3552720cd1e612,02c9052198ffbab5140b78a84d68886b190aa5d3,53.99,53.97,-0.0003704389701797208,0.8034625743147712,-0.057777777777777775,0,0
2,2,4,2,2,48,0,0,0,0,0,jsoup,java,02c9052198ffbab5140b78a84d68886b190aa5d3,97d203b3e70d9f2387fb6b11fb115b182e1f5e41,53.97,53.65,-0.005929219937002044,0.43064798984807773,0.17333333333333334,0,0
71,6,77,5,1,89,0,0,0,0,0,jsoup,java,97d203b3e70d9f2387fb6b11fb115b182e1f5e41,cf3676c534e92052acf870c71e2fa8fb9c060fe6,53.65,53.1,-0.01025163094128606,0.3296381262105611,0.21333333333333335,0,0
66,11,77,4,1,88,0,0,0,0,0,jsoup,java,cf3676c534e92052acf870c71e2fa8fb9c060fe6,e6cc4ceff4e1d119f1779d1370ff99aaa2911f23,53.1,53.52,0.007909604519774044,0.7715511878155722,-0.06666666666666667,0,0
81,3,84,6,1,38,0,0,0,0,0,jsoup,java,e6cc4ceff4e1d119f1779d1370ff99aaa2911f23,916d5399a698ccf3eb2e0f02f4cad234fedec177,53.52,53.81,0.00541853512705529,0.9669110984447616,-0.013333333333333334,0,0
36,42,78,2,2,32,0,0,0,0,0,jsoup,java,916d5399a698ccf3eb2e0f02f4cad234fedec177,027c41520e029ae88e578cc9b28491a74d8bb25a,53.81,53.72,-0.0016725515703401488,1.0,0.0044444444444444444,0,0
16,6,22,1,1,34,1,0,0,0,0,jsoup,java,027c41520e029ae88e578cc9b28491a74d8bb25a,6cff72ab387d211de65567d7537a73d81a37fd69,53.72,54.56,0.015636634400595744,0.3505803382110487,-0.20444444444444446,0,0
3,3,6,3,1,34,1,0,0,0,0,jsoup,java,6cff72ab387d211de65567d7537a73d81a37fd69,40a3cda062a8e856cd87b1f7b26d200d2c4980ec,54.56,53.81,-0.01374633431085044,0.38367971975215054,0.19111111111111112,0,0
5,2,7,1,1,28,1,0,0,0,0,jsoup,java,40a3cda062a8e856cd87b1f7b26d200d2c4980ec,f0f3eab9c34cc32c6ad06a991fe572d243ca9e85,53.81,53.6,-0.0039026203307935487,0.7715264784488729,-0.06666666666666667,0,0
80,23,103,6,1,37,1,0,0,0,0,jsoup,java,f0f3eab9c34cc32c6ad06a991fe572d243ca9e85,0831a08ea788e93c68159318fe8880d435d40c23,53.6,51.71,-0.035261194029850756,0.014385980397814321,0.5288888888888889,0,0
124,22,146,10,1,59,0,0,0,0,0,jsoup,java,0831a08ea788e93c68159318fe8880d435d40c23,10cfa0465c9d48f6a3ce3f5996259e77b43fa858,51.71,53.9,0.0423515760974666,0.04648668639528603,-0.4311111111111111,0,0
64,36,100,5,1,20,1,0,0,0,0,jsoup,java,10cfa0465c9d48f6a3ce3f5996259e77b43fa858,6b0dd15b9542b184a55040de992e0140e613fec8,53.9,52.88,-0.01892393320964742,0.3614963660708982,0.2,0,0
1,3,4,3,1,5,0,0,0,0,0,jsoup,java,6b0dd15b9542b184a55040de992e0140e613fec8,ad203677d7d98af76d29ac8938dcdc7751ef14cc,52.88,53.18,0.005673222390317647,0.6186695570822622,-0.1111111111111111,0,0
65,9,74,5,1,60,0,0,0,0,0,jsoup,java,ad203677d7d98af76d29ac8938dcdc7751ef14cc,57567c678cadb79fbc19b86e11391e325834dffb,53.18,52.27,-0.01711169612636323,0.35063394347705956,0.20444444444444446,0,0
0,2,2,1,1,5,0,0,0,0,0,jsoup,java,57567c678cadb79fbc19b86e11391e325834dffb,4b9bd67fcac532d7c1ed9553015f3ce1da75cce0,52.27,53.95,0.03214080734647024,0.044229415116967694,-0.43555555555555553,0,0
21,3,24,2,2,22,0,0,1,0,0,jsoup,java,4b9bd67fcac532d7c1ed9553015f3ce1da75cce0,211a0b397d251f043e9b2c4815a7e452741dbd0b,53.95,52.37,-0.02928637627432818,0.03808828420629213,0.4488888888888889,0,0
1,1,2,1,1,51,0,0,0,0,0,jsoup,java,211a0b397d251f043e9b2c4815a7e452741dbd0b,25a4b0cf96a74ac71616775331327a2e9dc1e071,52.37,53.57,0.02291388199350779,0.14657603430900068,-0.31555555555555553,0,0
1,1,2,1,1,62,0,0,0,0,0,jsoup,java,25a4b0cf96a74ac71616775331327a2e9dc1e071,b044a777b1b967e249045a330c3112f079e9d65a,53.57,53.06,-0.009520253873436588,0.3195059648919748,0.21777777777777776,0,0
94,15,109,7,1,63,0,0,0,0,0,jsoup,java,b044a777b1b967e249045a330c3112f079e9d65a,7eeb74d133625c8819ba8da52e37f4e4db4b8a26,53.06,53.47,0.007727101394647504,0.2997046058214359,-0.22666666666666666,0,0
37,6,43,6,1,61,0,0,0,0,0,jsoup,java,7eeb74d133625c8819ba8da52e37f4e4db4b8a26,4f2ff53293ce4afb609ff7cb8b2d2fd27240cb39,53.47,53.15,-0.005984664297737054,0.6631149001410768,0.09777777777777778,0,0
19,6,25,3,1,71,0,0,1,0,0,jsoup,java,4f2ff53293ce4afb609ff7cb8b2d2fd27240cb39,7520dee7b688bdab536bfd76fca47a65316d2147,53.15,52.86,-0.005456255879586061,0.6040860725185493,0.11555555555555555,0,0
55,8,63,6,1,110,0,0,0,0,0,jsoup,java,7520dee7b688bdab536bfd76fca47a65316d2147,af580c310cab08ed637afb235c22a83bb71f4f9a,52.86,53.72,0.016269390843738164,0.8845613440989442,-0.035555555555555556,0,0
128,2,130,5,1,76,0,0,0,0,0,jsoup,java,af580c310cab08ed637afb235c22a83bb71f4f9a,847e03ecfe09ae074844e5821ee185cd8c581f42,53.72,52.35,-0.025502606105733384,0.24548500120312422,0.25333333333333335,0,0
65,21,86,3,1,148,0,0,0,0,0,jsoup,java,847e03ecfe09ae074844e5821ee185cd8c581f42,ba5d66010db39205e29289ae81122fc85299d145,52.35,54.11,0.03361986628462269,0.02792505735330741,-0.47555555555555556,0,0
4,20,24,1,1,66,0,0,0,0,0,jsoup,java,ba5d66010db39205e29289ae81122fc85299d145,e05e1855a90905b7d467cfc8d273e7a078ad0769,54.11,52.77,-0.024764368878210985,0.14648618879753125,0.31555555555555553,0,0
6,1,7,2,1,35,0,0,0,0,0,jsoup,java,e05e1855a90905b7d467cfc8d273e7a078ad0769,a147ce5467129fa15e62e31c725f8115dc6b5560,52.77,53.28,0.009664582148948228,0.4552015787746684,-0.16444444444444445,0,0
9,0,9,2,2,58,0,0,0,0,0,jsoup,java,a147ce5467129fa15e62e31c725f8115dc6b5560,09adeec44230265c8300408e5aaffa431af88957,53.28,53.94,0.012387387387387323,0.26264683923905696,-0.24444444444444444,0,0
57,12,69,3,1,18,0,0,0,0,0,jsoup,java,09adeec44230265c8300408e5aaffa431af88957,f0f280cd42096a41058b87517a3a2da9f5bcecb2,53.94,53.83,-0.0020393029291805604,0.8034625743147712,-0.057777777777777775,0,0
72,5,77,7,1,74,0,0,0,0,0,jsoup,java,f0f280cd42096a41058b87517a3a2da9f5bcecb2,e5f6e084f755969196ca9a87c6b334f7125359aa,53.83,53.75,-0.0014861601337543804,0.29003544640165335,0.2311111111111111,0,0
47,7,54,6,1,84,0,0,0,0,0,jsoup,java,e5f6e084f755969196ca9a87c6b334f7125359aa,9824d000c7b73f52a277dcc83b55602225154fb2,53.75,53.72,-0.000558139534883742,0.9174021048159461,-0.02666666666666667,0,0
987,6,993,8,1,64,0,0,0,0,0,jsoup,java,9824d000c7b73f52a277dcc83b55602225154fb2,8a49d09f5c2acfb89b0c1f2887728793a036aa15,53.72,54.94,0.022710349962769896,0.7089232340537643,-0.08444444444444445,0,0
0,7,7,1,1,34,0,0,0,0,0,jsoup,java,8a49d09f5c2acfb89b0c1f2887728793a036aa15,aef65a900ef328f92bb487752105f89d9a735672,54.94,55.33,0.0070986530760830105,0.1408494216179361,-0.32,0,0
23,0,23,3,1,47,0,0,0,0,0,jsoup,java,aef65a900ef328f92bb487752105f89d9a735672,2ca58b79dd165a6eec7ce990cf53ceaf9445e5f0,55.33,53.98,-0.02439906018434848,0.02941788939920751,0.4711111111111111,0,0
88,76,164,4,2,160,0,0,0,0,0,jsoup,java,2ca58b79dd165a6eec7ce990cf53ceaf9445e5f0,eb1edd463b1f3b52b541d58487718676445d0d34,53.98,54.26,0.005187106335679903,0.28084201086629845,-0.23555555555555555,0,0
2217,0,2217,3,2,84,0,1,0,0,0,jsoup,java,eb1edd463b1f3b52b541d58487718676445d0d34,17486e2fa5b542b1f68b9b60efbefecd216a4a48,54.26,53.89,-0.006819019535569433,0.493682051010625,0.1511111111111111,0,0
158,38,196,5,1,36,0,0,0,0,0,jsoup,java,17486e2fa5b542b1f68b9b60efbefecd216a4a48,f8841edabba28d6125dd87ed72f557e85570066b,53.89,54.0,0.002041195026906651,0.9174021048159461,-0.02666666666666667,0,0
23,44,67,2,1,28,0,0,0,0,0,jsoup,java,f8841edabba28d6125dd87ed72f557e85570066b,935cab0e00f289ce5369f4c217b5eb3a3d9e33e7,54.0,55.03,0.019074074074074094,0.06799575043506911,-0.39555555555555555,0,0
147,48,195,16,1,58,0,0,0,0,0,jsoup,java,935cab0e00f289ce5369f4c217b5eb3a3d9e33e7,57bce6dc8424637621f6b660855f23e72a08c4b3,55.03,54.71,-0.0058150099945484335,0.22897717637243786,0.26222222222222225,0,0
18,17,35,2,2,72,0,0,0,0,0,jsoup,java,57bce6dc8424637621f6b660855f23e72a08c4b3,21c927d33d4cccce0cd0931cffa681533851400d,54.71,54.34,-0.006762931822335907,0.4936339717986785,0.1511111111111111,0,0
1,1,2,1,1,62,0,0,0,0,0,jsoup,java,21c927d33d4cccce0cd0931cffa681533851400d,91356162a5bc257a2f799b1b0d1c29baf80b294f,54.34,54.4,0.001104158998895752,0.6482039260122094,-0.10222222222222223,0,0
1,1,2,1,1,48,0,0,0,0,0,jsoup,java,91356162a5bc257a2f799b1b0d1c29baf80b294f,050c5b2c4e3b6b6993b71313a82ac50c64d94555,54.4,54.46,0.00110294117647063,0.9338790795853346,0.022222222222222223,0,0
37,5,42,2,1,48,1,0,0,0,0,jsoup,java,050c5b2c4e3b6b6993b71313a82ac50c64d94555,674dab0387c4bfad01465574c4be6ea4b3f4f6e9,54.46,53.58,-0.016158648549394097,0.08146074521015789,0.37777777777777777,0,0
55,30,85,2,1,25,0,0,0,0,0,jsoup,java,674dab0387c4bfad01465574c4be6ea4b3f4f6e9,19aecf27292e894fefe4552309549325387163d2,53.58,54.68,0.02053004852556927,0.12486035998214667,-0.3333333333333333,0,0
23,8,31,2,1,33,0,0,0,0,0,jsoup,java,19aecf27292e894fefe4552309549325387163d2,daf4666075b44c4405f7dc648467bdd39c236556,54.68,53.79,-0.016276517922457948,0.06799575043506911,0.39555555555555555,0,0
6,5,11,3,2,66,0,0,0,0,0,jsoup,java,daf4666075b44c4405f7dc648467bdd39c236556,ff329d584a733c7fb58bb378a752541a7838fbd2,53.79,53.89,0.0018590816136828672,0.7556829896574374,-0.07111111111111111,0,0
1,1,2,1,1,12,0,1,0,0,0,jsoup,java,ff329d584a733c7fb58bb378a752541a7838fbd2,1342c6117241469f0c376353798821105cf7cd02,53.89,52.94,-0.01762850250510304,0.0563375054156722,0.41333333333333333,0,0
272,53,325,23,1,83,0,0,0,0,1,jsoup,java,1342c6117241469f0c376353798821105cf7cd02,18e9a8f2ba83bd50dff8766bb0dab902a317f2f5,52.94,53.44,0.009444654325651681,0.06486537983292534,-0.4,0,0
47,6,53,4,1,30,0,0,0,0,0,jsoup,java,18e9a8f2ba83bd50dff8766bb0dab902a317f2f5,e8e29ca111772980970275662e0027fa695d9f27,53.44,53.92,0.008982035928143787,0.8519177555606353,-0.044444444444444446,0,0
2,1,3,1,1,25,0,0,0,0,0,jsoup,java,e8e29ca111772980970275662e0027fa695d9f27,7568b9143d1688129350c1a6ff8ceb923b9e4731,53.92,53.51,-0.007603857566765647,0.6482039260122094,0.10222222222222223,0,0
3,3,6,1,1,28,1,0,0,0,0,jsoup,java,7568b9143d1688129350c1a6ff8ceb923b9e4731,09b0d1b6008ee7fa4fa7cf6dbaa798d967254a02,53.51,53.6,0.0016819286114745547,0.6333259145156125,0.10666666666666667,0,0
80,10,90,3,1,81,0,0,0,0,0,jsoup,java,09b0d1b6008ee7fa4fa7cf6dbaa798d967254a02,f548940dd8be5f8c93ef17a8896b2807aa2a08bc,53.6,53.91,0.0057835820895521485,0.8034625743147712,-0.057777777777777775,0,0
19,11,30,3,1,55,0,0,0,0,0,jsoup,java,f548940dd8be5f8c93ef17a8896b2807aa2a08bc,5e52f1b266173593fab32fe9d8a4963066b2f2fe,53.91,53.99,0.0014839547393805492,0.9009714934164412,0.03111111111111111,0,0
18,1,19,3,1,55,0,0,0,0,0,jsoup,java,5e52f1b266173593fab32fe9d8a4963066b2f2fe,62afbdf6a85fec75fde38d327928a180bc5bccb3,53.99,53.4,-0.010927949620300118,0.48073111045562256,0.15555555555555556,0,0
0,2,2,1,1,11,0,0,0,0,0,jsoup,java,62afbdf6a85fec75fde38d327928a180bc5bccb3,a83d5f1a692d468e71edd96801caa156492b4817,53.4,53.42,0.00037453183520605107,0.9669147771731937,0.013333333333333334,0,0
387,0,387,2,1,50,0,0,0,0,0,jsoup,java,a83d5f1a692d468e71edd96801caa156492b4817,eec6bb02b3ce782af30f72048b800b8588c1908f,53.42,52.53,-0.016660426806439546,0.7399938739946226,0.07555555555555556,0,0
244,126,370,6,1,37,0,0,0,0,0,jsoup,java,eec6bb02b3ce782af30f72048b800b8588c1908f,ce843ec83988e3e3318fa7db38133b06be741a1f,52.53,53.1,0.010850942318675049,0.9009605329267507,-0.03111111111111111,0,0
59,7,66,1,1,42,0,0,0,0,0,jsoup,java,ce843ec83988e3e3318fa7db38133b06be741a1f,444f558a8ed804f8851f16dc234ced136252d485,53.1,53.52,0.007909604519774044,0.6333259145156125,-0.10666666666666667,0,0
5,1,6,1,1,28,0,0,0,0,0,jsoup,java,444f558a8ed804f8851f16dc234ced136252d485,20865395f255eb2cfefc1187822efe658ea83c54,53.52,53.5,-0.00037369207772801056,0.8357050269952793,-0.04888888888888889,0,0
31,0,31,1,1,35,0,0,0,0,0,jsoup,java,20865395f255eb2cfefc1187822efe658ea83c54,84056ded0760b1ea9a2eb816d6fc0170b8d7f3cd,53.5,54.03,0.009906542056074788,0.6482039260122094,-0.10222222222222223,0,0
38,1,39,2,1,24,0,0,0,0,0,jsoup,java,84056ded0760b1ea9a2eb816d6fc0170b8d7f3cd,c6936dd3daab6dc7098065dff0bf39d8318349eb,54.03,53.76,-0.004997223764575294,0.5614474146848649,0.1288888888888889,0,0
6,1,7,1,1,34,0,0,0,0,0,jsoup,java,c6936dd3daab6dc7098065dff0bf39d8318349eb,d65b6dad2a88e584be032481d30b7fc09112d225,53.76,53.52,-0.0044642857142856195,0.9009714934164412,0.03111111111111111,0,0
12,12,24,3,1,52,0,0,0,0,0,jsoup,java,d65b6dad2a88e584be032481d30b7fc09112d225,35090950b41fdd4f3c4cee798d53229d837e7599,53.52,53.58,0.001121076233183766,0.8845613440989442,0.035555555555555556,0,0
262,2,264,1,1,40,0,0,0,0,0,jsoup,java,35090950b41fdd4f3c4cee798d53229d837e7599,6c28472ebeca802a22d8b4b775c381b7117393d6,53.58,54.08,0.009331840238895111,0.35063394347705956,-0.20444444444444446,0,0
55,34,89,3,1,35,0,0,0,0,0,jsoup,java,6c28472ebeca802a22d8b4b775c381b7117393d6,00aa39e3faef106f8fbb3068fa65991b1001a7c8,54.08,54.53,0.008321005917159816,0.6040860725185493,0.11555555555555555,0,0
47,5,52,2,1,21,0,0,0,0,0,jsoup,java,00aa39e3faef106f8fbb3068fa65991b1001a7c8,102caa116c375ab74da564ac0f4d5d954b6296dc,54.53,53.25,-0.023473317439941337,0.3094204710192563,0.2222222222222222,0,0
47,10,57,2,1,30,0,0,0,0,0,jsoup,java,102caa116c375ab74da564ac0f4d5d954b6296dc,e4917452778b4e1b19b2fcbe9f258e9e4061a97f,53.25,53.32,0.001314553990610334,0.6480578706792112,-0.10222222222222223,0,0
68,10,78,7,2,99,0,0,0,0,0,jsoup,java,e4917452778b4e1b19b2fcbe9f258e9e4061a97f,e256bb7fc5979de256371bb324f1ca1330e38112,53.32,53.34,0.00037509377344341945,1.0,0.0044444444444444444,0,0
19,10,29,4,2,43,0,0,0,0,0,jsoup,java,e256bb7fc5979de256371bb324f1ca1330e38112,dfe666c45ece6ee90c0a7586f38ddfc6825cd65c,53.34,53.69,0.00656167979002614,0.442775365379404,-0.1688888888888889,0,0
101,11,112,5,1,104,0,0,0,0,0,jsoup,java,dfe666c45ece6ee90c0a7586f38ddfc6825cd65c,2217137d9254f124e01aa935628a4076f7478995,53.69,54.3,0.011361519836096097,0.7088614111935311,-0.08444444444444445,0,0
3,4,7,1,1,56,0,0,0,0,0,jsoup,java,2217137d9254f124e01aa935628a4076f7478995,8877dab91c2c4074db6ff7b459d247959019caad,54.3,53.9,-0.007366482504604026,0.9009605329267507,-0.03111111111111111,0,0
62,3,65,3,1,27,0,0,0,0,0,jsoup,java,8877dab91c2c4074db6ff7b459d247959019caad,961e4d7186308a33aad544f83e67e0a57d30b35e,53.9,54.61,0.013172541743970331,0.1646291514875744,-0.3022222222222222,0,0
2,2,4,2,2,74,0,0,0,0,0,jsoup,java,961e4d7186308a33aad544f83e67e0a57d30b35e,4187ea925ea383636a198696e92949fcd76167a3,54.61,53.74,-0.015931148141366005,0.022516067538003053,0.49333333333333335,0,0
1,1,2,1,1,62,0,0,0,0,0,jsoup,java,4187ea925ea383636a198696e92949fcd76167a3,008b3a6f92e860abec6d1d44e5be553f05d3b012,53.74,54.22,0.008931894305917322,0.14080521625883635,-0.32,0,0
3,2,5,1,1,4,0,0,0,0,0,jsoup,java,008b3a6f92e860abec6d1d44e5be553f05d3b012,ec49e3832a1db13efc343d22798efb1523684959,54.22,53.2,-0.018812246403541056,0.6332503030209604,0.10666666666666667,0,0
63,8,71,4,1,103,0,0,0,0,0,jsoup,java,ec49e3832a1db13efc343d22798efb1523684959,3091fd44859c3e5849fbc51fcab48342823276c2,53.2,53.5,0.005639097744360848,0.2716411207573157,0.24,0,0
29,28,57,6,1,7,0,0,0,0,0,jsoup,java,3091fd44859c3e5849fbc51fcab48342823276c2,b57bab46e4241cd3cacce52cb6ff310bbf69eb7b,53.5,52.99,-0.009532710280373795,0.46787129814814044,0.16,0,0
49,12,61,5,1,69,0,0,0,0,0,jsoup,java,b57bab46e4241cd3cacce52cb6ff310bbf69eb7b,78d40f41b9567d7e8a0c891f31b7deee2b1f3f19,52.99,54.17,0.022268352519343265,0.09294785335621057,-0.36444444444444446,0,0
82,14,96,3,1,32,0,0,0,0,0,jsoup,java,78d40f41b9567d7e8a0c891f31b7deee2b1f3f19,0722718f1f3e3811639600a3333ec7665592364d,54.17,53.3,-0.0160605501199927,0.9009714934164412,0.03111111111111111,0,0
1,1,2,1,1,51,0,0,0,0,0,jsoup,java,0722718f1f3e3811639600a3333ec7665592364d,3e012e72724517b62a72c426ffe1c52e736d7f93,53.3,52.98,-0.006003752345215766,0.3400858902842717,0.2088888888888889,0,0
1,1,2,1,1,62,0,0,0,0,0,jsoup,java,3e012e72724517b62a72c426ffe1c52e736d7f93,93f930b80da2be3b46a535b4cc7dfc0f4d8eed4e,52.98,54.12,0.021517553793884498,0.03101661143801677,-0.4666666666666667,0,0
71,4,75,3,1,50,0,0,0,0,0,jsoup,java,93f930b80da2be3b46a535b4cc7dfc0f4d8eed4e,210eeadbea339e00711cfe3f8bd68f600ea0765c,54.12,52.77,-0.024944567627494352,0.011391839029577161,0.5466666666666666,0,0
4,1,5,2,1,35,0,0,0,0,0,jsoup,java,210eeadbea339e00711cfe3f8bd68f600ea0765c,e96bd4bc44fa8e57993679ba0f4851554a8e7131,52.77,54.42,0.031267765776009065,0.013568282850093575,-0.5333333333333333,0,0
38,30,68,2,1,29,0,0,0,0,0,jsoup,java,e96bd4bc44fa8e57993679ba0f4851554a8e7131,2e22a341cd460a58d3f70ed8bf77bef53e9bec0f,54.42,53.46,-0.01764057331863287,0.24548500120312422,0.25333333333333335,0,0
16,6,22,3,1,56,0,0,0,0,0,jsoup,java,2e22a341cd460a58d3f70ed8bf77bef53e9bec0f,6e760a412fba8715f219e98def54c6cd6267582f,53.46,53.58,0.00224466891133553,0.6782686817942617,0.09333333333333334,0,0
9,1,10,3,1,77,0,0,0,0,0,jsoup,java,6e760a412fba8715f219e98def54c6cd6267582f,b87be0c0384503d832a34d363800441b94b8fed9,53.58,54.92,0.02500933184023896,0.002142606184426965,-0.6622222222222223,0,0
39,8,47,3,1,59,0,0,0,0,0,jsoup,java,b87be0c0384503d832a34d363800441b94b8fed9,84de4abc83b1831f96a353e8e87d09def5c1621a,54.92,53.64,-0.02330662782228698,0.0036905851986807135,0.6266666666666667,0,0
21,14,35,5,1,9,0,1,1,0,0,jsoup,java,84de4abc83b1831f96a353e8e87d09def5c1621a,0b56f3e5e012e689af8dda0e96d6e0c9f31853b6,53.64,53.55,-0.001677852348993352,0.7400217511938185,-0.07555555555555556,0,0
2065,2,2067,6,1,52,0,0,0,0,0,jsoup,java,0b56f3e5e012e689af8dda0e96d6e0c9f31853b6,20ed24cefb5df53c48021459af98bef83c55f241,53.55,55.56,0.037535014005602337,0.012821684691391543,-0.5377777777777778,0,0
33,2,35,2,1,25,0,0,0,0,0,jsoup,java,20ed24cefb5df53c48021459af98bef83c55f241,f4f2efb22f24378eb608aa308ba30cbfee3b3df2,55.56,55.78,0.003959683225341952,1.0,0.0,0,0
20,9,29,4,1,44,0,0,0,0,0,jsoup,java,f4f2efb22f24378eb608aa308ba30cbfee3b3df2,528b793d86be485f7b4fff51f97e67708eb632da,55.78,55.11,-0.012011473646468299,0.26269994534963204,0.24444444444444444,0,0
1,9,10,2,2,61,0,0,0,0,0,jsoup,java,528b793d86be485f7b4fff51f97e67708eb632da,ddef7e95ca1a5b6469f17dde04d8654c967d4902,55.11,55.53,0.007621121393576514,0.4553018964198552,-0.16444444444444445,0,0
1,1,2,1,1,62,0,0,0,0,0,jsoup,java,ddef7e95ca1a5b6469f17dde04d8654c967d4902,a97445b2e3def9efac5fcdd20c6ce5e672184b71,55.53,55.55,0.00036016567621098545,0.8845613440989442,-0.035555555555555556,0,0
15,1,16,2,1,89,0,0,0,0,0,jsoup,java,a97445b2e3def9efac5fcdd20c6ce5e672184b71,9e2d3711ff5f23e39b0f956d03c3a2b547239fc1,55.55,55.28,-0.004860486048604789,0.9669110984447616,0.013333333333333334,0,0
55,20,75,3,1,79,0,0,0,0,0,jsoup,java,9e2d3711ff5f23e39b0f956d03c3a2b547239fc1,ef57a000b65f075de35f8d593a5223779755ac26,55.28,55.59,0.00560781476121567,0.8194667061551302,0.05333333333333334,0,0
11,20,31,4,1,126,0,0,0,0,0,jsoup,java,ef57a000b65f075de35f8d593a5223779755ac26,cacbbfb9604fc5ce565b3547f4a7de77c037013f,55.59,55.29,-0.005396654074473903,0.9009495687969676,-0.03111111111111111,0,0
5,2,7,1,1,26,0,0,0,0,0,jsoup,java,cacbbfb9604fc5ce565b3547f4a7de77c037013f,08a3d67273f31718acde383a4c5158bed9c506b2,55.29,55.28,-0.00018086453246514758,0.9338790795853346,-0.022222222222222223,0,0
40,6,46,4,1,201,0,0,0,0,0,jsoup,java,08a3d67273f31718acde383a4c5158bed9c506b2,82855b07f5336d30c70dc20548ab7ab8adeac05e,55.28,54.02,-0.02279305354558607,0.10126569256090001,0.35555555555555557,0,0
17,1,18,3,1,57,0,0,0,0,0,jsoup,java,82855b07f5336d30c70dc20548ab7ab8adeac05e,da9b977ef99e2595602a964561906a930b4332f3,54.02,55.16,0.021103295075897692,0.11494702343887914,-0.3422222222222222,0,0
11,9,20,3,1,75,0,0,0,0,0,jsoup,java,da9b977ef99e2595602a964561906a930b4332f3,2e4969497c5734d90d394103728bb517644f9157,55.16,54.67,-0.008883248730964376,0.41851381169736,0.17777777777777778,0,0
2,1,3,1,1,67,0,0,0,0,0,jsoup,java,2e4969497c5734d90d394103728bb517644f9157,2f5b1878624b28c268e337fcb2748dbc249c5e6d,54.67,55.03,0.0065849643314431945,0.5614474146848649,-0.1288888888888889,0,0
128,4,132,8,1,95,0,0,0,0,0,jsoup,java,2f5b1878624b28c268e337fcb2748dbc249c5e6d,5ca6b4041d0605025f1a1582a605d2aee377bc1c,55.03,54.83,-0.003634381246592819,0.9503844315376063,0.017777777777777778,0,0
9,0,9,1,1,40,0,0,0,0,0,jsoup,java,5ca6b4041d0605025f1a1582a605d2aee377bc1c,9dcc488f3c6afb691e49af42755cfd61b0a69d04,54.83,55.61,0.014225788801750888,0.9338864180775845,-0.022222222222222223,0,0
19,1,20,3,1,79,0,0,0,0,0,jsoup,java,9dcc488f3c6afb691e49af42755cfd61b0a69d04,adce18ec3d06b849886d203fe932205f312cc37f,55.61,55.96,0.0062938320445963215,0.7089232340537643,-0.08444444444444445,0,0
34,18,52,6,1,20,0,0,0,0,0,jsoup,java,adce18ec3d06b849886d203fe932205f312cc37f,13c2af3f24fceda5b44776a5257112ac7218d038,55.96,54.74,-0.021801286633309488,0.3094743057014513,0.2222222222222222,0,0
71,0,71,3,1,143,0,0,0,0,0,jsoup,java,13c2af3f24fceda5b44776a5257112ac7218d038,f462438f2ebfb354c823cd2c0b677b0674f0e80c,54.74,55.23,0.008951406649616274,0.3505803382110487,-0.20444444444444446,0,0
32,3,35,5,1,88,0,0,0,0,0,jsoup,java,f462438f2ebfb354c823cd2c0b677b0674f0e80c,ca8bad78bf898f808ad6028d4a7c09a69bc65b84,55.23,54.89,-0.00615607459713917,0.26269994534963204,0.24444444444444444,0,0
6,7,13,2,3,106,0,0,0,0,0,jsoup,java,ca8bad78bf898f808ad6028d4a7c09a69bc65b84,c066b23e2b9a2d59313451d8c6e786c0b5030202,54.89,56.17,0.023319366004736768,0.005452139856940547,-0.6,0,0
1,1,2,1,1,62,0,0,0,0,0,jsoup,java,c066b23e2b9a2d59313451d8c6e786c0b5030202,9b69302f27abb4a7697ff959444b8ff2b45fbe5b,56.17,55.44,-0.01299626134947488,0.2132718497654562,0.27111111111111114,0,0
15,2,17,1,1,28,0,0,0,0,0,jsoup,java,9b69302f27abb4a7697ff959444b8ff2b45fbe5b,749687cbe07d824be68474a68724255f4a14e15f,55.44,55.75,0.005591630591630633,0.5614474146848649,-0.1288888888888889,0,0
287,0,287,10,1,62,0,0,0,0,0,jsoup,java,749687cbe07d824be68474a68724255f4a14e15f,8a7efe7305057c6123ea4ae080016e58f2ad3aca,55.75,54.31,-0.025829596412556013,0.10566159762924976,0.3511111111111111,0,0
96,0,96,1,1,26,0,0,0,0,0,jsoup,java,8a7efe7305057c6123ea4ae080016e58f2ad3aca,6fb07413051d22873429606c0fe1db66c0571c0a,54.31,55.31,0.018412815319462345,0.08894688604381429,-0.3688888888888889,0,0
17,5,22,1,1,42,0,0,0,0,0,jsoup,java,6fb07413051d22873429606c0fe1db66c0571c0a,073d9734451738985650074bee2ab45cb395fbb7,55.31,55.95,0.01157114445850661,0.9338864180775845,0.022222222222222223,0,0
2,1,3,1,1,68,0,1,0,0,0,jsoup,java,073d9734451738985650074bee2ab45cb395fbb7,170c25f964066982cc0ce7cb5d9084d4b0dc4227,55.95,55.21,-0.013226094727435245,0.44282612113873143,0.1688888888888889,0,0
248,299,547,18,5,148,0,0,0,0,0,jsoup,java,170c25f964066982cc0ce7cb5d9084d4b0dc4227,7ea1e534d6d48da3a18953f323d9b275a57c4a09,55.21,55.04,-0.003079152327476937,0.7243862381207838,-0.08,0,0
606,0,606,1,1,24,0,0,0,0,0,jsoup,java,7ea1e534d6d48da3a18953f323d9b275a57c4a09,81594d5bd21af23e7378c7192197fd1966c9852e,55.04,54.83,-0.0038154069767442015,0.5474631812634612,0.13333333333333333,0,0
11,38,49,1,1,16,0,0,0,0,0,jsoup,java,81594d5bd21af23e7378c7192197fd1966c9852e,2d2c9a911c388f105c30f690fdf0b033f22b4e17,54.83,55.81,0.017873426956046032,0.24537995635673648,-0.25333333333333335,0,0
70,55,125,4,1,27,0,0,0,0,0,jsoup,java,2d2c9a911c388f105c30f690fdf0b033f22b4e17,b25f8506cc212c33c0779864448a2e870dc93f34,55.81,55.08,-0.01308009317326651,0.395052929721015,0.18666666666666668,0,0
18,0,18,2,1,31,0,0,0,0,0,jsoup,java,b25f8506cc212c33c0779864448a2e870dc93f34,2f2f8b83a69959607d9ee072188b51e87fe31ba1,55.08,55.49,0.0074437182280320206,0.4185655899250009,-0.17777777777777778,0,0
45,4,49,7,1,18,0,0,0,0,0,jsoup,java,2f2f8b83a69959607d9ee072188b51e87fe31ba1,b8cb55a51dd06a9e502399dada3abf904c0b6e7a,55.49,55.11,-0.006848080735267661,0.5338294217441396,0.13777777777777778,0,0
38,0,38,1,1,21,0,0,0,0,0,jsoup,java,b8cb55a51dd06a9e502399dada3abf904c0b6e7a,cc494e90ae10aff90f1e7ad4da5dd092e23d53f6,55.11,55.25,0.0025403737978588383,0.6332881146002245,0.10666666666666667,0,0
83,0,83,1,1,38,0,0,0,0,0,jsoup,java,cc494e90ae10aff90f1e7ad4da5dd092e23d53f6,f9ffaf49226a04a15698050b3978d85585be0894,55.25,56.74,0.02696832579185524,0.14648618879753125,-0.31555555555555553,0,0
300,0,300,2,1,23,0,0,0,0,0,jsoup,java,f9ffaf49226a04a15698050b3978d85585be0894,9008cbf66ca4a89d02ba26630fb818524e790974,56.74,55.77,-0.01709552344025377,0.27158778439600273,0.24,0,0
729,62,791,8,4,136,0,0,0,0,0,jsoup,java,9008cbf66ca4a89d02ba26630fb818524e790974,e9909538549c96800dad1e94284b99575d1be628,55.77,55.66,-0.0019723865877713203,0.9338864180775845,-0.022222222222222223,0,0
0,12,12,3,1,27,0,0,0,0,0,jsoup,java,e9909538549c96800dad1e94284b99575d1be628,3fb9295d4ce19e1d9bc06dd354dcfba981827abf,55.66,55.77,0.0019762845849803545,0.6783024655972324,0.09333333333333334,0,0
19,19,38,1,1,41,0,0,0,0,0,jsoup,java,3fb9295d4ce19e1d9bc06dd354dcfba981827abf,12a4abda3aeb213ed05e0aa500e2e6b70dbb9cca,55.77,55.7,-0.0012551551013089525,0.8034411566561627,-0.057777777777777775,0,0
15,8,23,2,1,66,0,1,0,0,0,jsoup,java,12a4abda3aeb213ed05e0aa500e2e6b70dbb9cca,dbbe693c9fbeef94d663c963b57ea379c75806a1,55.7,55.08,-0.011131059245960584,0.5896972055949141,0.12,0,0
73,50,123,13,1,84,0,0,1,0,0,jsoup,java,dbbe693c9fbeef94d663c963b57ea379c75806a1,ae7308a2832897f351712e44f656a3e71fac7efc,55.08,55.33,0.004538852578068265,0.5337383907275306,-0.13777777777777778,0,0
1,1,2,1,1,25,0,0,0,0,0,jsoup,java,ae7308a2832897f351712e44f656a3e71fac7efc,920ffd8ddd2645c560d905c2a53340cdafe4f96e,55.33,55.47,0.002530272908006517,0.48063346946245133,0.15555555555555556,0,0
2,2,4,1,1,20,0,0,0,0,0,jsoup,java,920ffd8ddd2645c560d905c2a53340cdafe4f96e,e36279116113c62b60e6c95580abb327401d9e09,55.47,55.45,-0.00036055525509277127,0.4303914557329047,-0.17333333333333334,0,0
24,1,25,4,1,63,0,0,0,0,0,jsoup,java,e36279116113c62b60e6c95580abb327401d9e09,b8d2e2108b16d5db3ce6f5744a49d4ebc4b7a46f,55.45,55.55,0.0018034265103695998,0.9173929463944336,-0.02666666666666667,0,0
4,0,4,1,1,38,0,0,0,0,0,jsoup,java,b8d2e2108b16d5db3ce6f5744a49d4ebc4b7a46f,cbc1cf3469f842ff44155b4ebf3fbd15ec95fd31,55.55,55.3,-0.004500450045004501,0.38373262766250305,0.19111111111111112,0,0
4,2,6,1,1,27,0,0,0,0,0,jsoup,java,cbc1cf3469f842ff44155b4ebf3fbd15ec95fd31,b800dd756bf956aa210165073824bfcf159780fd,55.3,55.18,-0.0021699819168173136,0.8682259903524354,-0.04,0,0
14,14,28,1,1,20,0,0,0,0,0,jsoup,java,b800dd756bf956aa210165073824bfcf159780fd,f11c3b4f92660b44dae8f6541c9b6908e6196b3a,55.18,56.08,0.016310257339615778,0.4067868333984651,-0.18222222222222223,0,0
114,9,123,1,1,15,0,0,0,0,0,jsoup,java,f11c3b4f92660b44dae8f6541c9b6908e6196b3a,5998a3eaaea26882550b657ff4d1f00e6b04fa1a,56.08,54.88,-0.02139800285306697,0.15846460599820356,0.30666666666666664,0,0
87,85,172,13,1,61,0,0,0,0,0,jsoup,java,5998a3eaaea26882550b657ff4d1f00e6b04fa1a,43a39b308abfbe39ea06729277d0630786b9956d,54.88,55.53,0.011844023323615133,0.3296381262105611,-0.21333333333333335,0,0
82,60,142,2,1,61,0,0,0,0,0,jsoup,java,43a39b308abfbe39ea06729277d0630786b9956d,d0a7e3a00350ea9bdca6a1f005ccc75e5b2d19d4,55.53,55.52,-0.00018008283810549272,0.8519177555606353,0.044444444444444446,0,0
8,0,8,1,1,77,0,0,1,0,0,jsoup,java,d0a7e3a00350ea9bdca6a1f005ccc75e5b2d19d4,4ad65182dbdfec91d7795206bef4342673cb8f11,55.52,55.24,-0.005043227665706072,0.9338864180775845,-0.022222222222222223,0,0
1,1,2,1,1,70,0,0,0,0,0,jsoup,java,4ad65182dbdfec91d7795206bef4342673cb8f11,2509766946d20c1339c56d5aa0970c522efd2417,55.24,55.76,0.009413468501086097,1.0,-0.0044444444444444444,0,0
6,3,9,1,1,80,0,0,0,0,0,jsoup,java,2509766946d20c1339c56d5aa0970c522efd2417,4a470a028e1f146c04695819c48b9ec8b7950f36,55.76,56.13,0.0066355810616930515,0.35063394347705956,-0.20444444444444446,0,0
1,1,2,1,1,56,0,0,0,0,0,jsoup,java,4a470a028e1f146c04695819c48b9ec8b7950f36,21334edbe26d02d8c9a882c6079f3fcfd179eb66,56.13,55.15,-0.017459469089613468,0.6630797165831224,0.09777777777777778,0,0
9,15,24,2,1,70,0,0,0,0,0,jsoup,java,21334edbe26d02d8c9a882c6079f3fcfd179eb66,08e2a7fc2f487328f1b514e07cc9f4c9ff3d3814,55.15,56.09,0.017044424297370894,0.44272459600060976,-0.1688888888888889,0,0
657,2411,3068,30,2,314,0,1,0,0,0,jsoup,java,08e2a7fc2f487328f1b514e07cc9f4c9ff3d3814,277949e7115059f6f0071e1b3418b6f6cbf48e48,56.09,54.06,-0.0361918345516135,0.004209946028667896,0.6177777777777778,0,0
29,2,31,4,1,81,0,0,0,0,0,jsoup,java,277949e7115059f6f0071e1b3418b6f6cbf48e48,f317c04acf821d61601f5d986252db40505153bc,54.06,54.04,-0.0003699593044765654,0.6333259145156125,0.10666666666666667,0,0
8,1,9,2,1,129,0,0,0,0,0,jsoup,java,f317c04acf821d61601f5d986252db40505153bc,f9d8a9c8a47be87c6d4f949dc24c6520e84590d0,54.04,53.72,-0.005921539600296082,0.493682051010625,0.1511111111111111,0,0
2,2,4,1,1,82,0,0,0,0,0,jsoup,java,f9d8a9c8a47be87c6d4f949dc24c6520e84590d0,fa8a8deb6e03ee00c10138f42b9b5cf83803e425,53.72,54.42,0.013030528667163121,0.09705388615647788,-0.36,0,0
1,0,1,1,1,48,0,0,0,0,0,jsoup,java,fa8a8deb6e03ee00c10138f42b9b5cf83803e425,6dbe51b3f6d4db7a17fd103a5d2f138e5edafe19,54.42,53.79,-0.011576626240352859,0.15841830012714964,0.30666666666666664,0,0
213,338,551,14,1,32,0,0,0,1,0,jsoup,java,6dbe51b3f6d4db7a17fd103a5d2f138e5edafe19,64ec9cfb151f26e85c0c206ce6aba063695e47cd,53.79,53.84,0.0009295408068414996,0.5338294217441396,0.13777777777777778,0,0
86,7,93,3,1,125,0,0,0,0,0,jsoup,java,64ec9cfb151f26e85c0c206ce6aba063695e47cd,39915966a8b7329cdae21623f239e652fb6af763,53.84,54.98,0.02117384843982157,0.08898243209574083,-0.3688888888888889,0,0
30,3,33,2,1,53,0,0,0,0,0,jsoup,java,39915966a8b7329cdae21623f239e652fb6af763,9c46f13fc4b17bfa6c3cb58945568ae8d8b191af,54.98,93.11,0.6935249181520554,3.3748749558581833e-06,-1.0,1,1
33,1,34,2,1,31,0,0,0,0,0,jsoup,java,9c46f13fc4b17bfa6c3cb58945568ae8d8b191af,c114eb0589d947dfe6f047c546380c3cfe413453,93.11,95.6,0.02674256256041236,0.26269994534963204,-0.24444444444444444,0,0
94,47,141,3,1,131,0,0,0,0,0,jsoup,java,c114eb0589d947dfe6f047c546380c3cfe413453,785d41a37f6c311084ebf2d23e83f4ceb4bb94ed,95.6,95.48,-0.0012552301255229115,0.9669147771731937,0.013333333333333334,0,0
1,1,2,1,1,45,0,0,0,0,0,jsoup,java,785d41a37f6c311084ebf2d23e83f4ceb4bb94ed,b320c9c28c7223beedabb355d7837596cf0a1ba8,95.48,54.61,-0.42804775869292,3.3833394126542183e-06,1.0,0,0
43,3,46,4,1,129,0,0,0,0,0,jsoup,java,b320c9c28c7223beedabb355d7837596cf0a1ba8,9ae3df9993f3f5991d0e6fd96c649d93d547d475,54.61,55.19,0.010620765427577335,0.6185914758545639,-0.1111111111111111,0,0
7,0,7,1,1,65,0,0,1,0,0,jsoup,java,9ae3df9993f3f5991d0e6fd96c649d93d547d475,c8807e900cb66f83a5d1f28d02e55528ff6d67ba,55.19,54.47,-0.013045841637977874,0.9338570494378531,-0.022222222222222223,0,0
1,1,2,1,1,27,0,0,0,0,0,jsoup,java,c8807e900cb66f83a5d1f28d02e55528ff6d67ba,7eefa1b51eb9fdc36b0762c0bbc417aff4b19a39,54.47,53.83,-0.011749586928584552,0.46787129814814044,0.16,0,0
1,1,2,1,1,30,0,0,0,0,0,jsoup,java,7eefa1b51eb9fdc36b0762c0bbc417aff4b19a39,9fcda18b6824b0c46986bff8f1c9ecc3bf5872f4,53.83,53.5,-0.0061304105517369185,0.547507748068732,0.13333333333333333,0,0
48,2,50,3,3,83,0,0,0,0,0,jsoup,java,9fcda18b6824b0c46986bff8f1c9ecc3bf5872f4,eeea5cbcf85aaf64b659fd8d4b71fe59059c4b46,53.5,54.07,0.01065420560747664,0.26264683923905696,-0.24444444444444444,0,0
1,1,2,1,1,62,0,0,0,0,0,jsoup,java,eeea5cbcf85aaf64b659fd8d4b71fe59059c4b46,7d1723336c20ee0c31d0b4ed11a252c9e29abe97,54.07,54.01,-0.001109672646569304,0.9009495687969676,0.03111111111111111,0,0
23,2,25,4,1,221,0,0,0,0,0,jsoup,java,7d1723336c20ee0c31d0b4ed11a252c9e29abe97,a14fb16d6430d8de4bf31c898d119ab713840c2d,54.01,54.47,0.008516941307165356,0.3400858902842717,-0.2088888888888889,0,0
20,2,22,2,1,98,0,0,0,0,0,jsoup,java,a14fb16d6430d8de4bf31c898d119ab713840c2d,e42cce476c0749899dcf7d50ba36aa1dbdaf7fbf,54.47,54.18,-0.005324031577014855,0.9834519906119015,0.008888888888888889,0,0
15,2,17,4,2,95,0,0,0,0,0,jsoup,java,e42cce476c0749899dcf7d50ba36aa1dbdaf7fbf,29c9d48278aafb4a4390e3ee923cd68e6086a17f,54.18,54.4,0.004060538944259853,0.6934855537002325,0.08888888888888889,0,0
16,7,23,5,1,92,0,0,0,0,0,jsoup,java,29c9d48278aafb4a4390e3ee923cd68e6086a17f,694efa8bac3d66717efe7e202e47347355e07c0b,54.4,54.95,0.010110294117647137,0.2807884962973256,-0.23555555555555555,0,0
9,2,11,2,1,46,0,0,0,0,0,jsoup,java,694efa8bac3d66717efe7e202e47347355e07c0b,db9efbd54c6ff876768eb874f7e9fe84a6632729,54.95,55.18,0.004185623293903491,0.8845613440989442,-0.035555555555555556,0,0
7,0,7,1,1,22,0,1,0,0,0,jsoup,java,db9efbd54c6ff876768eb874f7e9fe84a6632729,6d9081bba66809602428ea0b0f7ea78229b3087a,55.18,53.97,-0.021928234867705707,0.6186695570822622,0.1111111111111111,0,0
12,0,12,2,1,104,0,0,1,0,0,jsoup,java,6d9081bba66809602428ea0b0f7ea78229b3087a,a6d9d213ae51fdf9ce8d9d4f9b2a124ba3886354,53.97,54.71,0.01371132110431725,0.6332881146002245,-0.10666666666666667,0,0
4,4,8,2,2,76,0,0,0,0,0,jsoup,java,a6d9d213ae51fdf9ce8d9d4f9b2a124ba3886354,a7b577255442124a8af87a0eccdb053e17d8c211,54.71,53.75,-0.01754706634984465,0.6782348873601296,0.09333333333333334,0,0
1,1,2,1,1,62,0,0,0,0,0,jsoup,java,a7b577255442124a8af87a0eccdb053e17d8c211,481542f5c74c013b06f6b80e8e9bb30ddad382dd,53.75,54.08,0.006139534883720899,0.9669074184889492,-0.013333333333333334,0,0
5295,816,6111,27,1,123,0,0,1,0,0,jsoup,java,481542f5c74c013b06f6b80e8e9bb30ddad382dd,8749726a79c22451b1f01b14fb2137f734e926b4,54.08,56.03,0.03605769230769236,0.030997913917810958,-0.4666666666666667,0,0
9,0,9,1,1,169,0,0,1,0,0,jsoup,java,8749726a79c22451b1f01b14fb2137f734e926b4,a28fb8eae225ac16279a6086420f310145bf6100,56.03,55.1,-0.01659825093699803,0.7556303277242684,0.07111111111111111,0,0
8,0,8,1,1,70,0,0,1,0,0,jsoup,java,a28fb8eae225ac16279a6086420f310145bf6100,71608a8424e1ad5d110a71d93313c370b2923411,55.1,55.81,0.01288566243194194,0.2995970427439043,-0.22666666666666666,0,0
55,2,57,4,1,97,0,0,0,0,0,jsoup,java,71608a8424e1ad5d110a71d93313c370b2923411,411c01ff53f56f0b84bee210ad75c8c2114efa55,55.81,55.41,-0.007167174341515959,0.7089232340537643,0.08444444444444445,0,0
20,9,29,2,1,101,0,0,0,0,0,jsoup,java,411c01ff53f56f0b84bee210ad75c8c2114efa55,51cb86699beae26b74c594e2daaa098116f9f572,55.41,55.41,0.0,0.9834519906119015,0.008888888888888889,0,0
54,14,68,3,1,101,0,0,0,0,0,jsoup,java,51cb86699beae26b74c594e2daaa098116f9f572,76de9d87000f375749f355a7d7d6af9fe37c3558,55.41,55.06,-0.0063165493593213195,0.4185655899250009,0.17777777777777778,0,0
73,10,83,2,1,69,0,0,0,0,0,jsoup,java,76de9d87000f375749f355a7d7d6af9fe37c3558,dc0b7cb2754e714a4e65553b7ef3d186f52d1004,55.06,55.1,0.0007264802034144415,0.6782348873601296,-0.09333333333333334,0,0
108,77,185,4,1,95,0,0,1,0,0,jsoup,java,dc0b7cb2754e714a4e65553b7ef3d186f52d1004,1bc34292ffd940a8936ed317a4bf617dfc66f0cb,55.1,54.63,-0.008529945553539,0.3195059648919748,0.21777777777777776,0,0
0,1,1,1,1,25,0,0,1,1,0,jsoup,java,1bc34292ffd940a8936ed317a4bf617dfc66f0cb,35ba2dd27d69d1d09fed6f7a3c690f2bd121cb0f,54.63,56.54,0.03496247483067905,0.00658535834980571,-0.5866666666666667,0,0
35,2,37,6,1,143,0,0,0,0,0,jsoup,java,35ba2dd27d69d1d09fed6f7a3c690f2bd121cb0f,437d8eca9f51dd0ed7af5b828412ee96ac192f17,56.54,55.49,-0.01857092324018389,0.1523865017147963,0.3111111111111111,0,0
268,28,296,17,12,511,0,1,1,0,0,jsoup,java,437d8eca9f51dd0ed7af5b828412ee96ac192f17,66ff264012c6c047a3599c3b6771d504c6662207,55.49,56.27,0.014056586772391442,0.575468379776696,-0.12444444444444444,0,0
11,1,12,1,1,41,0,0,0,0,0,jsoup,java,66ff264012c6c047a3599c3b6771d504c6662207,49eb02fe329f0bf1bbc847f613c8aa147e6c5330,56.27,55.82,-0.007997156566554165,0.6186695570822622,-0.1111111111111111,0,0
5,1,6,2,1,91,0,1,0,0,0,jsoup,java,49eb02fe329f0bf1bbc847f613c8aa147e6c5330,ab4890183496beea6d4908c4adb672e15c1136a5,55.82,54.97,-0.015227517018989636,0.18436124604380766,0.28888888888888886,0,0
13,5,18,4,3,91,0,1,0,0,0,jsoup,java,ab4890183496beea6d4908c4adb672e15c1136a5,7fe868089855c33d6345e740bfdbe6f140794598,54.97,55.19,0.004002183008913932,0.4066824248843106,-0.18222222222222223,0,0
89,82,171,2,1,52,0,0,0,1,0,jsoup,java,7fe868089855c33d6345e740bfdbe6f140794598,81d1fb98e61ff42c856504b1427a700cda7707f2,55.19,55.65,0.008334843268708115,0.8356870092411566,0.04888888888888889,0,0
78,1,79,4,1,95,0,0,1,0,0,jsoup,java,81d1fb98e61ff42c856504b1427a700cda7707f2,f16c0c17aa38ecff097f5fc50db7cd5e247c8737,55.65,55.55,-0.001796945193171634,0.9669147771731937,-0.013333333333333334,0,0
48,2,50,3,1,73,0,0,0,0,0,jsoup,java,f16c0c17aa38ecff097f5fc50db7cd5e247c8737,f36b950de16f6db134bd98969cd8fbe578d37480,55.55,56.29,0.013321332133213357,0.14657603430900068,-0.31555555555555553,0,0
14,1,15,3,1,82,0,0,0,0,0,jsoup,java,f36b950de16f6db134bd98969cd8fbe578d37480,3d6f1e47ccf93d01364ed5f7603fa66d43eae0e2,56.29,55.43,-0.015278024515899795,0.0744956919139866,0.38666666666666666,0,0
31,1,32,4,1,66,0,0,0,0,0,jsoup,java,3d6f1e47ccf93d01364ed5f7603fa66d43eae0e2,128b3f8212e357468cb608546a52da3826903fad,55.43,55.88,0.008118347465271566,0.05123941919274439,-0.4222222222222222,0,0
3,3,6,2,1,29,0,0,0,0,0,jsoup,java,128b3f8212e357468cb608546a52da3826903fad,912d3c14f98af2b3a77eeabf536617ebc9c6f665,55.88,55.9,0.0003579098067286331,0.5613603057720339,0.1288888888888889,0,0
6,6,12,2,3,59,0,0,0,0,0,jsoup,java,912d3c14f98af2b3a77eeabf536617ebc9c6f665,508718bcf66279c837a3a8bc6fc48022670afd6c,55.9,55.68,-0.003935599284436473,0.8682114641097,-0.04,0,0
1,1,2,1,1,51,0,0,0,0,0,jsoup,java,508718bcf66279c837a3a8bc6fc48022670afd6c,291ba4d3c087aa96d935021ec9403de53d3e4166,55.68,55.35,-0.005926724137931004,0.22897717637243786,0.26222222222222225,0,0
1,1,2,1,1,62,0,0,0,0,0,jsoup,java,291ba4d3c087aa96d935021ec9403de53d3e4166,1ea48c83ae09d9428ac47382decff0bd2d4f4bde,55.35,56.42,0.019331526648599825,0.12486035998214667,-0.3333333333333333,0,0
1,1,2,1,1,18,0,1,0,0,0,jsoup,java,1ea48c83ae09d9428ac47382decff0bd2d4f4bde,3fb895c9a9185c04eb263ef77038cd7ec8b5dfa7,56.42,55.9,-0.009216589861751208,0.2997583700887151,0.22666666666666666,0,0
16,0,16,3,1,30,0,0,0,0,0,jsoup,java,3fb895c9a9185c04eb263ef77038cd7ec8b5dfa7,863bad7886c1bbf84391f5e9e330f20a4daf8894,55.9,55.62,-0.005008944543828285,0.8519177555606353,0.044444444444444446,0,0
36,5,41,3,1,60,0,0,0,0,0,jsoup,java,863bad7886c1bbf84391f5e9e330f20a4daf8894,7171cec2dfd3c8b58645b69970425864abf8ba1f,55.62,54.71,-0.016361021215390088,0.12486035998214667,0.3333333333333333,0,0
9,0,9,3,1,51,0,0,0,0,0,jsoup,java,7171cec2dfd3c8b58645b69970425864abf8ba1f,c2ecaa18c25d92d260718217e5ba1f0496cb8eb2,54.71,55.62,0.016633156644123497,0.048789406514165364,-0.4266666666666667,0,0
34,1,35,4,1,105,0,0,0,0,0,jsoup,java,c2ecaa18c25d92d260718217e5ba1f0496cb8eb2,93ff111c590ea57b311705360111a3e54329a026,55.62,56.32,0.01258540093491555,0.5338294217441396,-0.13777777777777778,0,0
11,2,13,3,1,91,0,0,0,0,0,jsoup,java,93ff111c590ea57b311705360111a3e54329a026,d0418222830f42f4f0c770e406f71454ea50e56d,56.32,56.31,-0.00017755681818178287,0.6782348873601296,0.09333333333333334,0,0
15,1,16,3,1,84,0,0,0,0,0,jsoup,java,d0418222830f42f4f0c770e406f71454ea50e56d,c98349a7fb5598f0cbac88130520171bd6f253c1,56.31,55.65,-0.01172083111347902,0.7715264784488729,0.06666666666666667,0,0
13,1,14,3,1,80,0,0,0,0,0,jsoup,java,c98349a7fb5598f0cbac88130520171bd6f253c1,70b2cf9a73e38bd3831a8e196c84556275c3f588,55.65,56.32,0.012039532794249807,0.18436124604380766,-0.28888888888888886,0,0
9,1,10,3,1,108,0,0,0,0,0,jsoup,java,70b2cf9a73e38bd3831a8e196c84556275c3f588,ae80e51cf54971b6322b9b571734ffa5507c4947,56.32,55.63,-0.012251420454545414,0.07446342917424748,0.38666666666666666,0,0
5,5,10,2,1,71,0,0,0,0,0,jsoup,java,ae80e51cf54971b6322b9b571734ffa5507c4947,f31916f55db7d57b67b71c469105978692b88cf5,55.63,56.63,0.017975912277548085,0.14080521625883635,-0.32,0,0
89,0,89,3,1,117,0,0,0,0,0,jsoup,java,f31916f55db7d57b67b71c469105978692b88cf5,7b9f17760049161b775fd23b15653961620e259d,56.63,55.91,-0.0127141091294368,0.152340874342288,0.3111111111111111,0,0
102,0,102,1,1,53,0,0,0,0,0,jsoup,java,7b9f17760049161b775fd23b15653961620e259d,ad03c445e1384a2b7168c6889461f973b008317b,55.91,55.6,-0.0055446252906455945,0.9669110984447616,0.013333333333333334,0,0
9,0,9,2,1,46,0,0,0,0,0,jsoup,java,ad03c445e1384a2b7168c6889461f973b008317b,0d8ec3812c8a3617e3f4fb2c6325059ee695f1a7,55.6,55.48,-0.002158273381295046,0.3400858902842717,0.2088888888888889,0,0
31,2,33,2,1,55,0,0,0,0,0,jsoup,java,0d8ec3812c8a3617e3f4fb2c6325059ee695f1a7,9ff954f3876690504457be9c5f6067593df6ce19,55.48,55.97,0.008832011535688572,0.14657603430900068,-0.31555555555555553,0,0
2,2,4,1,1,90,0,0,0,0,0,jsoup,java,9ff954f3876690504457be9c5f6067593df6ce19,16ca9214be8e4a6eb8b37dcfaaf21a79595d95f3,55.97,55.88,-0.0016080042880113688,0.3195059648919748,0.21777777777777776,0,0
60,0,60,5,1,96,0,0,0,0,0,jsoup,java,16ca9214be8e4a6eb8b37dcfaaf21a79595d95f3,f45de034880877582fb6414c4d09f40c5999ac70,55.88,56.28,0.0071581961345740614,0.22902896662469463,-0.26222222222222225,0,0
1,1,2,1,1,66,0,0,0,0,0,jsoup,java,f45de034880877582fb6414c4d09f40c5999ac70,f2535d705491ba6a582abff96ba77dc1144f64a5,56.28,55.91,-0.006574271499644715,0.46787129814814044,0.16,0,0
41,15,56,6,1,42,0,0,0,0,0,jsoup,java,f2535d705491ba6a582abff96ba77dc1144f64a5,1e84edbe208aab0c9330eadc50f9773d81d70cd6,55.91,55.08,-0.01484528706850292,0.2539640807819651,0.24888888888888888,0,0
1,0,1,1,1,83,0,0,0,0,0,jsoup,java,1e84edbe208aab0c9330eadc50f9773d81d70cd6,3592968bc03a914ea69506b7b25494b344860274,55.08,56.22,0.020697167755991296,0.06799575043506911,-0.39555555555555555,0,0
863,711,1574,8,1,50,0,0,0,0,0,jsoup,java,3592968bc03a914ea69506b7b25494b344860274,5000be31966a575f54d80ef85ee49ca1f5cb6ea8,56.22,56.47,0.004446816079686944,0.8356870092411566,-0.04888888888888889,0,0
20,0,20,1,1,36,0,0,1,0,0,jsoup,java,5000be31966a575f54d80ef85ee49ca1f5cb6ea8,889ff7cfb605adf5b692e3740294bcdc11b14e48,56.47,55.96,-0.009031344076500762,0.6186305224456992,0.1111111111111111,0,0
184,23,207,8,1,61,0,0,0,0,0,jsoup,java,889ff7cfb605adf5b692e3740294bcdc11b14e48,433d2f180058b8b73e1951c6cfbb986714e68b0f,55.96,56.29,0.005897069335239426,0.4552517444125014,-0.16444444444444445,0,0
11,11,22,1,1,17,0,0,0,0,0,jsoup,java,433d2f180058b8b73e1951c6cfbb986714e68b0f,99c4da880b4cff044696b9df680d22a47c23cbcd,56.29,55.22,-0.01900870492094511,0.012811703990495632,0.5377777777777778,0,0
65,19,84,4,1,85,0,0,1,0,0,jsoup,java,99c4da880b4cff044696b9df680d22a47c23cbcd,d8c3f9cbc6a562a7d23711d4c0f97f4e4758444e,55.22,69.34,0.25570445490764226,3.3833394126542183e-06,-1.0,1,1
19,3,22,2,1,83,0,0,1,0,0,jsoup,java,d8c3f9cbc6a562a7d23711d4c0f97f4e4758444e,6c8365b9a0e963c1f2dc46099116a5c77f48c5d8,69.34,55.82,-0.1949812518027113,3.3833394126542183e-06,1.0,0,0
767,1136,1903,17,1,39,0,0,0,0,0,jsoup,java,6c8365b9a0e963c1f2dc46099116a5c77f48c5d8,dd4b68223f30d8142f26a13582d0b996dece6588,55.82,56.55,0.013077749910426314,0.24548500120312422,-0.25333333333333335,0,0
1194,813,2007,19,7,417,0,0,1,0,0,jsoup,java,dd4b68223f30d8142f26a13582d0b996dece6588,be94f5547d6b8f15ee48117afe46ae302c361464,56.55,56.04,-0.00901856763925726,0.15841830012714964,0.30666666666666664,0,0
10,0,10,1,1,43,0,0,1,0,0,jsoup,java,be94f5547d6b8f15ee48117afe46ae302c361464,96f316812fc31cd13c06a948cf84979c77b15f8b,56.04,55.88,-0.0028551034975017237,0.7715264784488729,-0.06666666666666667,0,0
38,6,44,5,3,153,0,0,0,0,0,jsoup,java,96f316812fc31cd13c06a948cf84979c77b15f8b,7dfce519e65d669edc8aec5dfaf8069905707b92,55.88,56.08,0.0035790980672869674,0.5338294217441396,-0.13777777777777778,0,0
5,5,10,2,1,46,0,0,1,0,0,jsoup,java,7dfce519e65d669edc8aec5dfaf8069905707b92,84ab3d3c2db81f0ef215ef1395d154a0e75c0040,56.08,56.34,0.004636233951497952,0.6482039260122094,-0.10222222222222223,0,0
1,0,1,1,2,163,0,0,0,0,0,jsoup,java,84ab3d3c2db81f0ef215ef1395d154a0e75c0040,9afeb6b7645deb78ff0b3d2804771b9238806353,56.34,56.77,0.00763223287184948,0.4936339717986785,-0.1511111111111111,0,0
9,0,9,2,1,66,0,0,1,0,0,jsoup,java,9afeb6b7645deb78ff0b3d2804771b9238806353,68c05150bf4ce702c334405dc707d95c6fe73577,56.77,55.12,-0.029064646820503887,0.005431407599025556,0.6,0,0
83,43,126,7,1,95,0,0,0,0,0,jsoup,java,68c05150bf4ce702c334405dc707d95c6fe73577,f8a5dfb037d363a6b6657fa71af59b66c6bec257,55.12,56.26,0.02068214804063862,0.13538211004560674,-0.3244444444444444,0,0
9,1,10,1,1,24,0,0,0,0,0,jsoup,java,f8a5dfb037d363a6b6657fa71af59b66c6bec257,2c257f6482dd7a9583538b7b0d4b3b0bef9417fd,56.26,56.17,-0.0015997156061144028,0.8682259903524354,0.04,0,0
23,0,23,3,1,56,0,0,0,0,0,jsoup,java,2c257f6482dd7a9583538b7b0d4b3b0bef9417fd,1d31086acba06579c4e7d5928dbba9ca8a0128b1,56.17,56.07,-0.0017803097739006839,0.8519177555606353,-0.044444444444444446,0,0
13,3,16,3,1,68,0,0,0,0,0,jsoup,java,1d31086acba06579c4e7d5928dbba9ca8a0128b1,1030e6182d2fde38d4d307af8e21791ad9b91429,56.07,56.9,0.014802924915284435,0.24548500120312422,-0.25333333333333335,0,0
5,1,6,2,1,94,0,0,0,0,0,jsoup,java,1030e6182d2fde38d4d307af8e21791ad9b91429,0ea12d3d662fab6adefa6d13a7ad017f793a2fa1,56.9,56.52,-0.006678383128295175,0.40673463585474257,0.18222222222222223,0,0
2,2,4,2,2,53,0,0,0,0,0,jsoup,java,0ea12d3d662fab6adefa6d13a7ad017f793a2fa1,785488c9f589ccec23480223596b328490590afc,56.52,56.03,-0.008669497523000742,0.8356689855583623,0.04888888888888889,0,0
1,1,2,1,1,51,0,0,0,0,0,jsoup,java,785488c9f589ccec23480223596b328490590afc,bfd79c9819df429e03c7646a1faf05ecf408f4b9,56.03,56.49,0.008209887560235603,0.9669037373050736,0.013333333333333334,0,0
1,1,2,1,1,62,0,0,0,0,0,jsoup,java,bfd79c9819df429e03c7646a1faf05ecf408f4b9,2f05a964591e60379da354fc6cd27bb0c8007ca9,56.49,55.43,-0.018764383076650775,0.7243273897984674,0.08,0,0
40,19,59,5,2,94,0,0,0,0,0,jsoup,java,2f05a964591e60379da354fc6cd27bb0c8007ca9,249e5a8aae9324cc6c8caf5303a607056b15a9da,55.43,56.57,0.020566480245354513,0.506914933812496,-0.14666666666666667,0,0
92,21,113,6,2,80,0,0,0,0,0,jsoup,java,249e5a8aae9324cc6c8caf5303a607056b15a9da,5d56ace149ae3264d2502d49dd85302fc613a27c,56.57,55.87,-0.01237404984974373,0.6782348873601296,0.09333333333333334,0,0
77,5,82,6,1,118,0,0,0,0,0,jsoup,java,5d56ace149ae3264d2502d49dd85302fc613a27c,4b0dde413a3c38a77461ac64ad278a042d6eea68,55.87,56.54,0.011992124574906064,0.24537995635673648,-0.25333333333333335,0,0
1,1,2,1,1,32,0,0,0,0,0,jsoup,java,4b0dde413a3c38a77461ac64ad278a042d6eea68,dbc1e34bdeede1cabee58b65bceb02f930ce5d88,56.54,56.33,-0.003714184648036803,0.8682259903524354,0.04,0,0
33,1,34,4,1,90,0,0,0,0,0,jsoup,java,dbc1e34bdeede1cabee58b65bceb02f930ce5d88,1d37cef1d8367af963fee4dc99164708f5d3c6f8,56.33,56.41,0.0014202023788389543,0.8682259903524354,0.04,0,0
17,1,18,3,1,89,0,0,0,0,0,jsoup,java,1d37cef1d8367af963fee4dc99164708f5d3c6f8,04b8921d4dcab019b02588620d953c4f19d43a58,56.41,56.39,-0.0003545470661229573,0.7874391974257231,-0.06222222222222222,0,0
2186,2168,4354,5,1,97,0,0,0,0,0,jsoup,java,04b8921d4dcab019b02588620d953c4f19d43a58,472c7e55ee9d5cc7e7771696092c6eeca5a91b4d,56.39,52.18,-0.07465862741620856,1.9351827710442478e-05,0.92,0,0
2,0,2,1,1,32,0,1,0,0,0,jsoup,java,472c7e55ee9d5cc7e7771696092c6eeca5a91b4d,002a4940935a7545ed94f1b776e4d7f6bf6c2525,52.18,53.74,0.02989651207359146,0.05123941919274439,-0.4222222222222222,0,0
16,3,19,3,1,70,0,0,0,0,0,jsoup,java,002a4940935a7545ed94f1b776e4d7f6bf6c2525,a97385eb2870d113427b0d9430e108236ae363b4,53.74,53.54,-0.0037216226274656276,0.2997583700887151,0.22666666666666666,0,0
5,1,6,2,2,180,0,1,0,0,0,jsoup,java,a97385eb2870d113427b0d9430e108236ae363b4,561d12a9894210d9f5a8a41d655361732a39b6c8,53.54,53.43,-0.002054538662682096,0.6186695570822622,0.1111111111111111,0,0
15,6,21,4,1,68,0,0,0,0,0,jsoup,java,561d12a9894210d9f5a8a41d655361732a39b6c8,5c43ce2d83e44cd46049a7f0bfaeb5d9a322c032,53.43,52.32,-0.02077484559236383,0.3614963660708982,0.2,0,0
21,2,23,3,1,111,0,0,0,0,0,jsoup,java,5c43ce2d83e44cd46049a7f0bfaeb5d9a322c032,1e85878fe008f6c651c348dd1d5b2edf713f63bb,52.32,53.76,0.02752293577981647,0.008427534010991874,-0.5688888888888889,0,0
13,0,13,1,1,54,0,1,0,0,0,jsoup,java,1e85878fe008f6c651c348dd1d5b2edf713f63bb,9a5d4f3b7b2abf8664842f49d67e84c828afa534,53.76,55.81,0.038132440476190556,6.824077944638084e-05,-0.8577777777777778,0,0
1,1,2,1,1,30,0,0,0,0,0,jsoup,java,9a5d4f3b7b2abf8664842f49d67e84c828afa534,21759032d2b2b76e338d22c15d13bdf7993c13e1,55.81,55.76,-0.0008958967926895585,0.3194521288966182,-0.21777777777777776,0,0
29,29,58,18,1,11,0,0,0,0,0,jsoup,java,21759032d2b2b76e338d22c15d13bdf7993c13e1,fa9d20a3fb3060daaaa4f183a4be5cf27caf2583,55.76,55.86,0.0017934002869440715,0.9009605329267507,0.03111111111111111,0,0
3,3,6,2,3,99,0,0,0,0,0,jsoup,java,fa9d20a3fb3060daaaa4f183a4be5cf27caf2583,13d0bee275b1e61ee68dea02530b6e7b0ec9ac3a,55.86,56.29,0.007697815968492655,0.8034411566561627,0.057777777777777775,0,0
1,1,2,1,1,62,0,0,0,0,0,jsoup,java,13d0bee275b1e61ee68dea02530b6e7b0ec9ac3a,e045c995ddda1c0ede7181193979af47b39fddf3,56.29,55.63,-0.011724995558713744,0.708799548959661,0.08444444444444445,0,0
2,2,4,2,2,82,0,0,0,0,0,jsoup,java,e045c995ddda1c0ede7181193979af47b39fddf3,c9bc0b285b7d4336c1c1f416fb44e0775d1505fd,55.63,56.04,0.007370124033794653,0.7715511878155722,-0.06666666666666667,0,0
2,1,3,1,2,209,0,1,0,0,0,jsoup,java,c9bc0b285b7d4336c1c1f416fb44e0775d1505fd,eb8a107f679bc2778e55cfc71f27a147ef9aa455,56.04,56.0,-0.0007137758743754309,0.8034411566561627,0.057777777777777775,0,0
8,2,10,2,1,88,0,0,0,0,0,jsoup,java,eb8a107f679bc2778e55cfc71f27a147ef9aa455,4b763cc86f698d31f59e22e169e7a5a83e696a55,56.0,56.1,0.001785714285714311,0.9173929463944336,-0.02666666666666667,0,0
25,1,26,3,1,50,0,0,0,0,0,jsoup,java,4b763cc86f698d31f59e22e169e7a5a83e696a55,94002db5f90395b8927ae69c569e5a0726dd00c4,56.1,56.66,0.009982174688056955,0.21337370709311831,-0.27111111111111114,0,0
9,3,12,2,1,75,0,0,0,0,0,jsoup,java,94002db5f90395b8927ae69c569e5a0726dd00c4,e313f95e19c752a3316048468547af939e19cdd3,56.66,56.39,-0.004765266501941335,0.6186695570822622,0.1111111111111111,0,0
62,4,66,4,1,109,0,0,0,0,0,jsoup,java,e313f95e19c752a3316048468547af939e19cdd3,cf8ae1c58905cca6cddf69d9f736c1f6e7e2933a,56.39,55.73,-0.011704202872849862,0.4552517444125014,0.16444444444444445,0,0
7,5,12,1,1,52,0,0,0,0,0,jsoup,java,cf8ae1c58905cca6cddf69d9f736c1f6e7e2933a,ede131697f4a1e76d9c291e5070b700143622d30,55.73,55.98,0.004485914229319936,0.6934855537002325,-0.08888888888888889,0,0
2,1,3,1,1,21,0,0,0,0,0,jsoup,java,ede131697f4a1e76d9c291e5070b700143622d30,8633b01428e9b4ad3df37b5d3530f2c5c963a698,55.98,56.77,0.014112182922472424,0.38373262766250305,-0.19111111111111112,0,0
38,18,56,6,1,35,0,0,0,0,0,jsoup,java,8633b01428e9b4ad3df37b5d3530f2c5c963a698,3e284b6ce28acdf41d7a7cc8ead881d6ab54a8f9,56.77,56.13,-0.011273559978862084,0.3195059648919748,0.21777777777777776,0,0
11,9,20,2,2,122,1,0,0,0,0,jsoup,java,3e284b6ce28acdf41d7a7cc8ead881d6ab54a8f9,07a3c08a7ddb06711c3d1b5b1126076a43efa6e1,56.13,57.21,0.019241047568145344,0.19126369343964766,-0.28444444444444444,0,0
226,41,267,2,1,84,0,0,0,0,0,jsoup,java,07a3c08a7ddb06711c3d1b5b1126076a43efa6e1,231aab61e228513853d08374e188217933f70986,57.21,56.49,-0.012585212375458815,0.29008912999531156,0.2311111111111111,0,0
11,4,15,2,1,64,0,0,0,0,0,jsoup,java,231aab61e228513853d08374e188217933f70986,666275a54f3e6907b5244b612483815ee70a191d,56.49,56.21,-0.004956629491945497,0.38373262766250305,0.19111111111111112,0,0
4,2,6,1,1,62,0,0,0,0,0,jsoup,java,666275a54f3e6907b5244b612483815ee70a191d,d55af6718e4b1b4bcbea954616ce7fb2e5a8f42b,56.21,56.54,0.005870841487279813,0.575468379776696,-0.12444444444444444,0,0
3,1,4,1,1,71,0,0,0,0,0,jsoup,java,d55af6718e4b1b4bcbea954616ce7fb2e5a8f42b,074d9bfd5476d0430e75073fb27001f43435c081,56.54,55.85,-0.012203749557835122,0.7400217511938185,0.07555555555555556,0,0
13,1,14,2,1,44,0,0,0,0,0,jsoup,java,074d9bfd5476d0430e75073fb27001f43435c081,d7b5d5b28a6dd7ff198f02e1ee82160220135a74,55.85,56.63,0.01396598030438677,0.5614474146848649,-0.1288888888888889,0,0
533,2,535,5,2,219,0,0,0,0,0,jsoup,java,d7b5d5b28a6dd7ff198f02e1ee82160220135a74,db2d5aa85352fe63531540ef396b944e2fe58e2c,56.63,57.07,0.0077697333568779395,0.4067868333984651,-0.18222222222222223,0,0
3,529,532,5,1,12,0,1,0,0,0,jsoup,java,db2d5aa85352fe63531540ef396b944e2fe58e2c,bbd778464660544e1bcacade75ca219aefd1b82e,57.07,55.65,-0.02488172419835293,0.01011344167182245,0.5555555555555556,0,0
1,1,2,1,1,46,0,0,0,0,1,jsoup,java,bbd778464660544e1bcacade75ca219aefd1b82e,4f92f9be7d1de1f81959a0574047951c92d4ea39,55.65,55.79,0.002515723270440262,0.9009605329267507,-0.03111111111111111,0,0
0,0,0,0,1,77,0,0,0,0,0,jsoup,java,4f92f9be7d1de1f81959a0574047951c92d4ea39,87394199b2649e3ccdc73773640130dc1a917af0,55.79,55.69,-0.0017924359204158707,0.8034625743147712,0.057777777777777775,0,0
2,0,2,1,1,53,0,0,0,0,1,jsoup,java,87394199b2649e3ccdc73773640130dc1a917af0,547a11475d71479b7e7bb25b1ebc592bf44b6fe1,55.69,55.42,-0.00484826719339192,0.442775365379404,0.1688888888888889,0,0
16,2,18,3,1,93,0,0,0,0,0,jsoup,java,547a11475d71479b7e7bb25b1ebc592bf44b6fe1,82f8683129e83b2d7ad9c95efcd4777212d13762,55.42,55.51,0.0016239624684228852,0.7088923275427439,-0.08444444444444445,0,0
4,1,5,2,1,55,0,0,0,0,0,jsoup,java,82f8683129e83b2d7ad9c95efcd4777212d13762,009013169754d4869f3a55c27a3443fc72d1d1f1,55.51,56.29,0.01405152224824358,0.4553018964198552,-0.16444444444444445,0,0
27,5,32,4,1,68,0,0,0,0,0,jsoup,java,009013169754d4869f3a55c27a3443fc72d1d1f1,8963e2ac79a97e694c388622e935a0471267e9eb,56.29,55.28,-0.01794279623378927,0.10573920209087935,0.3511111111111111,0,0
12,14,26,2,1,50,0,0,0,0,0,jsoup,java,8963e2ac79a97e694c388622e935a0471267e9eb,9b85aea847f85982b6f2d9d910e9112f771ab5a5,55.28,55.66,0.0068740955137481085,0.036182064932188326,-0.4533333333333333,0,0
11,7,18,1,1,28,0,0,0,0,0,jsoup,java,9b85aea847f85982b6f2d9d910e9112f771ab5a5,c75e9cc85d596ff08ae858da3c61d55e717607d1,55.66,55.88,0.003952569169960582,0.6935179289009736,0.08888888888888889,0,0
1,1,2,1,1,64,0,0,0,0,0,jsoup,java,c75e9cc85d596ff08ae858da3c61d55e717607d1,398f9cf93414253c216585efdfca3b9f73f90d74,55.88,56.18,0.005368647100930515,0.9174021048159461,-0.02666666666666667,0,0
87,56,143,7,1,28,0,0,0,0,0,jsoup,java,398f9cf93414253c216585efdfca3b9f73f90d74,a31ec08e102fd3832f3ff4449e9163440f0afb2c,56.18,55.88,-0.005339978640085389,0.8682259903524354,-0.04,0,0
15,0,15,1,1,24,0,0,0,0,0,jsoup,java,a31ec08e102fd3832f3ff4449e9163440f0afb2c,59fb5117a767ab75fe3baf5c37966c83430b02af,55.88,55.67,-0.003758052970651411,0.48073111045562256,0.15555555555555556,0,0
9,1,10,3,1,46,0,0,0,0,0,jsoup,java,59fb5117a767ab75fe3baf5c37966c83430b02af,05ae97865c84536a6cfe7759ca6c382eb761ecb2,55.67,55.49,-0.0032333393209987376,0.7243862381207838,0.08,0,0
4,4,8,1,1,39,0,0,0,0,0,jsoup,java,05ae97865c84536a6cfe7759ca6c382eb761ecb2,1e30a157667af1fa7108d985dcb858a801832887,55.49,55.27,-0.003964678320418072,0.8682114641097,-0.04,0,0
169,52,221,7,1,58,0,0,0,0,0,jsoup,java,1e30a157667af1fa7108d985dcb858a801832887,77e6a1a900685c173afd5d88c9bc6123b568fc72,55.27,354.58,5.415415234304324,3.3833394126542183e-06,-1.0,1,1
1,1,2,1,1,32,0,0,0,0,0,jsoup,java,77e6a1a900685c173afd5d88c9bc6123b568fc72,65fd8532dcf7c6972e0af8c33e3e1e30bbcf5796,354.58,55.89,-0.8423768966100739,3.3918213908250945e-06,1.0,0,0
4,1,5,1,1,37,0,0,0,0,0,jsoup,java,65fd8532dcf7c6972e0af8c33e3e1e30bbcf5796,fb837fe7667480e0ca7e550f6cf813de45309996,55.89,56.29,0.00715691536947573,0.493682051010625,-0.1511111111111111,0,0
1,1,2,1,1,51,0,0,0,0,0,jsoup,java,fb837fe7667480e0ca7e550f6cf813de45309996,2cfb80261e6f61fa5b31627cecf832efc216a787,56.29,55.1,-0.021140522295256665,0.10573920209087935,0.3511111111111111,0,0
1,1,2,1,1,62,0,0,0,0,0,jsoup,java,2cfb80261e6f61fa5b31627cecf832efc216a787,381ce3d861251ae35aea636fc29c277a84060276,55.1,55.71,0.011070780399274036,0.4552517444125014,-0.16444444444444445,0,0
45,21,66,3,1,67,0,0,0,0,0,jsoup,java,381ce3d861251ae35aea636fc29c277a84060276,dfac9ce465ff9c988904d05014d2be2715aa1d2b,55.71,54.96,-0.013462574044157242,0.4552517444125014,0.16444444444444445,0,0
1,1,2,1,1,21,0,0,0,0,0,jsoup,java,dfac9ce465ff9c988904d05014d2be2715aa1d2b,f9901ab35d61700dd56cc6c1639e00f0aa58e435,54.96,54.85,-0.002001455604075681,0.5897385933186072,0.12,0,0
30,1,31,6,1,68,0,0,0,0,0,jsoup,java,f9901ab35d61700dd56cc6c1639e00f0aa58e435,caf61a4a0778a72ab713f72e9ef749bf373c98ac,54.85,56.03,0.021513217866909747,0.06196961991403871,-0.40444444444444444,0,0
16,1,17,2,1,44,0,0,1,0,0,jsoup,java,caf61a4a0778a72ab713f72e9ef749bf373c98ac,3cb4cee19e3cb6830735a0f89d890576c7413f2c,56.03,55.47,-0.009994645725504235,0.38373262766250305,0.19111111111111112,0,0
1,1,2,1,1,13,0,0,0,0,0,jsoup,java,3cb4cee19e3cb6830735a0f89d890576c7413f2c,3232ff001c7c9d335e9bf5aea02ab12520cf3f01,55.47,55.03,-0.007932215612042505,0.4185655899250009,0.17777777777777778,0,0
3,2,5,1,1,35,0,0,0,0,0,jsoup,java,3232ff001c7c9d335e9bf5aea02ab12520cf3f01,615f53010b21d1c0946952e33773b885fe30440b,55.03,56.36,0.024168635289841874,0.11024714671331932,-0.3466666666666667,0,0
11,3,14,4,1,116,0,0,0,0,0,jsoup,java,615f53010b21d1c0946952e33773b885fe30440b,3cfd45112b28c5401fc6bd70cd25b22f98c9b3f9,56.36,55.24,-0.019872249822569153,0.1844100692216365,0.28888888888888886,0,0
83,5,88,5,1,55,0,0,0,0,0,jsoup,java,3cfd45112b28c5401fc6bd70cd25b22f98c9b3f9,a8da2e7da25921dffd9fe6bbd53668bed08dd148,55.24,55.34,0.0018102824040550582,0.7874161118682325,0.06222222222222222,0,0
0,2,2,1,1,41,0,0,0,0,0,jsoup,java,a8da2e7da25921dffd9fe6bbd53668bed08dd148,46cff80ed79e2cb1fc1c791c44f4213dea69d5c0,55.34,55.13,-0.0037947235272858845,0.5754258746624656,-0.12444444444444444,0,0
32,21,53,3,1,49,0,0,0,0,0,jsoup,java,46cff80ed79e2cb1fc1c791c44f4213dea69d5c0,f9f37e19876202a1db257a9e59452b0f10035fbf,55.13,54.96,-0.0030836205332849934,0.7715511878155722,0.06666666666666667,0,0
30,4,34,4,1,65,0,0,0,0,0,jsoup,java,f9f37e19876202a1db257a9e59452b0f10035fbf,e064bc4842d1412a0421435332f55908fddcc866,54.96,56.45,0.02711062590975258,0.10573920209087935,-0.3511111111111111,0,0
24,34,58,7,1,83,0,0,0,0,0,jsoup,java,e064bc4842d1412a0421435332f55908fddcc866,7ff15ee20c961e370837d8f96ae77886ecd910d8,56.45,55.19,-0.022320637732506733,0.08894688604381429,0.3688888888888889,0,0
15,0,15,1,1,52,0,0,1,0,0,jsoup,java,7ff15ee20c961e370837d8f96ae77886ecd910d8,fd12d272397fc04da34beac8c8f6e3faae81583f,55.19,55.34,0.002717883674578831,0.7873930187891653,-0.06222222222222222,0,0
141,12,153,9,1,29,0,0,0,0,0,jsoup,java,fd12d272397fc04da34beac8c8f6e3faae81583f,deaf9f6a51b928dcad619fd8300ee3926345d1ea,55.34,55.85,0.009215757137694217,0.3614963660708982,-0.2,0,0
30,0,30,3,1,28,0,0,0,0,0,jsoup,java,deaf9f6a51b928dcad619fd8300ee3926345d1ea,fa87a8fe2838e80ae0eeba6e2978815ef5533e91,55.85,55.83,-0.0003581020590868957,0.7088923275427439,0.08444444444444445,0,0
29,1,30,3,1,37,0,0,0,0,0,jsoup,java,fa87a8fe2838e80ae0eeba6e2978815ef5533e91,0e37cba87eea9d89156c144e3d4298c9c9ed04d4,55.83,55.63,-0.003582303421099691,0.5068203897297396,0.14666666666666667,0,0
7,1,8,2,1,80,0,0,0,0,0,jsoup,java,0e37cba87eea9d89156c144e3d4298c9c9ed04d4,2d56df2c9060c889e35bf4c386429ad1b6cacb35,55.63,55.67,0.0007190364911019081,0.9669110984447616,0.013333333333333334,0,0
33,26,59,3,1,87,0,0,0,0,0,jsoup,java,2d56df2c9060c889e35bf4c386429ad1b6cacb35,1fd0a617cb216113997569937b43ec7c7a9c2fd2,55.67,55.14,-0.00952038800071854,0.9338864180775845,0.022222222222222223,0,0
26,26,52,2,1,129,0,0,0,0,0,jsoup,java,1fd0a617cb216113997569937b43ec7c7a9c2fd2,4de5fe88eab987f8ac5b2df32d5574e2615ae306,55.14,54.88,-0.0047152702212549516,0.5897385933186072,0.12,0,0
27,7,34,3,1,117,0,0,1,0,0,jsoup,java,4de5fe88eab987f8ac5b2df32d5574e2615ae306,c2a9605b70fdae3c064b49bf2a0b633c935322cc,54.88,55.48,0.01093294460641389,0.38373262766250305,-0.19111111111111112,0,0
69,53,122,9,1,78,0,0,0,0,0,jsoup,java,c2a9605b70fdae3c064b49bf2a0b633c935322cc,e917ada8cc976397aa5c3e11492f108a35919e48,55.48,54.92,-0.01009372746935824,0.26275304114766074,0.24444444444444444,0,0
4,3,7,2,3,120,0,0,0,0,0,jsoup,java,e917ada8cc976397aa5c3e11492f108a35919e48,38e20f43502027b897135e94e9119ae9341254ac,54.92,56.18,0.022942461762563694,0.04643799189897113,-0.4311111111111111,0,0
30,4,34,4,2,149,0,0,0,0,0,jsoup,java,38e20f43502027b897135e94e9119ae9341254ac,a44e18aa3c1fcd25a68a5965f9490d8f7d026509,56.18,54.96,-0.021715913136347433,0.4552517444125014,0.16444444444444445,0,0
21,15,36,5,1,37,0,0,0,0,0,jsoup,java,a44e18aa3c1fcd25a68a5965f9490d8f7d026509,3982ea1198b8d780b42587e16ace3407bf7621e1,54.96,55.54,0.010553129548762705,0.40673463585474257,-0.18222222222222223,0,0
80,113,193,17,3,374,0,0,1,0,0,jsoup,java,3982ea1198b8d780b42587e16ace3407bf7621e1,109a47ac2e8dc1a510ff58a27b63bd18b377e13b,55.54,56.69,0.020705797623334507,0.5896972055949141,-0.12,0,0
113,80,193,17,8,429,0,0,0,0,0,jsoup,java,109a47ac2e8dc1a510ff58a27b63bd18b377e13b,d94f56c25485b622ebf3b35b71868c74b9501ece,56.69,55.01,-0.029634856235667664,0.017042703134813507,0.5155555555555555,0,0
80,113,193,17,4,399,0,0,1,0,0,jsoup,java,d94f56c25485b622ebf3b35b71868c74b9501ece,380652774a227310ff81d61e2e3247ee0156268b,55.01,56.13,0.02035993455735329,0.026447938794191043,-0.48,0,0
129,93,222,19,9,473,0,0,0,0,0,jsoup,java,380652774a227310ff81d61e2e3247ee0156268b,c3c952e55f10b07dd9d4a9121db1b3828b0a1bc7,56.13,55.12,-0.017993942633173082,0.06796511812064768,0.39555555555555555,0,0
74,38,112,7,5,477,0,0,1,0,0,jsoup,java,c3c952e55f10b07dd9d4a9121db1b3828b0a1bc7,aa812e42a784bb551e3cda70078c2c1ed6147b20,55.12,55.54,0.007619738751814255,0.22897717637243786,-0.26222222222222225,0,0
21,93,114,13,1,36,0,0,0,0,0,jsoup,java,aa812e42a784bb551e3cda70078c2c1ed6147b20,82200d7847e72c176611fdfa738dac62a0f79b58,55.54,55.45,-0.0016204537270435057,1.0,0.0044444444444444444,0,0
91,19,110,12,11,629,0,0,0,0,0,jsoup,java,82200d7847e72c176611fdfa738dac62a0f79b58,9779d0dbcfab0abdfad9b81c85db43543b797683,55.45,55.75,0.005410279531109056,0.5201431885256891,-0.14222222222222222,0,0
47,23,70,4,1,64,0,0,0,0,0,jsoup,java,9779d0dbcfab0abdfad9b81c85db43543b797683,43cd48ba8e4701d429c8a7c1eea503ad139aaf90,55.75,56.14,0.0069955156950672745,0.7399380926974434,0.07555555555555556,0,0
14,12,26,6,1,47,0,0,0,0,0,jsoup,java,43cd48ba8e4701d429c8a7c1eea503ad139aaf90,ae51709b8c07098fa688ec6be0b5a7dec7654178,56.14,55.48,-0.011756323477021798,0.40673463585474257,0.18222222222222223,0,0
17,10,27,5,1,36,0,0,0,0,0,jsoup,java,ae51709b8c07098fa688ec6be0b5a7dec7654178,a991deb4430343e8f22de5d5aa51f829bab52315,55.48,55.41,-0.001261715933669796,0.7556829896574374,-0.07111111111111111,0,0
541,1,542,5,3,294,0,0,0,0,0,jsoup,java,a991deb4430343e8f22de5d5aa51f829bab52315,dd8e832191e78a417a03c88512b1d7eeb7f486d4,55.41,56.33,0.016603501173073486,0.06196961991403871,-0.40444444444444444,0,0
6,2,8,2,3,133,0,0,0,0,0,jsoup,java,dd8e832191e78a417a03c88512b1d7eeb7f486d4,b42fe0d5dfd882c5f544704b3dbe05c4301fe671,56.33,56.75,0.007456062488904699,0.6482039260122094,-0.10222222222222223,0,0
1,1,2,1,1,62,0,0,0,0,0,jsoup,java,b42fe0d5dfd882c5f544704b3dbe05c4301fe671,4ffc755b2ed01a2f97115128c4b7b9eeba4638af,56.75,56.71,-0.0007048458149779586,0.5338294217441396,0.13777777777777778,0,0
16,1,17,2,2,89,0,1,1,0,0,jsoup,java,4ffc755b2ed01a2f97115128c4b7b9eeba4638af,73f0278e5b5e938ffaef897a565a94db95df70b6,56.71,56.41,-0.0052900722976548095,0.24548500120312422,0.25333333333333335,0,0
47,108,155,1,1,50,0,0,0,0,0,jsoup,java,73f0278e5b5e938ffaef897a565a94db95df70b6,07df0dea236d2fce4980dc3878bdb42920faf8b9,56.41,56.27,-0.002481829462861079,0.4066824248843106,-0.18222222222222223,0,0
31,52,83,1,1,80,0,0,0,0,0,jsoup,java,07df0dea236d2fce4980dc3878bdb42920faf8b9,ea41269c6e317547a42b57e816d05fb1780abdff,56.27,56.15,-0.0021325750844145112,0.5897385933186072,-0.12,0,0
329,9,338,8,1,27,0,0,0,0,0,jsoup,java,ea41269c6e317547a42b57e816d05fb1780abdff,c5792eb641b13f8a853b6f065b6998053d106b7d,56.15,56.21,0.0010685663401603254,0.44282612113873143,0.1688888888888889,0,0
6,2,8,2,2,53,0,0,0,0,0,jsoup,java,c5792eb641b13f8a853b6f065b6998053d106b7d,76903813da44b8971c9cd2beff41773376c6396c,56.21,56.67,0.00818359722469313,0.06194060062705199,-0.40444444444444444,0,0
25,2,27,1,1,49,0,0,0,0,0,jsoup,java,76903813da44b8971c9cd2beff41773376c6396c,4d94c5d0f0e60e50d555178ff0ca5b8d4da5f054,56.67,55.96,-0.01252867478383626,0.01705501066551966,0.5155555555555555,0,0
33,25,58,3,1,47,0,0,0,0,0,jsoup,java,4d94c5d0f0e60e50d555178ff0ca5b8d4da5f054,834d3142304e0927dc659791da6a4521f271d7fd,55.96,55.84,-0.0021443888491779386,0.6783024655972324,-0.09333333333333334,0,0
1,1,2,1,1,65,0,0,1,0,0,jsoup,java,834d3142304e0927dc659791da6a4521f271d7fd,f2fe1eac288eccbb34bf048c20b0406d7db9636d,55.84,56.52,0.012177650429799422,0.506914933812496,-0.14666666666666667,0,0
26,3,29,2,2,86,0,0,0,0,0,jsoup,java,f2fe1eac288eccbb34bf048c20b0406d7db9636d,1bae7a28d5991f712980e6e36e76d3002f500f47,56.52,56.72,0.0035385704175512336,0.6186305224456992,-0.1111111111111111,0,0
13,0,13,1,1,47,0,0,1,0,0,jsoup,java,1bae7a28d5991f712980e6e36e76d3002f500f47,586c85420990eab5e0f07c324fc26fcdae3af05c,56.72,56.13,-0.010401974612129695,0.21332278254094483,0.27111111111111114,0,0
80,39,119,4,1,42,0,0,0,0,0,jsoup,java,586c85420990eab5e0f07c324fc26fcdae3af05c,b4fc2f243ce56618c74dd4cc9f0b2ccf4dca1bc5,56.13,56.32,0.00338499910921072,0.7243862381207838,-0.08,0,0
2,78,80,3,1,32,0,0,0,0,0,jsoup,java,b4fc2f243ce56618c74dd4cc9f0b2ccf4dca1bc5,ab53e91503e6c405d2b6b647751bd17dcea8028f,56.32,56.92,0.010653409090909116,0.19131309171296962,-0.28444444444444444,0,0
8,4,12,5,1,44,0,0,0,0,0,jsoup,java,ab53e91503e6c405d2b6b647751bd17dcea8028f,2518e92a052d922d81d11e28b8e5205639fed9a7,56.92,55.98,-0.016514406184118143,0.1985058531538877,0.28,0,0
18,3,21,4,1,58,0,0,0,0,0,jsoup,java,2518e92a052d922d81d11e28b8e5205639fed9a7,88730bf9f399aab6a150212faeea012598be9ec6,55.98,57.09,0.019828510182208048,0.547507748068732,-0.13333333333333333,0,0
12,1,13,3,1,105,0,0,0,0,0,jsoup,java,88730bf9f399aab6a150212faeea012598be9ec6,76399e5b273d63d6affeb94597d8dfddce811964,57.09,55.69,-0.024522683482221152,0.38373262766250305,0.19111111111111112,0,0
12,0,12,1,1,49,0,0,1,0,0,jsoup,java,76399e5b273d63d6affeb94597d8dfddce811964,2c07dc3e05ec1efe3c696d4888421fd6d03f4c10,55.69,57.05,0.024420901418567058,0.07115347874462595,-0.39111111111111113,0,0
8,1,9,1,1,25,0,0,0,0,0,jsoup,java,2c07dc3e05ec1efe3c696d4888421fd6d03f4c10,73e26919b941be2816d60e15872ee0d9ca77c56e,57.05,56.27,-0.013672217353198844,0.3094743057014513,0.2222222222222222,0,0
10,0,10,2,1,16,0,0,0,0,0,jsoup,java,73e26919b941be2816d60e15872ee0d9ca77c56e,d3705477a13939f5e3f15c5422d2c67611fbb8da,56.27,56.48,0.003732006397725142,0.6040860725185493,-0.11555555555555555,0,0
1,0,1,1,2,82,0,1,0,0,0,jsoup,java,d3705477a13939f5e3f15c5422d2c67611fbb8da,668514d0e1be5f1dae2048b145298ce9e116e34c,56.48,56.6,0.0021246458923513552,0.755709307865404,0.07111111111111111,0,0
38,2,40,2,4,155,0,0,1,0,0,jsoup,java,668514d0e1be5f1dae2048b145298ce9e116e34c,11185c4fc1a0bcfa15d59b23fe039bf5908a2a77,56.6,57.02,0.007420494699646673,0.17759818795139615,-0.29333333333333333,0,0
81,1,82,3,3,108,0,0,0,0,0,jsoup,java,11185c4fc1a0bcfa15d59b23fe039bf5908a2a77,fc7c7f18cdbb55ca1c1fb708ae573c64e5e3ead5,57.02,56.59,-0.0075412136092599035,0.14657603430900068,0.31555555555555553,0,0
3,79,82,3,1,54,1,0,0,0,0,jsoup,java,fc7c7f18cdbb55ca1c1fb708ae573c64e5e3ead5,8627ba3bde6edb7f91cf7122d7f8e9961096c4ff,56.59,56.42,-0.003004064322318461,0.8519014678076672,-0.044444444444444446,0,0
51,35,86,1,1,50,1,0,0,0,0,jsoup,java,8627ba3bde6edb7f91cf7122d7f8e9961096c4ff,862c256fb6e1166ca42a2f8b885c5285baf6c1f9,56.42,56.16,-0.004608294930875666,0.6481674291919923,0.10222222222222223,0,0
25,16,41,1,1,53,1,0,0,0,0,jsoup,java,862c256fb6e1166ca42a2f8b885c5285baf6c1f9,de098c35e91f9a8c15c56cc3dd30a2ff32582201,56.16,56.94,0.01388888888888891,0.7243568186676936,-0.08,0,0
38,18,56,5,1,55,1,0,0,0,0,jsoup,java,de098c35e91f9a8c15c56cc3dd30a2ff32582201,2c8b9ad145d3b808be19ce03a99797215e0c3ca3,56.94,55.92,-0.01791359325605894,0.4552517444125014,0.16444444444444445,0,0
26,2,28,3,2,108,1,0,0,0,0,jsoup,java,2c8b9ad145d3b808be19ce03a99797215e0c3ca3,c765b819fcb5f24373fc165a7c651f0e87a0a25a,55.92,57.25,0.023783977110157336,0.01705501066551966,-0.5155555555555555,0,0
3,0,3,1,2,47,0,0,0,0,0,jsoup,java,c765b819fcb5f24373fc165a7c651f0e87a0a25a,b67cc18ba1814d1abdb16f8ee9bb5473aaa42cf8,57.25,55.98,-0.022183406113537172,0.038066856739675414,0.4488888888888889,0,0
152,32,184,5,1,45,0,0,0,0,0,jsoup,java,b67cc18ba1814d1abdb16f8ee9bb5473aaa42cf8,f052908ec90e12bdc6b67915ef2290aa9eefa48b,55.98,56.03,0.0008931761343337668,0.7089232340537643,0.08444444444444445,0,0
3,0,3,1,2,64,0,0,0,0,0,jsoup,java,f052908ec90e12bdc6b67915ef2290aa9eefa48b,21d8c188b27937079007f0129f2b372b857f2e16,56.03,56.41,0.006782081028020622,0.24543248360349268,-0.25333333333333335,0,0
1,1,2,1,2,110,0,1,1,0,0,jsoup,java,21d8c188b27937079007f0129f2b372b857f2e16,20088820f17e190db7d68c13d3f1b99fc1cecc5f,56.41,56.48,0.0012409147314306026,0.43049411012891337,0.17333333333333334,0,0
33,2,35,4,1,26,0,0,0,0,0,jsoup,java,20088820f17e190db7d68c13d3f1b99fc1cecc5f,edcc4a00cdf6d2d7b4ea81917e48e3e9570438a3,56.48,56.62,0.0024787535410764976,0.18436124604380766,-0.28888888888888886,0,0
5,2,7,2,1,12,0,0,0,0,0,jsoup,java,edcc4a00cdf6d2d7b4ea81917e48e3e9570438a3,384bf2cba16120166c5044f868096ab02599ac76,56.62,56.17,-0.007947721653126029,0.5337383907275306,0.13777777777777778,0,0
0,0,0,0,1,22,0,0,0,0,0,jsoup,java,384bf2cba16120166c5044f868096ab02599ac76,d9ec262369138ca840d4a34473427e401c4cc4a4,56.17,56.67,0.008901548869503293,0.6185914758545639,-0.1111111111111111,0,0
1,1,2,1,3,164,0,1,1,0,0,jsoup,java,d9ec262369138ca840d4a34473427e401c4cc4a4,68a1083c447f368a2f21b75589d0140f8a750e7f,56.67,56.2,-0.008293629786483127,0.4936339717986785,0.1511111111111111,0,0
1,1,2,1,1,51,0,0,0,0,0,jsoup,java,68a1083c447f368a2f21b75589d0140f8a750e7f,d599990c331989230a6e1d0e4fea9e577022cc9c,56.2,56.63,0.007651245551601418,0.9174021048159461,-0.02666666666666667,0,0
1,1,2,1,1,62,0,0,0,0,0,jsoup,java,d599990c331989230a6e1d0e4fea9e577022cc9c,f3dbb685f25c22a14079d9a7694ad27f78814253,56.63,56.49,-0.002472187886279367,0.6631500726976157,0.09777777777777778,0,0
2,2,4,2,1,20,0,0,0,0,0,jsoup,java,f3dbb685f25c22a14079d9a7694ad27f78814253,1c4fe033f7612d4aeb0f4324538c8e3dd4d25668,56.49,55.77,-0.012745618693574063,0.1709263811911732,0.29777777777777775,0,0
206,335,541,18,3,173,0,0,1,0,0,jsoup,java,1c4fe033f7612d4aeb0f4324538c8e3dd4d25668,35407bb1557e2ee11e27cff552d561b3d83266ae,55.77,414.53,6.432849202079971,3.3833394126542183e-06,-1.0,1,1
10,2,12,1,1,59,0,0,1,0,0,jsoup,java,35407bb1557e2ee11e27cff552d561b3d83266ae,27b9f632b1289c1b777bd1bd05bb73f61e11b419,414.53,56.47,-0.8637734301498081,3.3833394126542183e-06,1.0,0,0
338,217,555,18,21,849,1,1,1,0,0,jsoup,java,27b9f632b1289c1b777bd1bd05bb73f61e11b419,2cc22447970edb5a28bdedf682680a18c8adba1b,56.47,56.76,0.005135470161147497,0.395052929721015,-0.18666666666666668,0,0
0,2,2,1,1,33,0,0,0,0,0,jsoup,java,2cc22447970edb5a28bdedf682680a18c8adba1b,5e6e9fc84826cb79a24906987cc5d54677482a70,56.76,57.14,0.0066948555320648796,0.48073111045562256,-0.15555555555555556,0,0
34,34,68,4,1,40,1,0,0,0,0,jsoup,java,5e6e9fc84826cb79a24906987cc5d54677482a70,d6fd1637307f6b088eb226c3f979085725530f32,57.14,55.81,-0.023276163808190378,0.03804543237688997,0.4488888888888889,0,0
14,6,20,4,2,98,0,0,0,0,0,jsoup,java,d6fd1637307f6b088eb226c3f979085725530f32,c07ba8a34b6a6d6665928e106fea67bd9144e4e0,55.81,56.64,0.014871886758645373,0.1844100692216365,-0.28888888888888886,0,0
15,3,18,3,1,43,0,0,0,0,0,jsoup,java,c07ba8a34b6a6d6665928e106fea67bd9144e4e0,9e9e15856d41f55cee4a215acae3c3866e78d200,56.64,56.6,-0.0007062146892655217,0.9669074184889492,-0.013333333333333334,0,0
1,0,1,1,1,31,0,0,0,0,0,jsoup,java,9e9e15856d41f55cee4a215acae3c3866e78d200,d65185506919c50de85e766771898fdbd054e77b,56.6,56.52,-0.0014134275618374256,0.5897385933186072,0.12,0,0
227,71,298,15,1,51,0,0,0,0,0,jsoup,java,d65185506919c50de85e766771898fdbd054e77b,6c4f16f233cdfd7aedef33374609e9aa4ede255c,56.52,56.87,0.006192498230714691,0.6481674291919923,-0.10222222222222223,0,0
22,7,29,3,1,52,0,1,0,0,0,jsoup,java,6c4f16f233cdfd7aedef33374609e9aa4ede255c,3f9f33d88355f22aefc7ea402da09fd1950289ce,56.87,56.0,-0.015298048180059741,0.40673463585474257,0.18222222222222223,0,0
18,9,27,2,1,24,0,0,0,0,0,jsoup,java,3f9f33d88355f22aefc7ea402da09fd1950289ce,5dab7a2379aaa7141c6c4e8306a139a6b8dd3ada,56.0,55.71,-0.0051785714285714135,0.7400217511938185,-0.07555555555555556,0,0
5,4,9,3,1,21,1,0,0,0,0,jsoup,java,5dab7a2379aaa7141c6c4e8306a139a6b8dd3ada,80158d6fa7445506eaaafdeadb1f4dc291ca10a5,55.71,56.42,0.012744570095135539,0.8356689855583623,-0.04888888888888889,0,0
3,3,6,1,1,31,0,1,0,0,0,jsoup,java,80158d6fa7445506eaaafdeadb1f4dc291ca10a5,311d2e7e7123814364907b65143117efc3ddf92d,56.42,56.04,-0.0067352002835874255,0.5614474146848649,0.1288888888888889,0,0
4,4,8,2,1,31,0,0,0,0,0,jsoup,java,311d2e7e7123814364907b65143117efc3ddf92d,574e76eb211b43ea792ac69955a0bbcc244965e9,56.04,56.41,0.006602426837972831,0.28084201086629845,-0.23555555555555555,0,0
12,1,13,3,1,63,0,1,0,0,0,jsoup,java,574e76eb211b43ea792ac69955a0bbcc244965e9,32ab9579f9df6f4c9dbab5e6e035dd5f8d644e2a,56.41,56.56,0.0026591029959228095,0.6935179289009736,0.08888888888888889,0,0
110,15,125,5,5,279,0,0,1,0,0,jsoup,java,32ab9579f9df6f4c9dbab5e6e035dd5f8d644e2a,8b5fb7be962959a922dafc2073718e1457196043,56.56,56.63,0.0012376237623762426,0.6783024655972324,-0.09333333333333334,0,0
20,111,131,6,1,40,0,0,0,0,0,jsoup,java,8b5fb7be962959a922dafc2073718e1457196043,456a5545fe7d79ca2851d9a24528972159d37f66,56.63,56.75,0.002119018188239404,0.5614474146848649,0.1288888888888889,0,0
15,23,38,4,1,61,0,0,0,0,0,jsoup,java,456a5545fe7d79ca2851d9a24528972159d37f66,4a28f7766124469dbdd5ad6179fe84abff3cd14f,56.75,56.51,-0.004229074889867877,0.771501761065229,-0.06666666666666667,0,0
32,15,47,5,1,39,0,0,0,0,0,jsoup,java,4a28f7766124469dbdd5ad6179fe84abff3cd14f,924c480762e8af2ece8da553f7fe90244085341e,56.51,56.32,-0.0033622367722526583,0.7873930187891653,0.06222222222222222,0,0
21,29,50,7,1,65,0,0,0,0,0,jsoup,java,924c480762e8af2ece8da553f7fe90244085341e,e187364d813bff6df326d46690ccc514aa4c84ec,56.32,56.59,0.0047940340909091465,0.5338294217441396,0.13777777777777778,0,0
8,20,28,5,1,19,0,0,0,0,0,jsoup,java,e187364d813bff6df326d46690ccc514aa4c84ec,3475eaf7aa744401cd36889f565d7b224b35a35b,56.59,56.19,-0.007068386640749349,0.7715511878155722,-0.06666666666666667,0,0
38,5,43,3,1,51,0,1,0,0,0,jsoup,java,3475eaf7aa744401cd36889f565d7b224b35a35b,81a9f5320614029f04838945674e3087eec01a63,56.19,56.71,0.00925431571454001,0.4067868333984651,-0.18222222222222223,0,0
8,39,47,3,1,113,0,0,0,0,0,jsoup,java,81a9f5320614029f04838945674e3087eec01a63,d745f85315b33fb72c5b6d8ac155451c85f5a6be,56.71,56.9,0.0033503791218479585,0.5202360544447003,-0.14222222222222222,0,0
21,14,35,1,1,68,0,0,0,0,0,jsoup,java,d745f85315b33fb72c5b6d8ac155451c85f5a6be,c1ee93355ba4bc6a430aed0ea8db7369f7d0895f,56.9,56.09,-0.014235500878734538,0.1523865017147963,0.3111111111111111,0,0
31,22,53,2,1,36,0,0,0,0,0,jsoup,java,c1ee93355ba4bc6a430aed0ea8db7369f7d0895f,16d2cc3e401a16b272cb182eaaa6f379839105ad,56.09,56.89,0.014262791941522501,0.7715511878155722,-0.06666666666666667,0,0
42,0,42,1,1,43,0,0,0,0,0,jsoup,java,16d2cc3e401a16b272cb182eaaa6f379839105ad,cf06d02074c2526944c8a08c7b641ef51d31343b,56.89,56.25,-0.01124978027772896,0.5338294217441396,0.13777777777777778,0,0
63,2,65,1,3,122,0,0,0,0,0,jsoup,java,cf06d02074c2526944c8a08c7b641ef51d31343b,3a158cfbcfe70c9a921b9ea525e2cd8113193219,56.25,56.69,0.007822222222222182,0.6186695570822622,-0.1111111111111111,0,0
30,0,30,1,1,47,0,0,0,0,0,jsoup,java,3a158cfbcfe70c9a921b9ea525e2cd8113193219,be339d37c1750bab50445ae684537e8d3a890d15,56.69,57.3,0.010760275180807893,0.5614474146848649,-0.1288888888888889,0,0
8,0,8,1,1,37,0,0,0,0,0,jsoup,java,be339d37c1750bab50445ae684537e8d3a890d15,eab521f7a26c072b117f72c4371f71e75eafc55e,57.3,57.02,-0.004886561954624678,0.8195259356447925,0.05333333333333334,0,0
38,163,201,4,1,72,0,0,0,0,0,jsoup,java,eab521f7a26c072b117f72c4371f71e75eafc55e,1beb36dca19bb90c805d38e8b1f2787d169a759e,57.02,56.51,-0.008944230094703702,0.5614474146848649,0.1288888888888889,0,0
31,43,74,8,2,50,0,0,0,0,0,jsoup,java,1beb36dca19bb90c805d38e8b1f2787d169a759e,b033535fe2cf887de8076221a0d614abfcf17d7b,56.51,56.77,0.004600955583082731,0.575468379776696,-0.12444444444444444,0,0
2,2,4,1,1,51,0,0,0,0,0,jsoup,java,b033535fe2cf887de8076221a0d614abfcf17d7b,8f9b51dab9020d499bc2a2ca2fcb306bbfb4e734,56.77,56.71,-0.0010568962480183596,0.9503844315376063,0.017777777777777778,0,0
8,0,8,1,1,44,0,0,1,0,0,jsoup,java,8f9b51dab9020d499bc2a2ca2fcb306bbfb4e734,799b9aa3e623b56092100fa672c034ae9f259038,56.71,55.99,-0.012696173514371342,0.3195059648919748,0.21777777777777776,0,0
12,0,12,3,1,30,0,0,0,0,0,jsoup,java,799b9aa3e623b56092100fa672c034ae9f259038,21ee3e98b71dfd0a86c0ddd4cedbc7c0517351ba,55.99,56.75,0.013573852473655975,0.7715511878155722,-0.06666666666666667,0,0
14,1,15,3,1,35,0,0,0,0,0,jsoup,java,21ee3e98b71dfd0a86c0ddd4cedbc7c0517351ba,0b9eab69d394b38f776079a20dc19ed5848748b4,56.75,56.99,0.004229074889867877,0.8681969330621228,-0.04,0,0
3,3,6,1,1,19,0,0,0,1,0,jsoup,java,0b9eab69d394b38f776079a20dc19ed5848748b4,3c5061f03f27f13dcf546c9752e424af715bb02a,56.99,57.16,0.0029829794700823756,0.6186695570822622,-0.1111111111111111,0,0
4,1,5,2,1,17,0,0,0,0,0,jsoup,java,3c5061f03f27f13dcf546c9752e424af715bb02a,bb16e0693819afb821bce6943d8cbd178266a63e,57.16,55.55,-0.028166550034989496,0.013578698865964542,0.5333333333333333,0,0
6,4,10,2,1,28,0,0,0,0,0,jsoup,java,bb16e0693819afb821bce6943d8cbd178266a63e,627efb94e9ec8bcf09829fb8be5cbc4f4334fceb,55.55,55.91,0.00648064806480647,0.28084201086629845,-0.23555555555555555,0,0
62,79,141,14,2,103,0,0,0,0,0,jsoup,java,627efb94e9ec8bcf09829fb8be5cbc4f4334fceb,a4c375d8ef9d2a930b34a994719ebdbc076678b7,55.91,56.0,0.0016097299230907426,0.8034625743147712,-0.057777777777777775,0,0
82,18,100,13,10,296,0,0,1,1,0,jsoup,java,a4c375d8ef9d2a930b34a994719ebdbc076678b7,1833adf54de2ec33d68abf4a64202e8572d15ccd,56.0,56.1,0.001785714285714311,1.0,-0.0044444444444444444,0,0
26,2,28,3,3,131,0,0,0,0,0,jsoup,java,1833adf54de2ec33d68abf4a64202e8572d15ccd,d758acab64d16f7dfb664f18fd9c0f63901d7138,56.1,56.68,0.01033868092691619,1.0,-0.0044444444444444444,0,0
20,4,24,4,2,116,0,1,0,0,0,jsoup,java,d758acab64d16f7dfb664f18fd9c0f63901d7138,97bd42868ba98bb9a757c729d8d6e259644117e4,56.68,56.68,0.0,0.4552015787746684,-0.16444444444444445,0,0
21,2,23,4,3,131,0,1,0,0,0,jsoup,java,97bd42868ba98bb9a757c729d8d6e259644117e4,d84d6a145fa09440803bf184f7ad405167463f10,56.68,56.68,0.0,0.8845613440989442,-0.035555555555555556,0,0
4,1,5,2,3,116,0,0,0,0,0,jsoup,java,d84d6a145fa09440803bf184f7ad405167463f10,802e7b4e3e1d6501605f874d1cec4241d411f325,56.68,56.79,0.0019407198306280774,0.9338643952668264,0.022222222222222223,0,0
14,7,21,2,2,108,0,0,0,0,0,jsoup,java,802e7b4e3e1d6501605f874d1cec4241d411f325,0265937566f541e90933a6bd33192201095ecf4e,56.79,56.07,-0.012678288431061786,0.22871809085414174,0.26222222222222225,0,0
25,9,34,2,4,241,0,0,0,0,0,jsoup,java,0265937566f541e90933a6bd33192201095ecf4e,3f7d2c71dbbbb289c684f339874eed8ac2747fa0,56.07,56.63,0.009987515605493174,0.4551513995003095,-0.16444444444444445,0,0
5,2,7,2,1,15,0,0,0,0,0,jsoup,java,3f7d2c71dbbbb289c684f339874eed8ac2747fa0,f14bd640bf48bfbabb0ad17da4322e3c75eaa547,56.63,56.11,-0.009182412149037667,0.43059671018389833,0.17333333333333334,0,0
11,0,11,2,2,108,0,1,0,0,0,jsoup,java,f14bd640bf48bfbabb0ad17da4322e3c75eaa547,74c61a13acb6fc11456cd442d4d982a0e943e9d0,56.11,56.82,0.012653715915166652,0.4185655899250009,-0.17777777777777778,0,0
6,2,8,2,3,70,0,0,0,0,0,jsoup,java,74c61a13acb6fc11456cd442d4d982a0e943e9d0,703ca9cb69b5004a652482589d7ef85402717127,56.82,57.17,0.006159802886307663,0.5338294217441396,-0.13777777777777778,0,0
1,1,2,1,1,62,0,0,0,0,0,jsoup,java,703ca9cb69b5004a652482589d7ef85402717127,8dc7294a0d0f73ffe8dd2bd86310b5b8dcaf2b9f,57.17,56.91,-0.004547839776106439,0.9174021048159461,0.02666666666666667,0,0
2,2,4,1,1,13,0,0,0,0,0,jsoup,java,8dc7294a0d0f73ffe8dd2bd86310b5b8dcaf2b9f,6db694c4974cdc68c5b5c1c8eb6c72fe2ec5407e,56.91,56.72,-0.003338604814619535,0.2539640807819651,0.24888888888888888,0,0
1,1,2,1,1,51,0,0,0,0,0,jsoup,java,6db694c4974cdc68c5b5c1c8eb6c72fe2ec5407e,2822422a1ecfabf763f801f75ac2e163b0e1467d,56.72,57.16,0.007757404795486561,0.3614963660708982,-0.2,0,0
1,1,2,1,1,16,0,0,0,1,0,jsoup,java,2822422a1ecfabf763f801f75ac2e163b0e1467d,0d295e32ce637cf54d29366a68e88e4118cf12d8,57.16,56.14,-0.017844646606018127,0.24548500120312422,0.25333333333333335,0,0
1,1,2,1,1,51,0,0,0,0,0,jsoup,java,0d295e32ce637cf54d29366a68e88e4118cf12d8,b9463cdc7b774b08157d1246edbbe1759acfd890,56.14,56.72,0.010331314570716036,0.32953048424957687,-0.21333333333333335,0,0
1,1,2,1,1,9,0,0,0,0,0,jsoup,java,b9463cdc7b774b08157d1246edbbe1759acfd890,c9628192b75ce448b90b9bd593c796df3aebd03e,56.72,56.49,-0.004055007052186123,0.5338294217441396,0.13777777777777778,0,0
1,1,2,1,1,53,0,0,0,0,0,jsoup,java,c9628192b75ce448b90b9bd593c796df3aebd03e,14678515d7e479bbf18466a38c04c65c43a0ecae,56.49,57.14,0.01150646132058769,0.7400217511938185,-0.07555555555555556,0,0
1,1,2,1,1,62,0,0,0,0,0,jsoup,java,14678515d7e479bbf18466a38c04c65c43a0ecae,d29504dba08de8d26206efdfd05423a834cca527,57.14,56.25,-0.015575778788939457,0.6631500726976157,0.09777777777777778,0,0
7,7,14,2,2,30,0,0,0,0,0,jsoup,java,d29504dba08de8d26206efdfd05423a834cca527,9e1ca808ee75ec5269bfab9c3e583792cee494c1,56.25,57.47,0.02168888888888887,0.38357386434415697,-0.19111111111111112,0,0
110,3,113,3,6,300,0,0,1,0,0,jsoup,java,9e1ca808ee75ec5269bfab9c3e583792cee494c1,74f4f7fa855d9574dbf9ff45b0eb381cee26a54c,57.47,57.19,-0.0048721071863581196,0.7714523022297656,-0.06666666666666667,0,0
215,373,588,26,8,307,0,0,0,0,0,jsoup,java,74f4f7fa855d9574dbf9ff45b0eb381cee26a54c,b024415094a0afbec69e605c5d75bdda4c200091,57.19,57.16,-0.0005245672320335922,0.8682114641097,0.04,0,0
263,49,312,25,46,1804,0,1,1,1,0,jsoup,java,b024415094a0afbec69e605c5d75bdda4c200091,de941054022a153e8503710e9073fd258ee00ac3,57.16,56.24,-0.016095171448565336,0.05631007894824885,0.41333333333333333,0,0
4,1,5,2,2,36,0,0,0,0,0,jsoup,java,de941054022a153e8503710e9073fd258ee00ac3,0ca6fc9d20eb322646975192cc37e35063b9178f,56.24,57.29,0.018669985775248883,0.1248184057230855,-0.3333333333333333,0,0
91,431,522,26,2,80,0,1,0,0,0,jsoup,java,0ca6fc9d20eb322646975192cc37e35063b9178f,91bc88c95a2ffba906a5ae1518a438048595f409,57.29,56.29,-0.017455053237912375,0.2806814343452102,0.23555555555555555,0,0
430,50,480,26,57,2169,0,1,1,1,0,jsoup,java,91bc88c95a2ffba906a5ae1518a438048595f409,199e34bca6538c2125b00d20853eb4616c08a0b5,56.29,56.44,0.0026647717178894755,0.6631500726976157,0.09777777777777778,0,0
7,0,7,2,3,81,0,1,0,0,0,jsoup,java,199e34bca6538c2125b00d20853eb4616c08a0b5,f50042980dda4e8521f05d789654f43dbc2bd602,56.44,56.15,-0.005138199858256541,0.5338294217441396,0.13777777777777778,0,0
3,3,6,1,2,76,0,1,0,0,0,jsoup,java,f50042980dda4e8521f05d789654f43dbc2bd602,333a6469ffec02354a56d1a5eb5867dc16da58a0,56.15,56.34,0.003383793410507655,0.5338294217441396,-0.13777777777777778,0,0
300,57,357,9,2,49,0,0,0,0,0,jsoup,java,333a6469ffec02354a56d1a5eb5867dc16da58a0,af77fd3ffb2973f255419df9ef591df5f8a7409f,56.34,56.22,-0.002129925452609239,0.4553018964198552,0.16444444444444445,0,0
0,0,0,0,1,35,0,0,0,0,0,jsoup,java,af77fd3ffb2973f255419df9ef591df5f8a7409f,bd5e1753a13b5f2d19cb80907b9502d6abfdb08f,56.22,56.93,0.012628957666310937,0.06196961991403871,-0.40444444444444444,0,0
1,2,3,2,1,27,0,0,1,0,0,jsoup,java,bd5e1753a13b5f2d19cb80907b9502d6abfdb08f,549ed00198cabb4bc2c4b7989c902d1f1dc887e3,56.93,56.83,-0.0017565431231336978,0.8682114641097,0.04,0,0
7,0,7,1,1,12,0,0,0,0,0,jsoup,java,549ed00198cabb4bc2c4b7989c902d1f1dc887e3,8165206e8ac599512434e88267a78e543cfdc3f7,56.83,57.72,0.015660742565546375,0.032630875727034075,-0.4622222222222222,0,0
110,3,113,3,7,347,0,0,1,0,0,jsoup,java,8165206e8ac599512434e88267a78e543cfdc3f7,e37cc9afd78cb780b4c944a0caa5c1973efb0607,57.72,56.76,-0.016632016632016647,0.027907646278761626,0.47555555555555556,0,0
21,15,36,3,1,50,0,0,0,0,0,jsoup,java,e37cc9afd78cb780b4c944a0caa5c1973efb0607,a0bd16891705bf4087e0766d744a009ac923b5f3,56.76,56.8,0.000704721634954178,0.9834501494461332,-0.008888888888888889,0,0
11,5,16,1,1,150,0,0,0,0,0,jsoup,java,a0bd16891705bf4087e0766d744a009ac923b5f3,245b2655f7a28ca46912e35de492d3e452a5393f,56.8,57.5,0.012323943661971882,0.28084201086629845,-0.23555555555555555,0,0
27,20,47,2,1,42,0,0,0,1,0,jsoup,java,245b2655f7a28ca46912e35de492d3e452a5393f,4770715fb67e1d40259c14280742859d5eeaaec5,57.5,56.35,-0.019999999999999976,0.22105065342981212,0.26666666666666666,0,0
51,2,53,2,1,57,0,0,0,0,0,jsoup,java,4770715fb67e1d40259c14280742859d5eeaaec5,cbd9605b113482873f9c99362874ca9123daaf66,56.35,559.91,8.93629103815439,3.3918213908250945e-06,-1.0,1,1
1,1,2,1,1,39,0,0,0,0,0,jsoup,java,cbd9605b113482873f9c99362874ca9123daaf66,514dcd873d58571c65a69ca6f9f5842f14e4de7b,559.91,56.68,-0.8987694450893894,3.349586435956617e-06,1.0,0,0
10,182,192,5,1,47,0,0,0,0,0,jsoup,java,514dcd873d58571c65a69ca6f9f5842f14e4de7b,954e0f3678c67f2ed9ba520fccbb612e0ff0060b,56.68,56.53,-0.0026464361326746398,1.0,-0.0044444444444444444,0,0
5,1,6,2,1,10,0,0,0,0,0,jsoup,java,954e0f3678c67f2ed9ba520fccbb612e0ff0060b,cda2c5d4ec1090b4e556e88d513b8b80d9128d37,56.53,56.46,-0.0012382805589952288,0.5896972055949141,0.12,0,0
0,0,0,0,1,22,0,0,0,0,0,jsoup,java,cda2c5d4ec1090b4e556e88d513b8b80d9128d37,527a2f449f5250f8dd7863c55fe772c64e5f3eee,56.46,56.64,0.003188097768331557,0.6184742642928716,-0.1111111111111111,0,0
33,19,52,5,1,42,0,0,0,0,0,jsoup,java,527a2f449f5250f8dd7863c55fe772c64e5f3eee,a35fd085e3bbacbc7c2c9003e2d7b301ec271f4d,56.64,56.97,0.005826271186440648,0.4552517444125014,-0.16444444444444445,0,0
1,1,2,1,1,23,0,0,0,0,0,jsoup,java,a35fd085e3bbacbc7c2c9003e2d7b301ec271f4d,4c844c15ba2c784bdb75458d8ab81f929a97db68,56.97,55.8,-0.020537124802527677,0.00952347529031665,0.56,0,0
4,2,6,1,1,30,0,0,0,0,0,jsoup,java,4c844c15ba2c784bdb75458d8ab81f929a97db68,837d77f0b4d1adda9e769aba37d4253c116e0c31,55.8,56.62,0.014695340501792121,0.22897717637243786,-0.26222222222222225,0,0
17,11,28,3,1,44,0,0,0,0,0,jsoup,java,837d77f0b4d1adda9e769aba37d4253c116e0c31,119fd967ba85924a5fe0d93e2f9fad3fe068c6fa,56.62,57.1,0.008477569763334582,0.5754258746624656,-0.12444444444444444,0,0
50,14,64,4,1,31,0,1,0,0,0,jsoup,java,119fd967ba85924a5fe0d93e2f9fad3fe068c6fa,a76f2e9fa14185dae1e96ae2561e3ff07c966e11,57.1,57.13,0.0005253940455341705,0.6783024655972324,-0.09333333333333334,0,0
183,0,183,3,1,41,0,0,0,0,0,jsoup,java,a76f2e9fa14185dae1e96ae2561e3ff07c966e11,a4883a448416031773bba432bc5bce4492f1e19d,57.13,57.93,0.014003150708909454,0.02253107159485839,-0.49333333333333335,0,0
13,0,13,1,1,13,0,0,1,0,0,jsoup,java,a4883a448416031773bba432bc5bce4492f1e19d,597ddb1cc07d72f1f6edf4f4e25ebdf38931f55b,57.93,58.34,0.007077507336440595,0.5897385933186072,-0.12,0,0
1,1,2,1,1,20,0,0,0,0,0,jsoup,java,597ddb1cc07d72f1f6edf4f4e25ebdf38931f55b,b45aebf00e3a318cd22a93ffae359b189ffb50fe,58.34,58.06,-0.0047994514912581615,0.4553018964198552,0.16444444444444445,0,0
25,8,33,18,1,36,0,0,0,1,0,jsoup,java,b45aebf00e3a318cd22a93ffae359b189ffb50fe,e613360fa4f0cd3bdfdece02d2bc1b58be640cac,58.06,58.21,0.0025835342748880222,0.8519014678076672,0.044444444444444446,0,0
4,5,9,3,1,9,0,0,0,1,0,jsoup,java,e613360fa4f0cd3bdfdece02d2bc1b58be640cac,e936b1b664500166bef0403011c5924c7bd7d086,58.21,58.42,0.0036076275554028665,0.3836267986477797,-0.19111111111111112,0,0
7,2,9,5,1,28,0,0,0,0,0,jsoup,java,e936b1b664500166bef0403011c5924c7bd7d086,2e20bc1bf30e1e6efbeeae67805d9d450d2f1d5b,58.42,58.17,-0.004279356384799726,0.3193982808676096,0.21777777777777776,0,0
2,2,4,1,1,59,0,0,0,0,0,jsoup,java,2e20bc1bf30e1e6efbeeae67805d9d450d2f1d5b,23c2d42a8b3a0b413c0f42cfc2f5f05ed0184c58,58.17,58.02,-0.002578648788035045,0.395052929721015,-0.18666666666666668,0,0
1,1,2,1,1,91,0,0,0,0,0,jsoup,java,23c2d42a8b3a0b413c0f42cfc2f5f05ed0184c58,f879638bfa91af80ad02d9b0c92efb7a5fc86f2a,58.02,58.59,0.009824198552223376,0.8682259903524354,-0.04,0,0
1,3,4,1,1,41,0,0,1,0,0,jsoup,java,f879638bfa91af80ad02d9b0c92efb7a5fc86f2a,288b76eaf6c31bce34dd8afe180623051b91e338,58.59,58.18,-0.006997781191329641,0.4553018964198552,0.16444444444444445,0,0
0,0,0,0,1,45,0,0,0,0,0,jsoup,java,288b76eaf6c31bce34dd8afe180623051b91e338,ed95f9b8e9cd56e2d81eddeda7d12075a40aea5b,58.18,58.38,0.0034376074252320875,0.9338717386488675,-0.022222222222222223,0,0
4,8,12,1,1,40,0,0,0,0,0,jsoup,java,ed95f9b8e9cd56e2d81eddeda7d12075a40aea5b,8c673ddc1357f00009e38cb800c1c6ebb6ee4beb,58.38,58.82,0.0075368276807125335,0.2997583700887151,-0.22666666666666666,0,0
37,0,37,1,1,52,0,0,1,0,0,jsoup,java,8c673ddc1357f00009e38cb800c1c6ebb6ee4beb,850e1c27f9bea21b70750f31964416c71f37cfd3,58.82,57.97,-0.014450867052023145,0.26275304114766074,0.24444444444444444,0,0
0,0,0,0,1,66,0,1,0,0,0,jsoup,java,850e1c27f9bea21b70750f31964416c71f37cfd3,24d01fbaedf2eab505d7bbd62794f54deb617895,57.97,58.42,0.007762635846127356,0.8195259356447925,0.05333333333333334,0,0
31,9,40,2,1,51,0,0,0,0,0,jsoup,java,24d01fbaedf2eab505d7bbd62794f54deb617895,ab7feede4eedee351f320896114394235c2395ef,58.42,58.62,0.0034234851078397076,0.38373262766250305,-0.19111111111111112,0,0
314,763,1077,45,2,46,0,0,0,0,0,jsoup,java,ab7feede4eedee351f320896114394235c2395ef,af61d0720599519828209b3b5f8ef06f61fe7768,58.62,56.51,-0.03599454111224837,0.0019984683129749183,0.6666666666666666,0,0
765,315,1080,45,27,1002,0,1,1,1,0,jsoup,java,af61d0720599519828209b3b5f8ef06f61fe7768,0993f66ce330ccfbd84a65005ed1b2f1ae167d81,56.51,58.74,0.03946204211643964,0.00897202481281498,-0.5644444444444444,0,0
0,0,0,0,1,56,0,0,0,0,0,jsoup,java,0993f66ce330ccfbd84a65005ed1b2f1ae167d81,83ad1bc40f08cbdd2994695058580972e7499381,58.74,58.29,-0.007660878447395349,0.38367971975215054,0.19111111111111112,0,0
227,56,283,6,3,89,1,0,0,0,0,jsoup,java,83ad1bc40f08cbdd2994695058580972e7499381,8e524450bbaf0eb3210f0f0d2fff3cc4d54cb0a7,58.29,58.11,-0.003088008234688621,0.8034411566561627,0.057777777777777775,0,0
23,9,32,1,1,41,0,0,0,0,0,jsoup,java,8e524450bbaf0eb3210f0f0d2fff3cc4d54cb0a7,4ec4cf2fc80c7faed010275d8a59f6e9decc33e2,58.11,58.75,0.011013594906212365,0.17106923105635186,-0.29777777777777775,0,0
1,2,3,1,1,23,1,0,0,0,0,jsoup,java,4ec4cf2fc80c7faed010275d8a59f6e9decc33e2,59453e27d90962ed2c28a8dc06a5a9e401667e12,58.75,58.86,0.0018723404255319052,0.8357050269952793,-0.04888888888888889,0,0
87,112,199,4,1,36,0,0,0,0,0,jsoup,java,59453e27d90962ed2c28a8dc06a5a9e401667e12,01a62698797658b0f51d323fdfb5e9744d843773,58.86,58.67,-0.003227998640842639,0.40673463585474257,0.18222222222222223,0,0
221,339,560,12,3,137,0,0,0,0,0,jsoup,java,01a62698797658b0f51d323fdfb5e9744d843773,da9547ebcd83525723fca18997a5a7e058c9796f,58.67,58.02,-0.011078915970683459,0.6186305224456992,0.1111111111111111,0,0
183,49,232,5,13,732,0,0,1,1,0,jsoup,java,da9547ebcd83525723fca18997a5a7e058c9796f,fee4762322f85a1109edd75ccb67f38cf5008c80,58.02,58.12,0.001723543605653125,0.9009605329267507,-0.03111111111111111,0,0
48,183,231,5,2,72,0,0,0,0,0,jsoup,java,fee4762322f85a1109edd75ccb67f38cf5008c80,c0325891a1b7f8e101593b42b8b3c75fff73643b,58.12,58.68,0.009635237439779806,0.2539112447991283,-0.24888888888888888,0,0
338,218,556,11,7,226,1,0,0,0,0,jsoup,java,c0325891a1b7f8e101593b42b8b3c75fff73643b,4424fe8589b60f2c7ed0a6ddb3958198e779c803,58.68,58.52,-0.0027266530334014417,0.22902896662469463,0.26222222222222225,0,0
5,2,7,1,1,35,0,0,0,0,0,jsoup,java,4424fe8589b60f2c7ed0a6ddb3958198e779c803,17796e34f7a9d00ba1d22db36af26cdea0fb28b7,58.52,59.05,0.009056732740943164,0.06196961991403871,-0.40444444444444444,0,0
182,103,285,6,1,47,0,0,0,0,0,jsoup,java,17796e34f7a9d00ba1d22db36af26cdea0fb28b7,e99193605b688e923d20054c13db897cff751607,59.05,58.29,-0.012870448772226893,0.07436664488079281,0.38666666666666666,0,0
3,3,6,2,1,12,0,0,0,0,0,jsoup,java,e99193605b688e923d20054c13db897cff751607,ac5e9e8392ea4ab436fe71b72ed78cdfd0aba7df,58.29,58.92,0.010808028821410234,0.5337839128515283,-0.13777777777777778,0,0
6,3,9,2,1,26,0,0,0,0,0,jsoup,java,ac5e9e8392ea4ab436fe71b72ed78cdfd0aba7df,990285bdbb080038fef44cd2306526b4cba520d5,58.92,57.56,-0.02308214528173794,0.05639236422683157,0.41333333333333333,0,0
323,631,954,12,1,63,0,0,0,1,0,jsoup,java,990285bdbb080038fef44cd2306526b4cba520d5,b9c174056fa44d575e23b5759d13610eae685beb,57.56,58.01,0.007817929117442593,0.43059671018389833,-0.17333333333333334,0,0
678,335,1013,14,12,387,1,0,0,0,0,jsoup,java,b9c174056fa44d575e23b5759d13610eae685beb,e47d90818b1918b436d252212e90a03ddf503b59,58.01,59.33,0.02275469746595415,0.04643799189897113,-0.4311111111111111,0,0
12,47,59,6,1,50,0,0,0,0,0,jsoup,java,e47d90818b1918b436d252212e90a03ddf503b59,7d7a298864223fd4ecea3acaa42257d24ddec1e8,59.33,58.56,-0.012978257205460914,0.23705177990041415,0.2577777777777778,0,0
10,2,12,1,1,57,0,0,0,0,0,jsoup,java,7d7a298864223fd4ecea3acaa42257d24ddec1e8,18948588c456d31a0e5c58c48a8e20953366e077,58.56,58.41,-0.0025614754098361625,0.9338717386488675,0.022222222222222223,0,0
3,0,3,1,2,35,0,0,0,0,0,jsoup,java,18948588c456d31a0e5c58c48a8e20953366e077,3a82c2f9ccf2a782a3c521bd4cebc31ae12afedf,58.41,57.7,-0.01215545283341883,0.1248184057230855,0.3333333333333333,0,0
464,550,1014,15,14,751,0,0,1,1,0,jsoup,java,3a82c2f9ccf2a782a3c521bd4cebc31ae12afedf,4ae8917dac1019fc08b091c13b66d846311ebdc4,57.7,58.76,0.018370883882148963,0.15841830012714964,-0.30666666666666664,0,0
543,287,830,12,17,551,1,0,0,0,0,jsoup,java,4ae8917dac1019fc08b091c13b66d846311ebdc4,c1924becd50885dfaf9bce062f86e04b10c688eb,58.76,58.43,-0.0056160653505785965,0.8356329203937503,-0.04888888888888889,0,0
39,0,39,2,2,43,0,0,0,0,0,jsoup,java,c1924becd50885dfaf9bce062f86e04b10c688eb,8b57279f59cfe8ffe66840b9961c5f3659f4e997,58.43,58.91,0.0082149580694848,0.26275304114766074,-0.24444444444444444,0,0
27,1,28,2,3,111,0,0,0,0,0,jsoup,java,8b57279f59cfe8ffe66840b9961c5f3659f4e997,9271f805a0caa9ae67a5fed450d3d26a638408af,58.91,59.09,0.003055508402648223,0.9669147771731937,0.013333333333333334,0,0
88,28,116,2,1,70,0,0,0,0,0,jsoup,java,9271f805a0caa9ae67a5fed450d3d26a638408af,174dca2cb3e2c860fc947a963ea29b2758c0ba76,59.09,58.55,-0.009138602132340603,0.6481674291919923,0.10222222222222223,0,0
33,13,46,2,1,54,0,0,0,0,0,jsoup,java,174dca2cb3e2c860fc947a963ea29b2758c0ba76,75e9330eceaf0e901f7a4402d4f0decbb1c2f4a8,58.55,58.82,0.004611443210930882,0.7243568186676936,-0.08,0,0
178,18,196,3,1,36,0,0,0,0,0,jsoup,java,75e9330eceaf0e901f7a4402d4f0decbb1c2f4a8,eb7e65e9a19e68b550e7fd0eb73c5cfea2622ff3,58.82,58.64,-0.0030601836110166563,0.43064798984807773,0.17333333333333334,0,0
75,1,76,1,1,35,0,0,0,0,0,jsoup,java,eb7e65e9a19e68b550e7fd0eb73c5cfea2622ff3,85c835652321262a86d9d32eb20f87c231954bda,58.64,58.39,-0.004263301500682128,0.5896558053941625,-0.12,0,0
43,481,524,4,2,117,0,0,0,1,0,jsoup,java,85c835652321262a86d9d32eb20f87c231954bda,567b90e4abb72144a15fb5eeef74d170ef425cf9,58.39,58.49,0.0017126220243192571,0.8195259356447925,-0.05333333333333334,0,0
143,41,184,3,1,142,0,0,0,0,0,jsoup,java,567b90e4abb72144a15fb5eeef74d170ef425cf9,659f983253f53c99175fd5b437791f20fec21ce4,58.49,59.14,0.011113010771071954,0.46782177534047653,-0.16,0,0
26,46,72,5,1,48,0,1,0,0,0,jsoup,java,659f983253f53c99175fd5b437791f20fec21ce4,eacba9ae3d8b48e25380ad6125da40a2820e93d6,59.14,59.15,0.0001690902942170783,0.9009605329267507,-0.03111111111111111,0,0
34,34,68,5,1,85,0,0,0,0,0,jsoup,java,eacba9ae3d8b48e25380ad6125da40a2820e93d6,ee613b20b926b31f532cda4fb3ee115db950e9a1,59.15,58.04,-0.018765849535080294,0.06194060062705199,0.40444444444444444,0,0
13,34,47,3,1,27,0,0,0,0,0,jsoup,java,ee613b20b926b31f532cda4fb3ee115db950e9a1,95c64c063df3b14678a5064a02c0f915adc4138e,58.04,58.66,0.010682288077188103,0.8519014678076672,-0.044444444444444446,0,0
4,0,4,1,1,23,0,0,0,0,0,jsoup,java,95c64c063df3b14678a5064a02c0f915adc4138e,32fc662b79efa351bf55118d9540522159df1c6e,58.66,57.81,-0.014490282986702938,0.8682114641097,-0.04,0,0
1,3,4,1,1,104,0,0,0,0,0,jsoup,java,32fc662b79efa351bf55118d9540522159df1c6e,1153eeef1740592b7fca1ec50766aa6d4a72e438,57.81,58.75,0.016260162601625976,0.7088923275427439,-0.08444444444444445,0,0
4,11,15,8,1,47,0,0,0,0,0,jsoup,java,1153eeef1740592b7fca1ec50766aa6d4a72e438,05faab380c9b3322f24fcba833173a358765f89f,58.75,58.59,-0.002723404255319091,0.7714770356603059,0.06666666666666667,0,0
172,100,272,27,1,68,0,0,0,0,0,jsoup,java,05faab380c9b3322f24fcba833173a358765f89f,842977c381b8d48bf12719e3f5cf6fd669379957,58.59,59.14,0.009387267451783532,0.46777223890261,-0.16,0,0
112,155,267,18,1,28,0,1,0,0,0,jsoup,java,842977c381b8d48bf12719e3f5cf6fd669379957,2f7079a0771fdbee94230e0297f3e6af66916716,59.14,58.46,-0.011498140006763607,0.3614429517167129,0.2,0,0
17,35,52,4,1,48,0,0,0,0,0,jsoup,java,2f7079a0771fdbee94230e0297f3e6af66916716,f5227640d4365e2d4c18bd032b9656148bff8eb3,58.46,57.82,-0.01094765651727678,0.1985058531538877,0.28,0,0
15,19,34,4,1,55,0,0,0,0,0,jsoup,java,f5227640d4365e2d4c18bd032b9656148bff8eb3,ee5d4dffb382e362b52af67a53dffc92cc9ced49,57.82,58.47,0.01124178484953301,0.06799575043506911,-0.39555555555555555,0,0
1,1,2,1,1,9,0,1,1,0,0,jsoup,java,ee5d4dffb382e362b52af67a53dffc92cc9ced49,22217f110c6b6fbbb4b0b43f76fa3f3e2044d143,58.47,58.13,-0.005814947836497286,0.2371039611073864,0.2577777777777778,0,0
20,7,27,6,1,58,0,0,0,0,0,jsoup,java,22217f110c6b6fbbb4b0b43f76fa3f3e2044d143,6941818600646156b47d59b2561ec423c832d647,58.13,57.42,-0.012214003096507841,0.22902896662469463,0.26222222222222225,0,0
16,12,28,2,2,93,0,0,0,0,0,jsoup,java,6941818600646156b47d59b2561ec423c832d647,2588abdd5f81d4de2c1300ad24e9c401f9a9fc92,57.42,59.22,0.03134796238244509,0.11980309870594376,-0.3377777777777778,0,0
23,1,24,2,2,72,0,1,0,0,0,jsoup,java,2588abdd5f81d4de2c1300ad24e9c401f9a9fc92,98e87c6ae88fc31782f7cb542d4637df1af19f89,59.22,58.48,-0.012495778453225295,0.6333259145156125,0.10666666666666667,0,0
8,5,13,4,4,160,0,1,1,0,0,jsoup,java,98e87c6ae88fc31782f7cb542d4637df1af19f89,f40b1555ad0fdc7e908c0f55aa937602e5ca5f50,58.48,57.49,-0.016928864569083362,0.1844100692216365,0.28888888888888886,0,0
41,101,142,2,4,184,0,0,0,1,0,jsoup,java,f40b1555ad0fdc7e908c0f55aa937602e5ca5f50,37ab504f88dbe95358898bbdaba626cd937a7ea1,57.49,58.3,0.014089406853365719,0.39510552151381173,-0.18666666666666668,0,0
154,89,243,17,2,114,0,0,0,0,0,jsoup,java,37ab504f88dbe95358898bbdaba626cd937a7ea1,bcdd5bb2265b3702ae287a75abc45a603cd2f1ef,58.3,57.67,-0.010806174957118275,0.22902896662469463,0.26222222222222225,0,0
11,18,29,11,5,250,0,0,0,0,0,jsoup,java,bcdd5bb2265b3702ae287a75abc45a603cd2f1ef,a9fb01bd2b46dffbb1da3d93b0f8c566e25bc36e,57.67,58.02,0.006069013351829399,0.21337370709311831,-0.27111111111111114,0,0
23,4,27,3,2,93,0,1,0,0,0,jsoup,java,a9fb01bd2b46dffbb1da3d93b0f8c566e25bc36e,13b55d7e81414d2a96de3bdc8dd95829fd7dad92,58.02,60.4,0.04102033781454663,0.0006699752744407298,-0.7333333333333333,0,0
45,3,48,3,3,213,0,0,0,0,0,jsoup,java,13b55d7e81414d2a96de3bdc8dd95829fd7dad92,a2e331f03f2d439caa54c3014f8d5fb2dc206162,60.4,59.28,-0.01854304635761585,0.046462337840437296,0.4311111111111111,0,0
33,11,44,3,4,156,0,0,0,0,0,jsoup,java,a2e331f03f2d439caa54c3014f8d5fb2dc206162,a7b2b42a50f0536a3c5b3473575d67c2e5907581,59.28,59.22,-0.0010121457489878926,0.6186695570822622,-0.1111111111111111,0,0
59,16,75,4,2,76,0,0,0,0,0,jsoup,java,a7b2b42a50f0536a3c5b3473575d67c2e5907581,b8c259cfaf668e4237de09a0327b82080cfd37ba,59.22,59.87,0.010976021614319462,0.5614474146848649,-0.1288888888888889,0,0
113,14,127,6,1,38,0,0,0,0,0,jsoup,java,b8c259cfaf668e4237de09a0327b82080cfd37ba,8391b7231a2519557d41209d728acc4f422af381,59.87,59.65,-0.003674628361449789,0.9174021048159461,-0.02666666666666667,0,0
26,3,29,2,1,58,1,0,0,0,0,jsoup,java,8391b7231a2519557d41209d728acc4f422af381,585eb726fdb2165a91146a3c9f8fbbfeb4ad9e7b,59.65,60.69,0.017435037720033516,0.06799575043506911,-0.39555555555555555,0,0
380,5,385,3,9,382,0,0,0,0,0,jsoup,java,585eb726fdb2165a91146a3c9f8fbbfeb4ad9e7b,3519d82fb3b11bc3a96b3598bfa9ccde9fae4fc9,60.69,60.09,-0.009886307464162043,0.05909820641903671,0.4088888888888889,0,0
130,102,232,1,1,43,0,0,0,0,0,jsoup,java,3519d82fb3b11bc3a96b3598bfa9ccde9fae4fc9,99268a99ac0517d0f1b82d9648017a805b0cb4b6,60.09,59.67,-0.006989515726410413,0.7400217511938185,0.07555555555555556,0,0
18,426,444,4,1,40,0,0,0,0,0,jsoup,java,99268a99ac0517d0f1b82d9648017a805b0cb4b6,1fd3a3cb0ab51861ef671e48f067f143960457f0,59.67,59.14,-0.008882185352773606,0.8357050269952793,-0.04888888888888889,0,0
17,0,17,1,1,26,0,0,1,0,0,jsoup,java,1fd3a3cb0ab51861ef671e48f067f143960457f0,0c10dbffb475febe05ebaf074278e5d5aa81e32c,59.14,59.74,0.01014541765302674,0.4067868333984651,-0.18222222222222223,0,0
18,4,22,2,1,25,0,1,0,0,0,jsoup,java,0c10dbffb475febe05ebaf074278e5d5aa81e32c,c01fcd338d73dc039e6a3a6cd2c449d9c9d41304,59.74,59.19,-0.00920656176765993,0.3505803382110487,0.20444444444444446,0,0
20,5,25,2,2,44,0,1,1,0,0,jsoup,java,c01fcd338d73dc039e6a3a6cd2c449d9c9d41304,0961b24e30a244ee26a568541c44840584642d5e,59.19,59.96,0.013008954215239114,0.8681969330621228,-0.04,0,0
50,7,57,2,1,32,1,1,0,0,0,jsoup,java,0961b24e30a244ee26a568541c44840584642d5e,b14e7357248a0f683b8252be3e68f5e171fb8529,59.96,59.72,-0.004002668445630454,0.9338570494378531,0.022222222222222223,0,0
22,3,25,2,1,38,1,0,0,0,0,jsoup,java,b14e7357248a0f683b8252be3e68f5e171fb8529,495cb3d885125843cb409372a38ac25f13d3b2f6,59.72,59.83,0.0018419290020093677,0.2289253771719547,-0.26222222222222225,0,0
1,2,3,1,1,19,0,0,0,0,0,jsoup,java,495cb3d885125843cb409372a38ac25f13d3b2f6,2bef2e7ce9b8089a9e0ae3cf82f7625a5b93ed09,59.83,59.38,-0.007521310379408253,0.08146074521015789,0.37777777777777777,0,0
415,12,427,3,11,497,0,0,0,0,0,jsoup,java,2bef2e7ce9b8089a9e0ae3cf82f7625a5b93ed09,6d6ee1cc96d6f17f547fd9f39a38966da35ab159,59.38,59.52,0.002357696194004725,0.28084201086629845,-0.23555555555555555,0,0
17,22,39,1,1,14,0,0,0,0,0,jsoup,java,6d6ee1cc96d6f17f547fd9f39a38966da35ab159,e8809994a35745bcd557e264d22ea283619caf76,59.52,60.15,0.010584677419354762,0.6783024655972324,-0.09333333333333334,0,0
4,4,8,1,1,47,0,0,0,0,0,jsoup,java,e8809994a35745bcd557e264d22ea283619caf76,888ae2cb563ff148b5da662191a8493576ea39a7,60.15,59.98,-0.0028262676641729297,0.9834335512519453,-0.008888888888888889,0,0
1,1,2,1,1,59,0,0,1,0,0,jsoup,java,888ae2cb563ff148b5da662191a8493576ea39a7,6820982e95abd3f0ead3f223b906fe9e88ab0719,59.98,59.92,-0.0010003334444814134,0.7398822755031758,0.07555555555555556,0,0
7,14,21,2,1,50,0,0,0,0,0,jsoup,java,6820982e95abd3f0ead3f223b906fe9e88ab0719,dcc35b709ce6bc4ac48be4ed73a7251fe1613855,59.92,60.53,0.010180240320427227,0.2901428023540349,-0.2311111111111111,0,0
19,19,38,2,1,17,0,0,0,0,0,jsoup,java,dcc35b709ce6bc4ac48be4ed73a7251fe1613855,e981b5dd049f1291111b24cd56fd409a9fcf82d7,60.53,58.85,-0.02775483231455476,0.03439744889250225,0.4577777777777778,0,0
15,404,419,5,1,38,0,0,0,0,0,jsoup,java,e981b5dd049f1291111b24cd56fd409a9fcf82d7,6e14804768c3553c0670ea08135675d67d51d811,58.85,58.63,-0.0037383177570093264,0.8357050269952793,0.04888888888888889,0,0
404,15,419,5,17,698,0,0,1,1,0,jsoup,java,6e14804768c3553c0670ea08135675d67d51d811,b831caaff8953023c91d66c21a9af37b7e5e8b88,58.63,60.52,0.03223605662630054,0.008964395568369175,-0.5644444444444444,0,0
6,0,6,3,3,79,0,0,0,0,0,jsoup,java,b831caaff8953023c91d66c21a9af37b7e5e8b88,684ae68a631f6bd9b6d962e42e46bf0812d8fa4e,60.52,58.87,-0.02726371447455396,0.029381804829620883,0.4711111111111111,0,0
2,2,4,2,3,103,0,0,0,0,0,jsoup,java,684ae68a631f6bd9b6d962e42e46bf0812d8fa4e,7210a179b036ae224d9e1d4dc5a8a6b4a3b84025,58.87,60.14,0.021572957363682744,0.17102162039971303,-0.29777777777777775,0,0
1,1,2,1,1,62,0,0,0,0,0,jsoup,java,7210a179b036ae224d9e1d4dc5a8a6b4a3b84025,abaac7a226fc1edc1dbe684c6cce01c843dc41cb,60.14,59.43,-0.01180578649817095,0.11980309870594376,0.3377777777777778,0,0
1,1,2,1,1,51,0,0,0,0,0,jsoup,java,abaac7a226fc1edc1dbe684c6cce01c843dc41cb,1bcaf3cf1453a2035e0e1a29e1132561206559e7,59.43,59.78,0.00588928150765609,0.43064798984807773,-0.17333333333333334,0,0
84,88,172,7,2,28,0,0,0,1,0,jsoup,java,1bcaf3cf1453a2035e0e1a29e1132561206559e7,616d3c40fe99402c4b1311a2af2819fe1ad52cfb,59.78,59.81,0.0005018400802944318,0.3195059648919748,-0.21777777777777776,0,0
7,13,20,6,1,13,0,0,0,1,0,jsoup,java,616d3c40fe99402c4b1311a2af2819fe1ad52cfb,63b778a5b41e75cb46a817fbdcc8e65db740a46c,59.81,59.57,-0.004012706905199832,0.2997583700887151,0.22666666666666666,0,0
1,12,13,2,1,13,0,0,0,1,0,jsoup,java,63b778a5b41e75cb46a817fbdcc8e65db740a46c,373ea35b2cb227b56694aa50589c853b68caa03a,59.57,59.15,-0.007050528789659253,0.8195259356447925,0.05333333333333334,0,0
99,6,105,9,1,42,0,0,0,0,0,jsoup,java,373ea35b2cb227b56694aa50589c853b68caa03a,eafba57cb72af5b8980bc1ed75edf4a08e1cc43f,59.15,59.78,0.01065088757396454,0.6040860725185493,-0.11555555555555555,0,0
32,100,132,10,1,52,0,0,0,0,0,jsoup,java,eafba57cb72af5b8980bc1ed75edf4a08e1cc43f,11f7c1bd7a2d12f0b1150aa246c61afefd11991f,59.78,58.89,-0.01488792238206759,0.15846460599820356,0.30666666666666664,0,0
1,1,2,1,1,22,0,1,0,0,0,jsoup,java,11f7c1bd7a2d12f0b1150aa246c61afefd11991f,9e97fbf6ada82040f4a49c9aef9a84c983074427,58.89,59.06,0.0028867379860757635,0.8682259903524354,-0.04,0,0
40,1,41,2,2,40,0,0,0,0,0,jsoup,java,9e97fbf6ada82040f4a49c9aef9a84c983074427,23982c287bf6efc453a22bcbbf8c955786a74b92,59.06,59.38,0.005418218760582463,0.5337839128515283,-0.13777777777777778,0,0
37,0,37,1,1,20,0,0,0,0,0,jsoup,java,23982c287bf6efc453a22bcbbf8c955786a74b92,0986da604daa312d309c66094113a28fc4d936db,59.38,59.47,0.001515661839002969,0.9338790795853346,0.022222222222222223,0,0
118,110,228,14,2,98,0,0,1,0,0,jsoup,java,0986da604daa312d309c66094113a28fc4d936db,521681b6edea478667c8b6a0a3d31cba5d6b3a19,59.47,59.0,-0.00790314444257607,0.9009714934164412,-0.03111111111111111,0,0
41,117,158,12,3,135,0,1,0,0,0,jsoup,java,521681b6edea478667c8b6a0a3d31cba5d6b3a19,b86beca8feb26f9a3181e87fe36382f8ab4bdb98,59.0,59.18,0.003050847457627114,0.771501761065229,0.06666666666666667,0,0
1,9,10,3,1,23,0,0,0,0,1,jsoup,java,b86beca8feb26f9a3181e87fe36382f8ab4bdb98,4e6100fad3c91fbf023f17511ffb770f033c2f74,59.18,59.65,0.007941872254139892,0.5202360544447003,-0.14222222222222222,0,0
0,0,0,0,1,54,0,0,0,0,1,jsoup,java,4e6100fad3c91fbf023f17511ffb770f033c2f74,ec608674d877d2e906cab77bb09ecb2494167f0e,59.65,58.34,-0.02196144174350369,0.11980309870594376,0.3377777777777778,0,0
54,1,55,4,1,119,0,0,0,0,0,jsoup,java,ec608674d877d2e906cab77bb09ecb2494167f0e,3a7f39c507ed2b6809dc3a8bcc0a28ad19aab2f3,58.34,58.79,0.007713404182379083,0.9009714934164412,-0.03111111111111111,0,0
8,0,8,2,2,126,0,0,0,0,0,jsoup,java,3a7f39c507ed2b6809dc3a8bcc0a28ad19aab2f3,4edb78991f8d0bf87dafde5e01ccd8922065c9b2,58.79,58.92,0.0022112604184385534,0.9338790795853346,-0.022222222222222223,0,0
115,6,121,9,3,142,0,0,1,0,0,jsoup,java,4edb78991f8d0bf87dafde5e01ccd8922065c9b2,e5e184662975e276af582771b9a004f7d56ecfd6,58.92,59.14,0.0037338764426340606,0.4305454169461189,-0.17333333333333334,0,0
6,0,6,2,2,75,0,0,0,0,0,jsoup,java,e5e184662975e276af582771b9a004f7d56ecfd6,a04b3731c7efe62ccea64df86e4d58cfca3688f6,59.14,59.01,-0.0021981738248224984,0.7715264784488729,0.06666666666666667,0,0
44,9,53,5,1,51,0,0,0,0,0,jsoup,java,a04b3731c7efe62ccea64df86e4d58cfca3688f6,5236f0b3e64b7dcaa144eaeca187eadac3af936a,59.01,59.11,0.0016946280291476263,0.547507748068732,-0.13333333333333333,0,0
0,0,0,0,1,22,0,0,0,0,0,jsoup,java,5236f0b3e64b7dcaa144eaeca187eadac3af936a,e6514a014b46ae76d5d3163c82f4f46003186197,59.11,58.69,-0.0071053967179834495,0.2997583700887151,0.22666666666666666,0,0
9,1,10,1,1,42,0,0,1,0,0,jsoup,java,e6514a014b46ae76d5d3163c82f4f46003186197,5be8b081ce931865d46b49ed44e19d3eafde748d,58.69,59.24,0.009371272789231628,0.7556829896574374,-0.07111111111111111,0,0
10,1,11,3,1,33,0,1,0,0,0,jsoup,java,5be8b081ce931865d46b49ed44e19d3eafde748d,3b4f9dfa91b6f1852c35baf79c4a13eacc6112c3,59.24,58.67,-0.009621877110060774,0.442775365379404,0.1688888888888889,0,0
12,0,12,1,1,48,0,0,1,0,0,jsoup,java,3b4f9dfa91b6f1852c35baf79c4a13eacc6112c3,84a2dfeced140fca53293b5fa2d5733494191224,58.67,58.78,0.0018748934719618107,0.46787129814814044,-0.16,0,0
22,0,22,1,1,38,0,0,1,0,0,jsoup,java,84a2dfeced140fca53293b5fa2d5733494191224,ddf4c1bcae69ad48c01eea207e3f3c24d2eda208,58.78,58.86,0.0013610071452874837,0.4067868333984651,-0.18222222222222223,0,0
31,1,32,3,1,35,0,0,0,0,0,jsoup,java,ddf4c1bcae69ad48c01eea207e3f3c24d2eda208,3ba88d8c2ab500c07f9e2ddbc07a4bd01fadbd78,58.86,58.97,0.001868841318382593,0.506914933812496,0.14666666666666667,0,0
89,24,113,7,1,59,0,1,0,1,0,jsoup,java,3ba88d8c2ab500c07f9e2ddbc07a4bd01fadbd78,1e09df66f0302958d547037e7258913b3069f2b6,58.97,59.81,0.01424453111751744,0.4067868333984651,-0.18222222222222223,0,0
21,2,23,3,1,27,0,0,0,0,0,jsoup,java,1e09df66f0302958d547037e7258913b3069f2b6,a025d87deb9cc4cda49ae1b77feb0f29805dd7c5,59.81,59.49,-0.005350275873599737,0.9338864180775845,0.022222222222222223,0,0
166,140,306,5,1,54,1,0,0,0,0,jsoup,java,a025d87deb9cc4cda49ae1b77feb0f29805dd7c5,8c43a813f98dcd5362c33aff2378ef1cb12252b3,59.49,58.96,-0.008909060346276703,0.4553018964198552,0.16444444444444445,0,0
6,4,10,1,1,52,0,1,1,0,0,jsoup,java,8c43a813f98dcd5362c33aff2378ef1cb12252b3,f4c7766f382ae29e56f37ed3b01dfea3e4a3dc3f,58.96,59.29,0.005597014925373105,0.46782177534047653,-0.16,0,0
8,3,11,2,2,23,0,0,0,0,0,jsoup,java,f4c7766f382ae29e56f37ed3b01dfea3e4a3dc3f,06d4ffe96f8b42519b5835a5281621fbb1e64371,59.29,60.79,0.0252993759487266,0.05906998675991153,-0.4088888888888889,0,0
12,1,13,2,1,43,0,0,0,0,0,jsoup,java,06d4ffe96f8b42519b5835a5281621fbb1e64371,124eef7bb9208a465ceb3c47e7346feb92f7535b,60.79,60.68,-0.0018095081427866332,0.8195259356447925,-0.05333333333333334,0,0
2,2,4,1,1,52,0,0,0,0,0,jsoup,java,124eef7bb9208a465ceb3c47e7346feb92f7535b,f51e79822e60653ef1d47e6a28843421b5a677f0,60.68,59.78,-0.014831905075807492,0.24548500120312422,0.25333333333333335,0,0
2,2,4,1,1,62,0,0,0,0,0,jsoup,java,f51e79822e60653ef1d47e6a28843421b5a677f0,658bb5ca24648dd309b9e2fd1690c17c12434b7e,59.78,59.47,-0.005185680829708971,0.46787129814814044,0.16,0,0
18,5,23,2,1,60,0,1,0,0,0,jsoup,java,658bb5ca24648dd309b9e2fd1690c17c12434b7e,0aa50cd30a0497208057581c79ce63df2053f1a4,59.47,59.95,0.008071296451992668,0.24543248360349268,-0.25333333333333335,0,0
9,5,14,3,1,14,0,0,0,0,0,jsoup,java,0aa50cd30a0497208057581c79ce63df2053f1a4,b79afd36e4206cee4cb7d61e6818ecd5c2b9f756,59.95,60.38,0.007172643869891571,1.0,-0.0044444444444444444,0,0
0,0,0,0,1,22,0,0,0,0,0,jsoup,java,b79afd36e4206cee4cb7d61e6818ecd5c2b9f756,3bdad1f1113d27dc74e3e9c631696bb14b61a599,60.38,60.33,-0.0008280887711163342,0.48063346946245133,-0.15555555555555556,0,0
26,4,30,3,1,42,0,0,0,0,0,jsoup,java,3bdad1f1113d27dc74e3e9c631696bb14b61a599,73b52d0d995b8c6091c0e92f8ada03a2753b576a,60.33,59.96,-0.0061329355212994775,0.12486035998214667,0.3333333333333333,0,0
65,5,70,4,1,33,0,0,0,0,0,jsoup,java,73b52d0d995b8c6091c0e92f8ada03a2753b576a,65553582d184e18de10e496b0eaa53fbe206ba17,59.96,59.83,-0.00216811207471652,1.0,0.0044444444444444444,0,0
14,1,15,3,1,29,0,0,0,0,0,jsoup,java,65553582d184e18de10e496b0eaa53fbe206ba17,93b659b41c51739628c85014d4d3bab70d6bc61f,59.83,59.63,-0.003342804613070295,0.6935179289009736,0.08888888888888889,0,0
7,0,7,1,1,20,0,0,1,0,0,jsoup,java,93b659b41c51739628c85014d4d3bab70d6bc61f,f2f3e66014a8e85863e31b8b7f7e8ebdde886f1d,59.63,60.23,0.010062049304041493,0.20579182557266695,-0.27555555555555555,0,0
9,1,10,2,1,43,0,0,0,0,0,jsoup,java,f2f3e66014a8e85863e31b8b7f7e8ebdde886f1d,15302899d5bd9eb5ca46fcfa897c203b3930cb77,60.23,60.27,0.0006641208699984435,0.4067868333984651,0.18222222222222223,0,0
20,9,29,3,1,45,0,0,0,0,0,jsoup,java,15302899d5bd9eb5ca46fcfa897c203b3930cb77,8e7dd7073fb3bced0c49c5e65416436359390197,60.27,59.38,-0.014766882362701187,0.8682259903524354,0.04,0,0
19,1,20,1,1,54,0,0,1,0,0,jsoup,java,8e7dd7073fb3bced0c49c5e65416436359390197,a689425d5aa3b6007038a5098add0034cbb6fb3d,59.38,59.93,0.009262377905018477,0.8034625743147712,-0.057777777777777775,0,0
6,40,46,3,1,48,0,0,0,0,0,jsoup,java,a689425d5aa3b6007038a5098add0034cbb6fb3d,551903982def44154dadd88c4dfae71660e80d4f,59.93,60.74,0.013515768396462577,0.2806278869558114,-0.23555555555555555,0,0
66,9,75,5,1,59,0,1,0,0,0,jsoup,java,551903982def44154dadd88c4dfae71660e80d4f,1dec69d8df78aee955205d8ae8bed0dfe86056f8,60.74,59.48,-0.020744155416529554,0.08898243209574083,0.3688888888888889,0,0
7,70,77,5,1,43,0,0,0,0,0,jsoup,java,1dec69d8df78aee955205d8ae8bed0dfe86056f8,69e10fa70dbf6c7b2e8c707e9654b449544b737c,59.48,60.05,0.009583053127101553,0.8034625743147712,-0.057777777777777775,0,0
2,2,4,1,1,37,1,0,0,0,0,jsoup,java,69e10fa70dbf6c7b2e8c707e9654b449544b737c,6a8fcb2a1eae6f1cc4f7ed91c92fbd2b8b8aa476,60.05,60.25,0.0033305578684430116,0.6481309210336601,-0.10222222222222223,0,0
15,2,17,1,1,54,0,0,0,0,0,jsoup,java,6a8fcb2a1eae6f1cc4f7ed91c92fbd2b8b8aa476,8a22a9d595d26f573d015a5348aeef34e50171d1,60.25,59.86,-0.006473029045643163,0.9338864180775845,0.022222222222222223,0,0
7,4,11,2,1,33,1,0,0,0,0,jsoup,java,8a22a9d595d26f573d015a5348aeef34e50171d1,5886dd28e5f0740680c270cf83ffe8c1cd4ce269,59.86,60.01,0.002505846976277958,0.9834483076656723,-0.008888888888888889,0,0
77,1,78,3,4,148,0,0,0,0,0,jsoup,java,5886dd28e5f0740680c270cf83ffe8c1cd4ce269,f1622e2fc63d3b5df69df2960dde2b4a6011e693,60.01,59.76,-0.004165972337943676,0.3836267986477797,0.19111111111111112,0,0
87,60,147,5,1,29,0,0,0,0,0,jsoup,java,f1622e2fc63d3b5df69df2960dde2b4a6011e693,3f39a5a48504b2a5cc9934b63f3e03420de1abc5,59.76,59.39,-0.006191432396251631,0.37245850431098704,0.19555555555555557,0,0
0,0,0,0,1,20,0,0,0,0,0,jsoup,java,3f39a5a48504b2a5cc9934b63f3e03420de1abc5,7bb01c0fd0ea1e97e66b2b1cccc39e3c57bc883d,59.39,59.28,-0.0018521636639164747,0.3614963660708982,-0.2,0,0
9,1,10,2,2,88,0,0,0,0,0,jsoup,java,7bb01c0fd0ea1e97e66b2b1cccc39e3c57bc883d,97c3cb4d63c5512e2b596fbe0de6f3709418e157,59.28,60.48,0.020242914979757012,0.3195059648919748,-0.21777777777777776,0,0
5,2,7,1,2,96,0,0,0,0,0,jsoup,java,97c3cb4d63c5512e2b596fbe0de6f3709418e157,a8b6982de98ff76ef254031d7152fff57f6bf941,60.48,59.65,-0.013723544973544947,0.11024714671331932,0.3466666666666667,0,0
22,0,22,3,2,92,0,0,0,0,0,jsoup,java,a8b6982de98ff76ef254031d7152fff57f6bf941,941f69bfe96753ef30dbb3bb1bdffb72ee8944e0,59.65,59.5,-0.002514668901927889,0.6783024655972324,-0.09333333333333334,0,0
29,9,38,3,1,78,0,0,0,0,0,jsoup,java,941f69bfe96753ef30dbb3bb1bdffb72ee8944e0,b2e37fca64877104cfdad3f56cdc2c8b98cb6be1,59.5,59.99,0.008235294117647092,0.19131309171296962,-0.28444444444444444,0,0
64,4,68,4,2,93,0,1,0,0,0,jsoup,java,b2e37fca64877104cfdad3f56cdc2c8b98cb6be1,50336e64e05f91b6e42fd7b01e419eb826cc7057,59.99,59.32,-0.011168528088014697,0.1844100692216365,0.28888888888888886,0,0
80,42,122,3,1,28,0,0,0,0,0,jsoup,java,50336e64e05f91b6e42fd7b01e419eb826cc7057,143ede68fe70e043ca8f73cc1fbe83af944fa14a,59.32,60.05,0.012306136210384302,0.14653111378242054,-0.31555555555555553,0,0
3,0,3,1,2,32,0,0,0,0,0,jsoup,java,143ede68fe70e043ca8f73cc1fbe83af944fa14a,06dd896804814dbd9c1fae2eeb1ca587016eba80,60.05,59.66,-0.00649458784346379,0.5068203897297396,0.14666666666666667,0,0
1,7,8,1,1,30,0,0,0,0,0,jsoup,java,06dd896804814dbd9c1fae2eeb1ca587016eba80,07d990fe2aa7f2991d5b74f96ea2de690514338b,59.66,59.98,0.005363727790814621,0.3724053049155098,-0.19555555555555557,0,0
54,68,122,6,1,43,0,0,0,0,0,jsoup,java,07d990fe2aa7f2991d5b74f96ea2de690514338b,cc19d3029ab0db137da0e95cc55c20b131241cf1,59.98,60.61,0.010503501167055729,0.9338864180775845,-0.022222222222222223,0,0
50,9,59,7,1,28,0,0,0,0,0,jsoup,java,cc19d3029ab0db137da0e95cc55c20b131241cf1,c3cbe1b64e7f66ff9f9b53f1388eb135e6693187,60.61,59.88,-0.012044217125886766,1.0,0.0,0,0
16,6,22,4,3,87,0,0,0,0,1,jsoup,java,c3cbe1b64e7f66ff9f9b53f1388eb135e6693187,25e0e1e9ffca9a350d060db7d2179c5c9e459055,59.88,60.13,0.0041750167000668,0.7400217511938185,-0.07555555555555556,0,0
3,1,4,1,1,16,0,0,1,0,0,jsoup,java,25e0e1e9ffca9a350d060db7d2179c5c9e459055,8de737bf9e3d313b3ff75f1cc893e716f49f4de0,60.13,60.69,0.009313154831198989,0.6935179289009736,-0.08888888888888889,0,0
195,48,243,14,3,73,0,0,0,0,0,jsoup,java,8de737bf9e3d313b3ff75f1cc893e716f49f4de0,c850608f18d6cf71d96713abed84def85f5bb8fe,60.69,59.69,-0.01647717910693689,0.22105065342981212,0.26666666666666666,0,0
0,0,0,0,1,37,0,0,0,0,0,jsoup,java,c850608f18d6cf71d96713abed84def85f5bb8fe,ce7ceeec5bd729f7f300fce126bb856f7630593b,59.69,59.13,-0.009381805997654468,0.3195059648919748,0.21777777777777776,0,0
4,3,7,1,1,15,0,0,0,0,0,jsoup,java,ce7ceeec5bd729f7f300fce126bb856f7630593b,6a340521555c392b8f390fd197094e03328d8db0,59.13,60.3,0.01978691019786901,0.014385980397814321,-0.5288888888888889,0,0
141,26,167,6,1,52,0,0,0,0,0,jsoup,java,6a340521555c392b8f390fd197094e03328d8db0,d3b8326ef5d739d8df1de21f4a58bbeb04a2a88a,60.3,60.52,0.003648424543947031,0.9669110984447616,-0.013333333333333334,0,0
22,8,30,4,1,27,0,0,0,0,0,jsoup,java,d3b8326ef5d739d8df1de21f4a58bbeb04a2a88a,1406292ba194201a0314c1e7f0161f66ffea7335,60.52,60.87,0.005783212161268907,0.8194469500307617,-0.05333333333333334,0,0
2,2,4,1,1,51,0,0,0,0,0,jsoup,java,1406292ba194201a0314c1e7f0161f66ffea7335,d2d06134df6883e8cad29e23beec5db9f6cee4b7,60.87,59.75,-0.0183998685723673,0.032630875727034075,0.4622222222222222,0,0
2,2,4,1,1,62,0,0,0,0,0,jsoup,java,d2d06134df6883e8cad29e23beec5db9f6cee4b7,084c510945598fda3659035cce69649aabe85759,59.75,61.06,0.021924686192468658,0.014385980397814321,-0.5288888888888889,0,0
1,1,2,1,1,59,0,0,0,0,0,jsoup,java,084c510945598fda3659035cce69649aabe85759,47f00ba674ce14c0fcd7203b4dd322074e039fb5,61.06,59.44,-0.026531280707500892,0.01011344167182245,0.5555555555555556,0,0
1,11,12,2,1,16,0,1,0,0,0,jsoup,java,47f00ba674ce14c0fcd7203b4dd322074e039fb5,1c18964e801b78c47605651c013ccbec8b87e924,59.44,60.44,0.016823687752355317,0.3296381262105611,-0.21333333333333335,0,0
2,2,4,1,1,51,0,0,0,0,0,jsoup,java,1c18964e801b78c47605651c013ccbec8b87e924,2a2e8421c2aca89a21c786aa85af215dcbde02d7,60.44,60.06,-0.006287227001985365,0.9669147771731937,0.013333333333333334,0,0
9,9,18,3,2,35,0,0,0,0,0,jsoup,java,2a2e8421c2aca89a21c786aa85af215dcbde02d7,6ee95c90cb737438b486cae6a199b326b20848d1,60.06,59.49,-0.009490509490509495,0.24548500120312422,0.25333333333333335,0,0
13,1,14,2,1,50,0,0,0,0,0,jsoup,java,6ee95c90cb737438b486cae6a199b326b20848d1,f5ddda0a3ed0c0a8adf4e74dcb230bb609a2717f,59.49,60.78,0.021684316691880975,0.08891133956993066,-0.3688888888888889,0,0
49,61,110,2,2,38,0,0,0,0,0,jsoup,java,f5ddda0a3ed0c0a8adf4e74dcb230bb609a2717f,99286c8986c92ef12861710c0cbf5cd51b8c93f0,60.78,59.81,-0.01595919710431061,0.22897717637243786,0.26222222222222225,0,0
10,19,29,5,1,17,0,0,0,1,0,jsoup,java,99286c8986c92ef12861710c0cbf5cd51b8c93f0,31be24fb9312af091f7e751b6011b1ed5bb03795,59.81,60.78,0.01621802374184917,0.7089232340537643,-0.08444444444444445,0,0
1,1,2,1,1,21,0,0,0,0,0,jsoup,java,31be24fb9312af091f7e751b6011b1ed5bb03795,4c4192d33ff0ee27b9f293658c5a93fbd54e92ac,60.78,60.15,-0.010365251727541996,0.6631500726976157,0.09777777777777778,0,0
13,2,15,3,1,36,0,1,0,0,0,jsoup,java,4c4192d33ff0ee27b9f293658c5a93fbd54e92ac,49db84f8f2beb846fb8271fa20a28271afe37d90,60.15,59.98,-0.0028262676641729297,1.0,-0.0044444444444444444,0,0
1,1,2,1,1,9,0,1,1,0,0,jsoup,java,49db84f8f2beb846fb8271fa20a28271afe37d90,2bca40cf59bfda485f2fbf43b8bd66509a8f98ab,59.98,59.55,-0.007169056352117368,0.3400858902842717,0.2088888888888889,0,0
127,81,208,8,1,31,0,0,0,0,0,jsoup,java,2bca40cf59bfda485f2fbf43b8bd66509a8f98ab,4eb4f2b2e88a2f9e6c5c1e8d0477060954f24218,59.55,59.93,0.006381192275398868,0.6783024655972324,-0.09333333333333334,0,0
16,0,16,2,1,16,0,0,1,0,0,jsoup,java,4eb4f2b2e88a2f9e6c5c1e8d0477060954f24218,c090381c55b6d275eebe60053d36f198ffe793ca,59.93,59.69,-0.004004672117470415,0.8195061989586025,0.05333333333333334,0,0
17,1,18,3,1,45,0,0,0,0,0,jsoup,java,c090381c55b6d275eebe60053d36f198ffe793ca,a229d7354da5210a728ce5d43158d5cd780772db,59.69,59.56,-0.002177919249455444,0.9009605329267507,-0.03111111111111111,0,0
3,1,4,2,1,19,0,0,0,0,0,jsoup,java,a229d7354da5210a728ce5d43158d5cd780772db,d374092e9903cf912fc4ad71b77fd947a6784b20,59.56,59.71,0.0025184687709872157,0.9669074184889492,0.013333333333333334,0,0
7,7,14,2,2,80,0,0,0,0,0,jsoup,java,d374092e9903cf912fc4ad71b77fd947a6784b20,5dc4c487d42705f60ff6e5b95d03c71a3326d6cd,59.71,60.69,0.016412661195779547,0.21337370709311831,-0.27111111111111114,0,0
2,2,4,1,1,62,0,0,0,0,0,jsoup,java,5dc4c487d42705f60ff6e5b95d03c71a3326d6cd,9655d8959c6df403c3900a4950adc1358b89b774,60.69,60.0,-0.01136925358378642,0.17106923105635186,0.29777777777777775,0,0
30,30,60,7,1,35,0,0,0,0,0,jsoup,java,9655d8959c6df403c3900a4950adc1358b89b774,f6a1ef346c74ca3305ef5f198ac953a4fc208813,60.0,59.65,-0.005833333333333357,0.9009714934164412,0.03111111111111111,0,0
1,1,2,1,1,19,0,0,0,0,1,jsoup,java,f6a1ef346c74ca3305ef5f198ac953a4fc208813,ec75e400f6ec713a20c709eef9db46d78b24ab1b,59.65,59.04,-0.010226320201173502,0.3614429517167129,0.2,0,0
60,8,68,7,1,56,0,0,0,0,0,jsoup,java,ec75e400f6ec713a20c709eef9db46d78b24ab1b,5d00201aec621e81a37447e32baf1a82040ee8e4,59.04,60.59,0.026253387533875412,0.11976191589571145,-0.3377777777777778,0,0
35,59,94,9,1,28,0,0,0,0,0,jsoup,java,5d00201aec621e81a37447e32baf1a82040ee8e4,0b8debbcedd32187c48feeda69e3c3d28357cb71,60.59,60.34,-0.00412609341475491,0.6935179289009736,-0.08888888888888889,0,0
411,178,589,29,1,66,0,0,0,0,0,jsoup,java,0b8debbcedd32187c48feeda69e3c3d28357cb71,6569bb7a3671cb7241c6fcb6e0f1eef7a39f7a1d,60.34,60.69,0.005800464037122875,0.9009714934164412,-0.03111111111111111,0,0
208,417,625,28,2,108,0,0,0,0,0,jsoup,java,6569bb7a3671cb7241c6fcb6e0f1eef7a39f7a1d,1eecd1ad42097adba8f43ab1928e76b6027d3ad1,60.69,60.31,-0.006261328060635944,0.48063346946245133,0.15555555555555556,0,0
5,1,6,2,3,83,0,0,0,0,1,jsoup,java,1eecd1ad42097adba8f43ab1928e76b6027d3ad1,bc1b0ef28c8d9a2b33df41000dbe7f3753233e2b,60.31,59.89,-0.006964019233957912,0.9009714934164412,0.03111111111111111,0,0
28,0,28,3,2,72,0,0,0,0,0,jsoup,java,bc1b0ef28c8d9a2b33df41000dbe7f3753233e2b,4029b29631731c9bd613fbbaf3efd399192f43bf,59.89,59.96,0.001168809484054104,0.7400217511938185,0.07555555555555556,0,0
25,1,26,3,2,76,0,0,0,0,0,jsoup,java,4029b29631731c9bd613fbbaf3efd399192f43bf,f148f88de365c50eea28d3e14093e13c33104483,59.96,59.71,-0.004169446297531688,0.9174021048159461,-0.02666666666666667,0,0
15,0,15,1,1,29,0,0,1,0,0,jsoup,java,f148f88de365c50eea28d3e14093e13c33104483,70f916f03dcf63ba5bbc3d70770c6adebc18d36d,59.71,60.09,0.006364093116730908,0.506914933812496,-0.14666666666666667,0,0
411,151,562,26,2,95,0,0,0,0,0,jsoup,java,70f916f03dcf63ba5bbc3d70770c6adebc18d36d,e38b916ba1ebd3f5c00a6b6b8e77a4cdfea2800f,60.09,60.38,0.004826094192045251,0.6332881146002245,-0.10666666666666667,0,0
24,3,27,3,1,53,0,0,0,0,0,jsoup,java,e38b916ba1ebd3f5c00a6b6b8e77a4cdfea2800f,ec48e0cc39d86f95f7b9184aeb1891d721109e55,60.38,59.98,-0.006624710168930203,0.4066824248843106,0.18222222222222223,0,0
54,5,59,4,1,24,0,0,0,0,0,jsoup,java,ec48e0cc39d86f95f7b9184aeb1891d721109e55,00c8d2b7623259246c4eb5df63494c6b42c08f85,59.98,59.77,-0.0035011670556851244,1.0,0.0044444444444444444,0,0
2604,2237,4841,13,1,29,0,0,0,0,0,jsoup,java,00c8d2b7623259246c4eb5df63494c6b42c08f85,aa81e10c34f48a3c4ac7160aa90ee18af4f5c0c2,59.77,60.66,0.014890413250794604,0.4806822967560067,-0.15555555555555556,0,0
14,0,14,3,1,38,0,1,0,0,0,jsoup,java,aa81e10c34f48a3c4ac7160aa90ee18af4f5c0c2,f0f0e41e6c581de43dfaa98f5c2af52e43e42e62,60.66,61.25,0.009726343554236787,0.06194060062705199,-0.40444444444444444,0,0
11,1,12,1,1,48,0,0,0,0,0,jsoup,java,f0f0e41e6c581de43dfaa98f5c2af52e43e42e62,222feb1791388d1e94e2c99bb5858cf160904d16,61.25,61.42,0.0027755102040816606,0.6482039260122094,-0.10222222222222223,0,0
4,3,7,2,1,41,0,0,0,0,0,jsoup,java,222feb1791388d1e94e2c99bb5858cf160904d16,3b2440a257df45fc49884a5c67bb0c9ce631781d,61.42,59.58,-0.029957668511885433,0.011391839029577161,0.5466666666666666,0,0
95,6,101,2,1,333,1,1,1,0,0,jsoup,java,3b2440a257df45fc49884a5c67bb0c9ce631781d,d3c582598890d1e5e31e4f26e8452ad2dbf40b47,59.58,60.95,0.02299429338704271,0.046462337840437296,-0.4311111111111111,0,0
33,96,129,3,1,212,1,0,0,0,0,jsoup,java,d3c582598890d1e5e31e4f26e8452ad2dbf40b47,f41efcd0277bd426f1c409f2fe23080926050abf,60.95,60.36,-0.009680065627563633,0.5474631812634612,0.13333333333333333,0,0
44,0,44,1,1,64,0,0,0,0,0,jsoup,java,f41efcd0277bd426f1c409f2fe23080926050abf,b19d66e92d38de4f81428b5e26532ac3902f0acc,60.36,60.19,-0.002816434724983461,0.7399938739946226,-0.07555555555555556,0,0
96,77,173,4,2,371,1,1,1,0,0,jsoup,java,b19d66e92d38de4f81428b5e26532ac3902f0acc,6e295d4428e4f04baf65c704f00f3142b46f34ff,60.19,60.93,0.012294401063299584,0.9338864180775845,0.022222222222222223,0,0
23,32,55,2,1,51,0,0,0,0,0,jsoup,java,6e295d4428e4f04baf65c704f00f3142b46f34ff,4f5a56459a98e21780d813919da66de9eee91b74,60.93,61.26,0.005416051206302286,0.442775365379404,-0.1688888888888889,0,0
38,2,40,3,1,43,0,0,0,0,0,jsoup,java,4f5a56459a98e21780d813919da66de9eee91b74,84ffc4b73ca48ebe2423eac7a5f7b0aaa6c93aad,61.26,61.11,-0.0024485798237022295,0.41846201995286225,0.17777777777777778,0,0
71,1,72,2,3,353,1,0,0,0,0,jsoup,java,84ffc4b73ca48ebe2423eac7a5f7b0aaa6c93aad,01779db81c28933f4bffbfb2d530937a96a23b84,61.11,60.27,-0.013745704467353891,0.24537995635673648,0.25333333333333335,0,0
10,27,37,3,1,29,0,0,0,0,0,jsoup,java,01779db81c28933f4bffbfb2d530937a96a23b84,a79d5e287a40634f0e41ee8371a742f57245d4bd,60.27,61.39,0.01858304297328683,0.014375111660888812,-0.5288888888888889,0,0
11,11,22,1,1,42,0,0,0,0,0,jsoup,java,a79d5e287a40634f0e41ee8371a742f57245d4bd,5f21bf317a983af1b363d90516d7321ca466e606,61.39,59.85,-0.025085518814139098,0.030997913917810958,0.4666666666666667,0,0
20,13,33,2,1,50,0,0,0,0,0,jsoup,java,5f21bf317a983af1b363d90516d7321ca466e606,a1f8d852e06fb20f139d04914e2364bb55aee863,59.85,61.1,0.020885547201336674,0.2997046058214359,-0.22666666666666666,0,0
0,0,0,0,1,50,0,0,0,0,0,jsoup,java,a1f8d852e06fb20f139d04914e2364bb55aee863,64c36a2923a16e892fb29dc32654537ee0420dca,61.1,60.87,-0.0037643207855974463,0.5067257917759409,-0.14666666666666667,0,0
11,11,22,1,2,82,0,0,0,0,0,jsoup,java,64c36a2923a16e892fb29dc32654537ee0420dca,5de91b56b6663659d8341c6e384fe91f6b98505b,60.87,60.43,-0.007228519796287133,0.2901428023540349,0.2311111111111111,0,0
2,2,4,1,1,52,0,0,0,0,0,jsoup,java,5de91b56b6663659d8341c6e384fe91f6b98505b,7f8010df0ca535e9edf02985f480fded267df47b,60.43,61.56,0.01869932152904191,0.44282612113873143,-0.1688888888888889,0,0
2,2,4,1,1,62,0,0,0,0,0,jsoup,java,7f8010df0ca535e9edf02985f480fded267df47b,8e01dfda30004fdf01d253ff947c29e6d7bf5d9e,61.56,60.96,-0.009746588693957137,0.9834519906119015,-0.008888888888888889,0,0
1,1,2,1,1,60,0,0,0,0,0,jsoup,java,8e01dfda30004fdf01d253ff947c29e6d7bf5d9e,7a04d72cc7600849ec98469a594a81fc89910be9,60.96,61.65,0.011318897637795238,0.5474631812634612,-0.13333333333333333,0,0
1,1,2,1,2,79,0,0,0,0,0,jsoup,java,7a04d72cc7600849ec98469a594a81fc89910be9,e2ffcfc5b2b5a319d706cf4aa0a6727f35511ba4,61.65,60.97,-0.011030008110300077,0.8682114641097,0.04,0,0
97,46,143,4,1,65,0,0,0,0,0,jsoup,java,e2ffcfc5b2b5a319d706cf4aa0a6727f35511ba4,6dc38f26dd31f1a367961f27c56b143cd0462e5a,60.97,61.04,0.0011481056257175706,0.7089232340537643,0.08444444444444445,0,0
2,2,4,1,1,24,0,0,0,0,0,jsoup,java,6dc38f26dd31f1a367961f27c56b143cd0462e5a,fa929d4f4b1576f3f2c4020892b74bc3518575e7,61.04,60.82,-0.0036041939711664297,0.9338864180775845,0.022222222222222223,0,0
73,5,78,7,1,49,0,0,0,0,0,jsoup,java,fa929d4f4b1576f3f2c4020892b74bc3518575e7,c28e5bf53a9ce9e32ab84ce2e6eba87ec747d1a0,60.82,61.0,0.0029595527786912155,0.9834519906119015,-0.008888888888888889,0,0
50,13,63,4,1,48,0,0,0,0,0,jsoup,java,c28e5bf53a9ce9e32ab84ce2e6eba87ec747d1a0,2c58e975ab00eb369ee3dfbba07a4a78a1ef9e19,61.0,61.27,0.004426229508196772,0.2807349707913388,-0.23555555555555555,0,0
46,3,49,5,1,25,0,0,0,0,0,jsoup,java,2c58e975ab00eb369ee3dfbba07a4a78a1ef9e19,4f707008353e272c12a7a6543d6ecfc666a7cc64,61.27,61.27,0.0,0.6040860725185493,0.11555555555555555,0,0
5,0,5,1,1,13,0,0,0,0,0,jsoup,java,4f707008353e272c12a7a6543d6ecfc666a7cc64,c43e4875338e95bd88fe9fe0ddcc5ba2f4e9c418,61.27,61.2,-0.0011424840868287953,1.0,0.0044444444444444444,0,0
133,0,133,3,1,26,0,0,0,0,0,jsoup,java,c43e4875338e95bd88fe9fe0ddcc5ba2f4e9c418,fcd8807033d27e7591291cd5143d912dd94e09c3,61.2,61.54,0.005555555555555495,0.6482039260122094,-0.10222222222222223,0,0
10,7,17,1,1,31,0,0,0,0,0,jsoup,java,fcd8807033d27e7591291cd5143d912dd94e09c3,97a270ce61059c876e9ff69261c08c64664bfe13,61.54,61.19,-0.005687357816054622,0.7399938739946226,-0.07555555555555556,0,0
33,11,44,4,1,12,0,0,0,0,0,jsoup,java,97a270ce61059c876e9ff69261c08c64664bfe13,f78df946f00cdc9ed2159716b50a785b12b57aca,61.19,60.72,-0.0076809936264095255,0.3194521288966182,0.21777777777777776,0,0
14,0,14,2,1,28,0,0,0,0,0,jsoup,java,f78df946f00cdc9ed2159716b50a785b12b57aca,38d04b7dfc11c37e29548d8b046b9b209dfd1fd3,60.72,61.17,0.007411067193675936,0.8034625743147712,0.057777777777777775,0,0
122,5,127,3,1,42,0,0,0,0,0,jsoup,java,38d04b7dfc11c37e29548d8b046b9b209dfd1fd3,2cad0592106c30b04fe328b3989af619dcb6a49c,61.17,61.51,0.005558280202713688,0.08901797772326324,-0.3688888888888889,0,0
10,0,10,1,1,14,0,0,1,0,0,jsoup,java,2cad0592106c30b04fe328b3989af619dcb6a49c,47f5fd02266460630239483cd164ab8f4bb85f28,61.51,60.57,-0.015282067956429812,0.1646291514875744,0.3022222222222222,0,0
6,1,7,1,1,43,0,0,0,0,0,jsoup,java,47f5fd02266460630239483cd164ab8f4bb85f28,cd45173d0787948003ffc41bba0ffbd34c915900,60.57,60.74,0.002806669968631364,0.506914933812496,-0.14666666666666667,0,0
33,7,40,3,1,66,0,0,1,0,0,jsoup,java,cd45173d0787948003ffc41bba0ffbd34c915900,032c97320f4ca7256a60e7319b6354c62971702c,60.74,61.1,0.005926901547579839,0.7715511878155722,-0.06666666666666667,0,0
23,6,29,4,1,39,0,0,0,0,0,jsoup,java,032c97320f4ca7256a60e7319b6354c62971702c,2a9f635f6448f101916e3b723af567149a94ab0b,61.1,61.6,0.008183306055646482,0.46782177534047653,-0.16,0,0
65,4,69,6,1,31,0,0,0,0,0,jsoup,java,2a9f635f6448f101916e3b723af567149a94ab0b,1038abfd34a21905e176e6d28f6377c90fce27d7,61.6,60.89,-0.01152597402597404,0.3194521288966182,0.21777777777777776,0,0
4,4,8,1,1,29,0,0,1,0,0,jsoup,java,1038abfd34a21905e176e6d28f6377c90fce27d7,622caa2ac9742eb8985c35430b58efc352e9a05d,60.89,60.75,-0.0022992281162752598,0.589614392710111,0.12,0,0
9,0,9,1,1,14,0,0,1,0,0,jsoup,java,622caa2ac9742eb8985c35430b58efc352e9a05d,0b75415dd58f16c2f0fce92cf39e5429ef0ae9f3,60.75,59.87,-0.014485596707818972,0.2807884962973256,0.23555555555555555,0,0
12,12,24,6,1,18,0,0,0,0,0,jsoup,java,0b75415dd58f16c2f0fce92cf39e5429ef0ae9f3,188c3be9051e7b2a8012ea1f08ad2b46005f58d5,59.87,60.51,0.01068982796058127,0.5202360544447003,-0.14222222222222222,0,0
1,1,2,1,1,21,0,0,0,0,0,jsoup,java,188c3be9051e7b2a8012ea1f08ad2b46005f58d5,69073d98de01dbfc5560068b4d2cd705c5933a4b,60.51,61.03,0.00859362088910929,0.2807884962973256,-0.23555555555555555,0,0
70,56,126,3,1,70,0,0,0,0,0,jsoup,java,69073d98de01dbfc5560068b4d2cd705c5933a4b,b919f01e4719631f2621c523d78777ba237be7dd,61.03,61.36,0.005407176798295892,0.8356870092411566,0.04888888888888889,0,0
102,26,128,7,1,35,0,0,0,0,0,jsoup,java,b919f01e4719631f2621c523d78777ba237be7dd,f44d6e64ac97d4a5c119e3e22f22f4d87c94b7e1,61.36,61.98,0.010104302477183792,0.05639236422683157,-0.41333333333333333,0,0
8,1,9,2,1,23,0,0,0,0,0,jsoup,java,f44d6e64ac97d4a5c119e3e22f22f4d87c94b7e1,79b1aa4b580534ef6ef7057d5b3b4a8250b8c5e5,61.98,61.11,-0.01403678606001932,0.004484837665794542,0.6133333333333333,0,0
15,15,30,3,3,90,0,0,0,0,0,jsoup,java,79b1aa4b580534ef6ef7057d5b3b4a8250b8c5e5,d1ade46486a125742a05fa8e245ed5d0f3d572ad,61.11,61.12,0.0001636393388970383,0.5337839128515283,-0.13777777777777778,0,0
2,2,4,1,1,62,0,0,0,0,0,jsoup,java,d1ade46486a125742a05fa8e245ed5d0f3d572ad,7f6b23ffe1ad37865755f927c3f1f5dc5b943c2d,61.12,60.97,-0.0024541884816753697,0.6481674291919923,0.10222222222222223,0,0
29,0,29,1,1,52,0,0,0,0,0,jsoup,java,7f6b23ffe1ad37865755f927c3f1f5dc5b943c2d,d8eb9bd63c861132e5307a65e8f2f234fab2416b,60.97,60.9,-0.0011481056257175706,0.5337839128515283,0.13777777777777778,0,0
31,10,41,5,1,75,0,0,0,0,0,jsoup,java,d8eb9bd63c861132e5307a65e8f2f234fab2416b,a623db776696c0e03f68e849147f6a0c57063c02,60.9,61.2,0.004926108374384307,0.6631500726976157,-0.09777777777777778,0,0
4,9,13,1,1,21,0,0,0,1,0,jsoup,java,a623db776696c0e03f68e849147f6a0c57063c02,c221cc8ab03fe7a88982cdddb9e66cff546d29df,61.2,60.85,-0.005718954248366036,0.6186305224456992,-0.1111111111111111,0,0
37,19,56,7,1,36,0,0,0,0,0,jsoup,java,c221cc8ab03fe7a88982cdddb9e66cff546d29df,8fecf72da0c9d1d6da7ec1aab0214ff68588da88,60.85,60.68,-0.0027937551355793214,0.5896972055949141,0.12,0,0
6,2,8,2,1,15,0,0,0,0,0,jsoup,java,8fecf72da0c9d1d6da7ec1aab0214ff68588da88,040ce712b73fcb3ff16b7d8dda1246ccd23a6988,60.68,61.26,0.009558338826631482,0.6782348873601296,-0.09333333333333334,0,0
127,19,146,5,2,62,0,0,0,0,0,jsoup,java,040ce712b73fcb3ff16b7d8dda1246ccd23a6988,16b2ab8e25e6bea39ae04f9d310331e411fb2e65,61.26,60.38,-0.014365001632386475,0.35063394347705956,0.20444444444444446,0,0
0,3,3,1,1,24,0,0,0,0,0,jsoup,java,16b2ab8e25e6bea39ae04f9d310331e411fb2e65,b6dda00bc19f6d3bc4009a6b9a4a932de9640bd4,60.38,61.09,0.011758860549850958,0.7715264784488729,-0.06666666666666667,0,0
35,1,36,5,1,47,0,0,0,0,0,jsoup,java,b6dda00bc19f6d3bc4009a6b9a4a932de9640bd4,83f01fd864e59fa69c894da06f4a15489222d401,61.09,60.9,-0.003110165329841297,0.7088923275427439,-0.08444444444444445,0,0
21,1,22,3,1,48,0,1,0,0,0,jsoup,java,83f01fd864e59fa69c894da06f4a15489222d401,56a728d482ce0c88cd9513eca1e7c7585f0718f9,60.9,61.33,0.007060755336617401,0.7400217511938185,-0.07555555555555556,0,0
1,1,2,1,1,16,0,0,0,0,0,jsoup,java,56a728d482ce0c88cd9513eca1e7c7585f0718f9,f28c024ba127fd701f0d195a359afbabff04d7a1,61.33,61.91,0.009457035708462389,0.3400858902842717,-0.2088888888888889,0,0
9,1,10,2,1,47,0,1,0,0,0,jsoup,java,f28c024ba127fd701f0d195a359afbabff04d7a1,57855251cf0d6ea42ac57efe361531d34720d151,61.91,60.96,-0.015344855435309251,0.26275304114766074,0.24444444444444444,0,0
153,51,204,8,1,55,0,0,0,0,0,jsoup,java,57855251cf0d6ea42ac57efe361531d34720d151,7462c0d9be34f6546520cf567dd5ea402c9cf329,60.96,61.87,0.014927821522309655,0.22105065342981212,-0.26666666666666666,0,0
57,28,85,9,1,56,0,0,0,0,0,jsoup,java,7462c0d9be34f6546520cf567dd5ea402c9cf329,8121d8cfd151ae981f1ce6e21203f2b8c24fcf31,61.87,61.46,-0.006626798125100963,0.8519177555606353,-0.044444444444444446,0,0
82,209,291,16,1,71,0,0,1,0,0,jsoup,java,8121d8cfd151ae981f1ce6e21203f2b8c24fcf31,6dcbf7104240e6de0898f6d97e91ee8ebb68f0a2,61.46,61.61,0.0024406117800195018,0.3193982808676096,0.21777777777777776,0,0
19,2,21,2,1,52,0,0,0,0,0,jsoup,java,6dcbf7104240e6de0898f6d97e91ee8ebb68f0a2,a5266b14a2b7457e076d5f6429c2197baf5412e4,61.61,60.67,-0.015257263431261122,0.9338643952668264,0.022222222222222223,0,0
3,31,34,3,1,56,0,1,0,0,0,jsoup,java,a5266b14a2b7457e076d5f6429c2197baf5412e4,0db39c27585d52fc19084a8090face5249e2bb4c,60.67,60.69,0.00032965221691109314,0.9338790795853346,0.022222222222222223,0,0
202,20,222,6,1,78,0,0,0,0,0,jsoup,java,0db39c27585d52fc19084a8090face5249e2bb4c,38049ce2808cafce3884c25c4613aaaff9f2d0d8,60.69,61.51,0.013511286867688257,0.24548500120312422,-0.25333333333333335,0,0
1,0,1,1,2,103,0,1,0,0,0,jsoup,java,38049ce2808cafce3884c25c4613aaaff9f2d0d8,33deba9579c70e080db29d1efe31297451edf98c,61.51,61.35,-0.002601203056413536,0.18436124604380766,0.28888888888888886,0,0
12,0,12,2,2,54,0,0,0,0,0,jsoup,java,33deba9579c70e080db29d1efe31297451edf98c,172dc2fd969b90135becca584919ca088fe367f2,61.35,61.42,0.0011409942950285294,0.5068676685018398,-0.14666666666666667,0,0
4,1,5,1,1,32,0,0,0,0,0,jsoup,java,172dc2fd969b90135becca584919ca088fe367f2,bae55f9e99afed86b0d30caff999fd40c4268d48,61.42,61.47,0.0008140670791272738,0.9174021048159461,0.02666666666666667,0,0
31,2,33,2,3,207,0,0,1,0,0,jsoup,java,bae55f9e99afed86b0d30caff999fd40c4268d48,91afa82cfd285b88999669aa55a725f7c75cc40a,61.47,62.02,0.008947454042622488,0.12486035998214667,-0.3333333333333333,0,0
3,32,35,3,1,11,0,0,0,0,0,jsoup,java,91afa82cfd285b88999669aa55a725f7c75cc40a,07ce1cf7e37591038ed4e1a9ca966ba69350b5d0,62.02,61.14,-0.01418897129958082,0.1057004006860225,0.3511111111111111,0,0
31,2,33,2,4,261,0,0,1,0,0,jsoup,java,07ce1cf7e37591038ed4e1a9ca966ba69350b5d0,f229eb960a807dd08c969d861545550456a638e1,61.14,61.72,0.009486424599280311,0.5067730974898798,-0.14666666666666667,0,0
32,0,32,3,1,37,0,0,0,0,0,jsoup,java,f229eb960a807dd08c969d861545550456a638e1,824e82fff399c86cc3b7905ee6a952a848b2e69d,61.72,60.92,-0.01296176279974072,0.6482039260122094,0.10222222222222223,0,0
35,0,35,1,1,84,0,0,1,0,0,jsoup,java,824e82fff399c86cc3b7905ee6a952a848b2e69d,2f6eabc9f0999421acf032c79f3106215c013580,60.92,60.32,-0.009848982271831935,0.21337370709311831,0.27111111111111114,0,0
13,1,14,3,1,68,0,0,0,0,0,jsoup,java,2f6eabc9f0999421acf032c79f3106215c013580,b934c5d3e30917de86796c89fcb7cd000f642a80,60.32,61.14,0.013594164456233427,0.27158778439600273,-0.24,0,0
4,0,4,2,1,61,0,0,0,0,0,jsoup,java,b934c5d3e30917de86796c89fcb7cd000f642a80,1fd04fdb7be9ac08369394ef85537ad0ccaa2064,61.14,60.5,-0.010467778868171419,0.1984559214557191,0.28,0,0
9,1,10,2,2,105,0,1,0,0,0,jsoup,java,1fd04fdb7be9ac08369394ef85537ad0ccaa2064,45a9de55c2c2a99b3ebf9410bdcec2edd97518d2,60.5,61.18,0.011239669421487599,0.27158778439600273,-0.24,0,0
209,70,279,15,3,170,0,0,0,0,0,jsoup,java,45a9de55c2c2a99b3ebf9410bdcec2edd97518d2,7ba0ee75547878ddccc5ab50777b67c712aa73e4,61.18,61.74,0.00915331807780324,0.9009605329267507,-0.03111111111111111,0,0
6,3,9,2,2,71,0,0,0,0,0,jsoup,java,7ba0ee75547878ddccc5ab50777b67c712aa73e4,42f17bac873279c4aba648d841258c6df8518302,61.74,61.71,-0.0004859086491739737,0.8195259356447925,0.05333333333333334,0,0
9,11,20,2,1,42,0,0,0,0,0,jsoup,java,42f17bac873279c4aba648d841258c6df8518302,3c81151c7b4dd4739b11f0b6aa5eff81c07fd684,61.71,61.24,-0.007616269648355192,0.9669110984447616,0.013333333333333334,0,0
2,2,4,1,1,52,0,0,0,0,0,jsoup,java,3c81151c7b4dd4739b11f0b6aa5eff81c07fd684,2a5f524d57545becc11c92a6a50b80283d22e594,61.24,61.17,-0.0011430437622469022,0.7088923275427439,-0.08444444444444445,0,0
2,2,4,1,1,62,0,0,0,0,0,jsoup,java,2a5f524d57545becc11c92a6a50b80283d22e594,5e5c1dca1caba3473c34c0e2e5e9cf4d7b0d9ca1,61.17,60.9,-0.0044139283962727335,0.4553018964198552,0.16444444444444445,0,0
6,1,7,2,1,42,1,0,0,0,0,jsoup,java,5e5c1dca1caba3473c34c0e2e5e9cf4d7b0d9ca1,bbe9c9747def8b62c5342a93ed6e47a872b191b9,60.9,61.41,0.00837438423645317,0.5338294217441396,-0.13777777777777778,0,0
2,2,4,2,4,181,0,0,0,0,0,jsoup,java,bbe9c9747def8b62c5342a93ed6e47a872b191b9,3c44a7329ffe8208f6ab2e1a4df51e4fc1de1e8f,61.41,60.61,-0.013027194268034477,0.2997583700887151,0.22666666666666666,0,0
7,3,10,1,1,20,0,0,0,0,0,jsoup,java,3c44a7329ffe8208f6ab2e1a4df51e4fc1de1e8f,42c0a0ecf47607d3407f7b5db966160bf98cd30f,60.61,61.55,0.015508991915525454,0.3613895244820625,-0.2,0,0
59,12,71,6,1,58,0,0,0,0,0,jsoup,java,42c0a0ecf47607d3407f7b5db966160bf98cd30f,1203bd459fe137e78a2a6dc2969f3c4995b726ce,61.55,61.19,-0.005848903330625499,0.46787129814814044,0.16,0,0
110,180,290,21,1,30,0,0,0,0,0,jsoup,java,1203bd459fe137e78a2a6dc2969f3c4995b726ce,e2ff399dfdb1d4cf4ebb639d1fc2689aa2f6f3eb,61.19,60.93,-0.004249060303971205,0.9174021048159461,-0.02666666666666667,0,0
2,0,2,1,1,48,0,0,0,0,0,jsoup,java,e2ff399dfdb1d4cf4ebb639d1fc2689aa2f6f3eb,5840fcd4a19497eff124691aef9b3bcf43ec2f55,60.93,61.38,0.007385524372230475,0.4553018964198552,-0.16444444444444445,0,0
4,6,10,4,1,18,0,0,0,0,0,jsoup,java,5840fcd4a19497eff124691aef9b3bcf43ec2f55,ad4a1bee132ee7d1167ac795407345f2bc6a1db8,61.38,61.54,0.0026067122841315835,0.950373401699779,0.017777777777777778,0,0
561,291,852,19,1,30,0,0,0,0,0,jsoup,java,ad4a1bee132ee7d1167ac795407345f2bc6a1db8,654bc6f981587bd4b39b66702550bad33e1eacc9,61.54,61.81,0.00438739031524217,0.33997843436292496,-0.2088888888888889,0,0
46,6,52,3,1,41,0,0,0,0,0,jsoup,java,654bc6f981587bd4b39b66702550bad33e1eacc9,416ad294fb97f594c05dda7da53733cea59ab0ce,61.81,61.46,-0.005662514156285414,0.3614963660708982,0.2,0,0
36,23,59,6,2,54,0,0,0,0,0,jsoup,java,416ad294fb97f594c05dda7da53733cea59ab0ce,35bceca331e07938a9c4cd62d68e08740cd39575,61.46,61.48,0.00032541490400253857,0.9669147771731937,-0.013333333333333334,0,0
21,2,23,2,2,54,0,0,1,0,0,jsoup,java,35bceca331e07938a9c4cd62d68e08740cd39575,c4f6a622ef63687c23a21e795d7a3e32de222d2f,61.48,61.47,-0.00016265452179567357,0.5338294217441396,-0.13777777777777778,0,0
24,2,26,3,1,42,0,0,0,0,0,jsoup,java,c4f6a622ef63687c23a21e795d7a3e32de222d2f,195566fa6d4092c6983fbf497c37ae53a188fa90,61.47,62.52,0.01708150317227923,0.09709106759647709,-0.36,0,0
29,3,32,4,1,34,0,0,0,0,0,jsoup,java,195566fa6d4092c6983fbf497c37ae53a188fa90,cde6403a3c881403a7cf06f4d7d087464038daf6,62.52,61.41,-0.01775431861804233,0.11498741920155964,0.3422222222222222,0,0
6,0,6,1,1,29,0,0,1,0,0,jsoup,java,cde6403a3c881403a7cf06f4d7d087464038daf6,a05130322dc311c2aeb63227d4890294e4a3703d,61.41,60.96,-0.00732779677576935,0.23705177990041415,0.2577777777777778,0,0
54,3,57,2,3,175,0,0,1,0,0,jsoup,java,a05130322dc311c2aeb63227d4890294e4a3703d,48f31787f88cfe851aeaf796c6f2809dce380f37,60.96,62.25,0.021161417322834632,0.04206488810272187,-0.44,0,0
29,33,62,3,1,32,0,0,1,0,0,jsoup,java,48f31787f88cfe851aeaf796c6f2809dce380f37,9eab14f2c4e581102bb5f8fa9943f7c0ca541016,62.25,61.45,-0.012851405622489914,0.08146074521015789,0.37777777777777777,0,0
0,0,0,0,1,13,0,0,0,0,0,jsoup,java,9eab14f2c4e581102bb5f8fa9943f7c0ca541016,2b7550c5e2d512944cd212f20302555d20b0e6c8,61.45,60.94,-0.008299430431244998,0.6631500726976157,-0.09777777777777778,0,0
32,3,35,4,1,50,0,0,0,0,0,jsoup,java,2b7550c5e2d512944cd212f20302555d20b0e6c8,d3f02400eca1c5cbf84212c46cebcff511536655,60.94,62.16,0.020019691499835887,0.2901428023540349,-0.2311111111111111,0,0
23,2,25,2,1,32,0,0,0,0,0,jsoup,java,d3f02400eca1c5cbf84212c46cebcff511536655,c63ccf8324539deddab636dd3c8003201024af1a,62.16,62.09,-0.0011261261261260164,0.7715511878155722,-0.06666666666666667,0,0
35,17,52,7,1,55,1,0,0,0,0,jsoup,java,c63ccf8324539deddab636dd3c8003201024af1a,5e386d51f396deec5743ca9cc4e3f0e7559d3956,62.09,61.47,-0.009985504912224264,0.39510552151381173,0.18666666666666668,0,0
436,261,697,19,1,20,0,0,0,0,0,jsoup,java,5e386d51f396deec5743ca9cc4e3f0e7559d3956,f71712ba5d28df09c9a5b6e3c8a37f05f5e3372d,61.47,61.45,-0.000325361965186205,0.547507748068732,0.13333333333333333,0,0
23,2,25,2,1,39,0,0,0,0,0,jsoup,java,f71712ba5d28df09c9a5b6e3c8a37f05f5e3372d,aff239790b5344ac99196a931d0d2efc8916156b,61.45,62.1,0.010577705451586632,0.06489520167048737,-0.4,0,0
21,4,25,2,1,39,0,0,0,0,0,jsoup,java,aff239790b5344ac99196a931d0d2efc8916156b,7c8df4ca183550cd1d818b718cd1336a97447775,62.1,62.24,0.0022544283413848724,0.5201896281677034,-0.14222222222222222,0,0
1,0,1,1,2,84,0,0,0,0,0,jsoup,java,7c8df4ca183550cd1d818b718cd1336a97447775,ea3225714c9e6e02ab17c4a79a88b71d1ea6eae3,62.24,60.61,-0.026188946015424205,0.03261152167318032,0.4622222222222222,0,0
355,195,550,14,1,59,0,0,0,0,0,jsoup,java,ea3225714c9e6e02ab17c4a79a88b71d1ea6eae3,ea1fb65e9ff8eee82c4e379dc3236d09a5ab02e1,60.61,61.43,0.01352912060716054,0.5474631812634612,-0.13333333333333333,0,0
28,7,35,5,2,66,0,0,0,0,0,jsoup,java,ea1fb65e9ff8eee82c4e379dc3236d09a5ab02e1,35e80a779b7908ddcd41a6a7df5f21b30bf999d2,61.43,61.23,-0.003255738238645659,0.9669147771731937,-0.013333333333333334,0,0
2,1,3,1,1,35,0,0,0,0,0,jsoup,java,35e80a779b7908ddcd41a6a7df5f21b30bf999d2,a7749a63871a7deccc33e66a22574e98264ce807,61.23,61.28,0.0008165931732811411,1.0,-0.0044444444444444444,0,0
9,20,29,3,1,24,0,0,1,0,0,jsoup,java,a7749a63871a7deccc33e66a22574e98264ce807,590f77e561de567305c5992f6016f1e9af2178ca,61.28,61.51,0.0037532637075717505,0.6631500726976157,-0.09777777777777778,0,0
1,1,2,1,1,44,0,1,0,0,0,jsoup,java,590f77e561de567305c5992f6016f1e9af2178ca,be56a5469f1d98094f0f950948dc3aa72aede159,61.51,61.01,-0.008128759551292473,0.3094743057014513,0.2222222222222222,0,0
1,1,2,1,1,16,0,0,0,0,1,jsoup,java,be56a5469f1d98094f0f950948dc3aa72aede159,cd3e51d1dcfcf3c47e5146434ddbbed9ff40d823,61.01,61.39,0.006228487133256885,0.7400217511938185,-0.07555555555555556,0,0
8,1,9,2,1,54,0,1,0,0,0,jsoup,java,cd3e51d1dcfcf3c47e5146434ddbbed9ff40d823,397a0caeb374c55b8dcb58e09d0faebb6e017252,61.39,61.76,0.0060270402345658485,0.2901428023540349,-0.2311111111111111,0,0
5,1,6,2,3,97,0,1,0,0,0,jsoup,java,397a0caeb374c55b8dcb58e09d0faebb6e017252,982ce8a3cea6158e22f351527d12853f0bd7050f,61.76,61.89,0.0021049222797927874,0.7400217511938185,-0.07555555555555556,0,0
5,10,15,1,1,55,0,1,0,0,0,jsoup,java,982ce8a3cea6158e22f351527d12853f0bd7050f,b185fd76845a9c99e4077bc017d25d65ed58d440,61.89,61.58,-0.00500888673452904,0.506914933812496,0.14666666666666667,0,0
45,31,76,2,2,43,0,0,0,0,0,jsoup,java,b185fd76845a9c99e4077bc017d25d65ed58d440,c33ba536da04e5b22a1c2740ce38761300dd13a9,61.58,61.62,0.0006495615459564656,1.0,0.0044444444444444444,0,0
16,0,16,2,2,87,0,0,1,0,0,jsoup,java,c33ba536da04e5b22a1c2740ce38761300dd13a9,ac13ffd28c09afa1da96b60e2e41f646de87d4af,61.62,60.98,-0.01038623823433951,0.5068676685018398,0.14666666666666667,0,0
16,0,16,1,1,51,0,0,1,0,0,jsoup,java,ac13ffd28c09afa1da96b60e2e41f646de87d4af,b27c4c14aa90c23625b105d3140fe2bab42c1cd0,60.98,60.75,-0.003771728435552589,1.0,0.0044444444444444444,0,0
0,2,2,1,1,41,0,0,0,0,0,jsoup,java,b27c4c14aa90c23625b105d3140fe2bab42c1cd0,410c15f17dd04588f9f402c8d27cb7a6843f0da7,60.75,62.03,0.021069958847736645,0.24548500120312422,-0.25333333333333335,0,0
15,0,15,1,1,49,0,0,1,0,0,jsoup,java,410c15f17dd04588f9f402c8d27cb7a6843f0da7,bbcf905c8228374c733e45144119582d4758ce11,62.03,62.09,0.0009672738997259757,0.547507748068732,-0.13333333333333333,0,0
33,3,36,2,1,76,0,0,0,0,0,jsoup,java,bbcf905c8228374c733e45144119582d4758ce11,51163017325cf175cda594faed991c05e9fdbe77,62.09,62.28,0.0030600740860041507,0.9174021048159461,0.02666666666666667,0,0
13,0,13,2,2,61,0,1,1,0,0,jsoup,java,51163017325cf175cda594faed991c05e9fdbe77,32af6ba9f1b15f89660645a7a27f89517a0890c6,62.28,61.42,-0.013808606294155418,0.7715511878155722,0.06666666666666667,0,0
48,4,52,4,1,56,0,0,0,0,0,jsoup,java,32af6ba9f1b15f89660645a7a27f89517a0890c6,4fa93397353a7cd3cf15f9c29c40f8a18fc051e5,61.42,61.14,-0.004558775643113011,0.24548500120312422,0.25333333333333335,0,0
4,1,5,2,2,60,0,0,0,0,0,jsoup,java,4fa93397353a7cd3cf15f9c29c40f8a18fc051e5,925ecb3b9c87cf4ac024c6b2a8301083fd7b9175,61.14,62.36,0.01995420346745173,0.05123941919274439,-0.4222222222222222,0,0
19,7,26,3,1,31,0,0,0,0,0,jsoup,java,925ecb3b9c87cf4ac024c6b2a8301083fd7b9175,45111a152d6568c38c268b6460045ad60f7cdeff,62.36,61.92,-0.007055805003207147,0.771501761065229,0.06666666666666667,0,0
1,1,2,1,1,33,0,0,0,0,0,jsoup,java,45111a152d6568c38c268b6460045ad60f7cdeff,3a81df16aae71eef82e0074cb6e8953aea33dbb0,61.92,61.41,-0.008236434108527214,0.48063346946245133,0.15555555555555556,0,0
9,0,9,1,1,47,0,0,0,0,0,jsoup,java,3a81df16aae71eef82e0074cb6e8953aea33dbb0,655e3aab5ad477a790f967f563b8d41c1267475b,61.41,62.18,0.01253867448298328,0.11980309870594376,-0.3377777777777778,0,0
148,18,166,9,3,119,0,0,0,0,0,jsoup,java,655e3aab5ad477a790f967f563b8d41c1267475b,ad23b481e4c40fcc73c1fa59513b5a7ab0e271d6,62.18,61.84,-0.005467996140237959,0.09709106759647709,0.36,0,0
22,0,22,2,1,49,0,0,0,0,0,jsoup,java,ad23b481e4c40fcc73c1fa59513b5a7ab0e271d6,fe001bcccd29f9659ff375a625fd575c9285ce86,61.84,61.65,-0.0030724450194049937,0.3614963660708982,-0.2,0,0
107,0,107,1,1,15,0,0,1,0,0,jsoup,java,fe001bcccd29f9659ff375a625fd575c9285ce86,0d714da40f8d13156025d3bec7daa9746d276490,61.65,109.82,0.781346309813463,3.3918213908250945e-06,-1.0,1,1
2,0,2,1,1,17,0,0,0,0,0,jsoup,java,0d714da40f8d13156025d3bec7daa9746d276490,57dbebc884455205ea221f942723a496d399f86a,109.82,109.11,-0.006465124749590182,0.11024714671331932,0.3466666666666667,0,0
93,30,123,6,2,47,0,0,0,0,0,jsoup,java,57dbebc884455205ea221f942723a496d399f86a,a97672ad240f679f0071e046a119edb6d7dcbb1c,109.11,108.24,-0.007973604619191683,0.1984559214557191,0.28,0,0
130,26,156,4,1,35,0,0,0,0,0,jsoup,java,a97672ad240f679f0071e046a119edb6d7dcbb1c,ea00e065f6245a94f87becf7d6ea80c46bc21ef1,108.24,109.13,0.008222468588322252,0.27158778439600273,-0.24,0,0
5,4,9,2,1,35,0,0,0,0,0,jsoup,java,ea00e065f6245a94f87becf7d6ea80c46bc21ef1,f7e2868fa34b96b5c69d583ac36399dcb33fcc41,109.13,107.71,-0.01301200403188859,0.21337370709311831,0.27111111111111114,0,0
26,30,56,4,1,40,0,0,0,0,0,jsoup,java,f7e2868fa34b96b5c69d583ac36399dcb33fcc41,35b592536592219f1b7731641726f0c7585039a5,107.71,108.24,0.004920620183826953,0.37245850431098704,-0.19555555555555557,0,0
28,29,57,13,1,19,0,0,0,1,0,jsoup,java,35b592536592219f1b7731641726f0c7585039a5,22a17d24279450e7e214b57beb4c0bda5f3698e5,108.24,110.22,0.018292682926829305,0.506914933812496,-0.14666666666666667,0,0
36,7,43,3,1,85,0,0,0,0,0,jsoup,java,22a17d24279450e7e214b57beb4c0bda5f3698e5,c324fabe86c0a59eb635610dc85d8d7a7be25c74,110.22,107.96,-0.0205044456541463,0.15846460599820356,0.30666666666666664,0,0
146,32,178,5,1,55,0,0,0,0,0,jsoup,java,c324fabe86c0a59eb635610dc85d8d7a7be25c74,a129f801497f6dc90048fa5cd52672274425cc18,107.96,108.26,0.002778806965542899,0.07789812841694642,-0.38222222222222224,0,0
19,1,20,1,1,54,0,0,0,0,0,jsoup,java,a129f801497f6dc90048fa5cd52672274425cc18,d8fb52127f867cdf5171429dac2b812382170dd5,108.26,108.27,9.237021984103921e-05,0.8034625743147712,0.057777777777777775,0,0
141,0,141,5,1,34,0,0,1,0,0,jsoup,java,d8fb52127f867cdf5171429dac2b812382170dd5,8ec29562144187ccea0c2ceb3bee08d2e9e720bc,108.27,132.35,0.22240694559896554,3.3918213908250945e-06,-1.0,1,1
3,4,7,2,1,48,0,0,0,1,0,jsoup,java,8ec29562144187ccea0c2ceb3bee08d2e9e720bc,3c69747280c04ebb3f1df1863bcfbe5f14150c97,132.35,116.86,-0.1170381564034756,3.3918213908250945e-06,1.0,0,0
292,139,431,7,1,32,0,0,0,0,0,jsoup,java,3c69747280c04ebb3f1df1863bcfbe5f14150c97,bd789b079038c1b3f41d05f869c244b54840dbca,116.86,115.89,-0.008300530549375311,0.9009714934164412,0.03111111111111111,0,0
110,54,164,4,1,38,0,0,1,0,0,jsoup,java,bd789b079038c1b3f41d05f869c244b54840dbca,7d8abb78a1d0c4cdfa93e7e96e9b2e625486e99f,115.89,117.81,0.016567434636293052,0.17106923105635186,-0.29777777777777775,0,0
89,13,102,6,1,44,0,0,0,0,0,jsoup,java,7d8abb78a1d0c4cdfa93e7e96e9b2e625486e99f,a63fcab33707b7b466fbbf4ce4e7e63d787ba23e,117.81,118.49,0.0057720057720057096,0.05373772407430642,-0.4177777777777778,0,0
1,3,4,1,1,9,0,0,0,0,0,jsoup,java,a63fcab33707b7b466fbbf4ce4e7e63d787ba23e,2b488261f65629bca62d633057566b1dfdd3038a,118.49,119.5,0.008523926069710568,0.6333259145156125,-0.10666666666666667,0,0
2,2,4,1,1,17,0,0,1,0,0,jsoup,java,2b488261f65629bca62d633057566b1dfdd3038a,abfeea204ea0337d76931c2adfb26e62b39cdf13,119.5,118.84,-0.005523012552301226,0.2997046058214359,0.22666666666666666,0,0
2,2,4,1,1,8,0,0,0,0,0,jsoup,java,abfeea204ea0337d76931c2adfb26e62b39cdf13,6bce3ded2afd743f1727564f17a6d46200ddd32a,118.84,117.31,-0.012874453046112429,0.0028195730779619023,0.6444444444444445,0,0
132,21,153,6,1,38,0,0,0,0,0,jsoup,java,6bce3ded2afd743f1727564f17a6d46200ddd32a,4685bd091a690e219e629687bf84cc6f752eff81,117.31,115.73,-0.013468587503196643,0.7089232340537643,0.08444444444444445,0,0
0,1,1,1,1,32,0,0,1,0,0,jsoup,java,4685bd091a690e219e629687bf84cc6f752eff81,5ba643ce7b1b08757f43c0f6e173937be39ea0d7,115.73,116.25,0.004493216970534831,0.8034411566561627,-0.057777777777777775,0,0
6,1,7,1,1,16,0,0,0,0,0,jsoup,java,5ba643ce7b1b08757f43c0f6e173937be39ea0d7,2412188026aa32491e769d6221c16a3bda6e897b,116.25,118.65,0.02064516129032263,0.18436124604380766,-0.28888888888888886,0,0
109,48,157,6,1,32,0,0,0,0,0,jsoup,java,2412188026aa32491e769d6221c16a3bda6e897b,fb8b60b4d3d202c6fa708f60b8b4a5a53836af24,118.65,127.11,0.07130214917825532,3.3918213908250945e-06,-1.0,0,0
51,52,103,2,1,37,0,0,0,0,0,jsoup,java,fb8b60b4d3d202c6fa708f60b8b4a5a53836af24,72edc30eeda8ef001c043cc4ca173c6311bec887,127.11,170.76,0.343403351427897,3.3918213908250945e-06,-1.0,1,1
97,36,133,5,1,46,0,0,0,0,0,jsoup,java,72edc30eeda8ef001c043cc4ca173c6311bec887,24de855a1bc860ed8720b9941277e76c4034cf9c,170.76,172.89,0.012473647224174253,0.11494702343887914,-0.3422222222222222,0,0
8,5,13,2,1,44,0,0,0,0,0,jsoup,java,24de855a1bc860ed8720b9941277e76c4034cf9c,06159687218f6b9acdcab87ac112dc680867aa7f,172.89,174.38,0.008618196541153388,0.34003216856941376,-0.2088888888888889,0,0
61,2303,2364,7,1,42,0,0,0,0,0,jsoup,java,06159687218f6b9acdcab87ac112dc680867aa7f,f3035cafbbd8830de75f641920f8e5dbf0070f7c,174.38,169.41,-0.02850097488244064,0.008964395568369175,0.5644444444444444,0,0
14,9,23,3,1,34,0,0,0,0,0,jsoup,java,f3035cafbbd8830de75f641920f8e5dbf0070f7c,5edd9aed61290b5c6123a0b498e902cc74783430,169.41,169.72,0.00182988017236292,0.7088923275427439,0.08444444444444445,0,0
16,1,17,2,1,57,0,0,0,0,0,jsoup,java,5edd9aed61290b5c6123a0b498e902cc74783430,a58c8e679c00be9abea4925d3b96c16fd2cd9c64,169.72,169.27,-0.0026514258779165014,0.9338864180775845,-0.022222222222222223,0,0
50,2,52,4,1,21,0,0,0,0,0,jsoup,java,a58c8e679c00be9abea4925d3b96c16fd2cd9c64,2d340db5b1ba48079b3bad81a5ffe7c9c7ac26e0,169.27,172.18,0.017191469250310135,0.21337370709311831,-0.27111111111111114,0,0
2,2,4,1,1,52,0,0,0,0,0,jsoup,java,2d340db5b1ba48079b3bad81a5ffe7c9c7ac26e0,5dc4937611725462003f5cd87f41e56ee7829b65,172.18,174.04,0.010802648391218406,0.17106923105635186,-0.29777777777777775,0,0
2,2,4,1,1,62,0,0,0,0,0,jsoup,java,5dc4937611725462003f5cd87f41e56ee7829b65,3993d72f9a75ec816730356e411db5a986025a2e,174.04,172.74,-0.007469547230521622,0.2371039611073864,0.2577777777777778,0,0
27,0,27,1,1,23,0,0,0,0,0,jsoup,java,3993d72f9a75ec816730356e411db5a986025a2e,1b38f80d623310e84c87b2d708ed0ab648dfafc5,172.74,172.44,-0.0017367141368531398,1.0,0.0044444444444444444,0,0
35,9,44,4,1,33,0,0,0,0,0,jsoup,java,1b38f80d623310e84c87b2d708ed0ab648dfafc5,adb7a15a1e2dd6742a25592602a6e8ee77b518b6,172.44,170.91,-0.008872651356993744,0.0032301435955866646,0.6355555555555555,0,0
48,4,52,4,1,44,0,0,0,0,0,jsoup,java,adb7a15a1e2dd6742a25592602a6e8ee77b518b6,1ece207d4d14336c405e9e3c2edee3f1cf88d14d,170.91,170.26,-0.003803171259727375,0.7715511878155722,-0.06666666666666667,0,0
53,4,57,2,1,38,0,0,0,0,0,jsoup,java,1ece207d4d14336c405e9e3c2edee3f1cf88d14d,e76922661ce7d97c1730052f60062d1e2eb328c4,170.26,170.21,-0.00029366850698921035,0.8682259903524354,0.04,0,0
79,2,81,2,1,28,0,0,0,0,0,jsoup,java,e76922661ce7d97c1730052f60062d1e2eb328c4,d32321351ced83c7c2edff2abe4a8b2fa17a6bd7,170.21,169.87,-0.0019975324599024935,0.7400217511938185,-0.07555555555555556,0,0
16,2,18,3,1,26,0,0,0,0,0,jsoup,java,d32321351ced83c7c2edff2abe4a8b2fa17a6bd7,c19acbb96c1c02deb310488677201683f6309708,169.87,168.97,-0.005298169188202776,0.506914933812496,0.14666666666666667,0,0
30,13,43,2,1,35,0,0,0,0,0,jsoup,java,c19acbb96c1c02deb310488677201683f6309708,4d78e0316e1eae331bc0b460f367ce878688d6d2,168.97,171.78,0.016630171036278642,0.04648668639528603,-0.4311111111111111,0,0
28,0,28,2,1,9,0,1,0,0,0,jsoup,java,4d78e0316e1eae331bc0b460f367ce878688d6d2,f75f47397836ba2127f06c8390a87eada369f7cc,171.78,171.32,-0.002677843753638421,0.21337370709311831,0.27111111111111114,0,0
19,32,51,5,1,38,0,0,0,0,0,jsoup,java,f75f47397836ba2127f06c8390a87eada369f7cc,aeaf3c1a03fe4d5bfda4d63824a1f97dcec42e74,171.32,172.22,0.005253327107167906,0.5897385933186072,-0.12,0,0
88,5,93,6,2,64,0,0,0,0,0,jsoup,java,aeaf3c1a03fe4d5bfda4d63824a1f97dcec42e74,1d7e6fa1c5fb974bdae7abeabbb1e5a48dc00967,172.22,171.5,-0.004180699105794907,0.5474631812634612,-0.13333333333333333,0,0
17,1,18,1,1,27,0,0,0,0,0,jsoup,java,1d7e6fa1c5fb974bdae7abeabbb1e5a48dc00967,5f0714329e2763d330460efee8ccd7f69acc8e7c,171.5,169.89,-0.009387755102040896,0.018053798861938895,0.5111111111111111,0,0
34,1,35,6,2,26,0,1,0,0,0,jsoup,java,5f0714329e2763d330460efee8ccd7f69acc8e7c,8808e3fbc5a8f25970c151d076636ad05798ff9d,169.89,171.3,0.00829948790393799,0.28084201086629845,-0.23555555555555555,0,0
6,1,7,1,1,21,0,0,0,0,0,jsoup,java,8808e3fbc5a8f25970c151d076636ad05798ff9d,3264eee7edb8eacb4da97155a7224712dceda9e0,171.3,171.46,0.0009340338587273589,0.6481674291919923,-0.10222222222222223,0,0
15,3,18,3,1,20,0,0,0,0,0,jsoup,java,3264eee7edb8eacb4da97155a7224712dceda9e0,e38af6a351cef738885cb61fed828d9c9f6ec5a1,171.46,173.4,0.01131459232474045,0.14653111378242054,-0.31555555555555553,0,0
2,3,5,1,1,16,0,0,0,1,0,jsoup,java,e38af6a351cef738885cb61fed828d9c9f6ec5a1,6f9013beaf53ab0786c4587505d1ba1f76e5eb99,173.4,171.58,-0.01049596309111876,0.14657603430900068,0.31555555555555553,0,0
37,11,48,3,3,82,0,1,0,1,0,jsoup,java,6f9013beaf53ab0786c4587505d1ba1f76e5eb99,9cb4bf068e6e76836b5fa740d7bcc2bb058a14e5,171.58,170.57,-0.005886466954190577,0.5068676685018398,0.14666666666666667,0,0
57,4,61,4,2,49,0,0,0,0,0,jsoup,java,9cb4bf068e6e76836b5fa740d7bcc2bb058a14e5,3475dc846d78e56422b3e6fdf36dfd4416f359f5,170.57,170.75,0.0010552852201442624,0.40673463585474257,0.18222222222222223,0,0
27,1,28,3,1,31,0,0,0,0,0,jsoup,java,3475dc846d78e56422b3e6fdf36dfd4416f359f5,c3f8caa7c16c08b803b0f34bfffdf9777c7e382c,170.75,170.64,-0.0006442166910688939,0.8682259903524354,-0.04,0,0
182,0,182,1,1,34,0,0,0,0,0,jsoup,java,c3f8caa7c16c08b803b0f34bfffdf9777c7e382c,f4c700b8cf147638eb09aa76a7ef4f2de70f8ea9,170.64,175.94,0.031059540553211508,0.0005325944648468916,-0.7466666666666667,0,0
8,1,9,2,1,34,0,0,0,0,0,jsoup,java,f4c700b8cf147638eb09aa76a7ef4f2de70f8ea9,3e4b76b6bbfc0ae1681d197dfacb3bf5afe0a5c1,175.94,173.14,-0.015914516312379286,0.15846460599820356,0.30666666666666664,0,0
18,25,43,2,1,12,0,0,0,0,0,jsoup,java,3e4b76b6bbfc0ae1681d197dfacb3bf5afe0a5c1,6b1f53eeafc49e6a96f868115c19509a13000d21,173.14,170.96,-0.012590966847637625,0.21337370709311831,0.27111111111111114,0,0
32,0,32,2,1,34,0,0,0,0,0,jsoup,java,6b1f53eeafc49e6a96f868115c19509a13000d21,e6af571528c55832a015202ac4d8db9fc424d362,170.96,170.97,5.8493214787031494e-05,0.7399938739946226,-0.07555555555555556,0,0
17,11,28,3,1,36,0,0,0,0,0,jsoup,java,e6af571528c55832a015202ac4d8db9fc424d362,b001b304826d33f8f2b34fc7f14a931d9a97cf8a,170.97,174.51,0.02070538690998416,0.018040978421176027,-0.5111111111111111,0,0
6,0,6,1,1,39,0,0,0,0,0,jsoup,java,b001b304826d33f8f2b34fc7f14a931d9a97cf8a,7daae314a23160ee1f3e64e106c0d50d38d5ccdf,174.51,173.4,-0.00636066701048642,0.26269994534963204,0.24444444444444444,0,0
1,1,2,1,1,28,0,0,1,0,0,jsoup,java,7daae314a23160ee1f3e64e106c0d50d38d5ccdf,6b5b09d21e5a712db88a76c4547e724de42475d5,173.4,172.79,-0.003517877739331105,0.8356870092411566,0.04888888888888889,0,0
2,2,4,1,1,52,0,0,0,0,0,jsoup,java,6b5b09d21e5a712db88a76c4547e724de42475d5,429f2c7db2b60683be76d4a82fb28a561f941909,172.79,172.72,-0.0004051160368076462,1.0,0.0044444444444444444,0,0
2,2,4,1,1,62,0,0,0,0,0,jsoup,java,429f2c7db2b60683be76d4a82fb28a561f941909,bbef9d720df519581e457f3415bcccdde0dda382,172.72,173.95,0.0071213524779990146,0.06489520167048737,-0.4,0,0
165,16,181,11,2,37,0,0,0,0,0,jsoup,java,bbef9d720df519581e457f3415bcccdde0dda382,c07c0eead5ec708303b7bfb54c28df2e7cad19e9,173.95,174.55,0.0034492670307560954,0.9338864180775845,-0.022222222222222223,0,0
10,1,11,2,1,25,0,0,0,0,0,jsoup,java,c07c0eead5ec708303b7bfb54c28df2e7cad19e9,4c142cacf4d92b2214b3858e033d518ecdbf57f5,174.55,173.88,-0.003838441707247298,0.5896558053941625,0.12,0,0
26,10,36,3,1,20,0,0,0,0,0,jsoup,java,4c142cacf4d92b2214b3858e033d518ecdbf57f5,e9885f060d59dc2bd7351c5bd654a27cbe6de69a,173.88,172.32,-0.00897170462387855,0.08894688604381429,0.3688888888888889,0,0
55,20,75,3,1,56,0,0,0,0,0,jsoup,java,e9885f060d59dc2bd7351c5bd654a27cbe6de69a,1791ef17ad6e0624a7b057b89439f7a33b3bbb82,172.32,173.06,0.004294336118848706,1.0,0.0044444444444444444,0,0
30,56,86,5,2,59,0,0,0,0,0,jsoup,java,1791ef17ad6e0624a7b057b89439f7a33b3bbb82,87b54a51777248440947c91ec43652b771c42dc6,173.06,171.02,-0.011787819253438067,0.40673463585474257,0.18222222222222223,0,0
50,4,54,3,1,22,0,0,1,0,0,jsoup,java,87b54a51777248440947c91ec43652b771c42dc6,64eef180f610d0dad97873f6786b103700ddb8b2,171.02,171.54,0.003040580049116956,0.9503789175380895,0.017777777777777778,0,0
16,8,24,4,1,47,0,0,0,0,0,jsoup,java,64eef180f610d0dad97873f6786b103700ddb8b2,f627193ce0950f0d55ed1b4f6a2fe9973447853a,171.54,170.26,-0.007461816485950805,0.48073111045562256,0.15555555555555556,0,0
17,1,18,3,1,53,0,0,0,0,0,jsoup,java,f627193ce0950f0d55ed1b4f6a2fe9973447853a,f9307ec96a894191e5d3782601ddb49fbfc53ea6,170.26,172.66,0.014096088335486937,0.05639236422683157,-0.41333333333333333,0,0
11,1,12,3,1,28,0,0,0,0,0,jsoup,java,f9307ec96a894191e5d3782601ddb49fbfc53ea6,02668f757c59f0c1a7ad8f3169faf061b4b787c1,172.66,173.31,0.003764624116761298,0.6482039260122094,-0.10222222222222223,0,0
5,2,7,2,1,82,0,0,0,0,0,jsoup,java,02668f757c59f0c1a7ad8f3169faf061b4b787c1,45c54996c4e8d74cf84304e767934ff584c24702,173.31,172.79,-0.0030004039005251297,0.7400217511938185,0.07555555555555556,0,0
55,20,75,3,2,90,0,0,0,0,0,jsoup,java,45c54996c4e8d74cf84304e767934ff584c24702,3676b132429306c722304e94177172dca42c2dda,172.79,171.5,-0.007465709821170161,0.6186305224456992,0.1111111111111111,0,0
13,30,43,4,1,20,0,0,0,0,0,jsoup,java,3676b132429306c722304e94177172dca42c2dda,bf4f99c72ba3d59486e0decb59a2b87edee4f1ff,171.5,172.11,0.0035568513119534325,0.9669110984447616,-0.013333333333333334,0,0
17,1,18,4,1,59,0,0,0,0,0,jsoup,java,bf4f99c72ba3d59486e0decb59a2b87edee4f1ff,df272b77c2cf89e9cbe2512bbddf8a3bc28a704b,172.11,171.7,-0.002382197431875109,0.8682259903524354,-0.04,0,0
6,1,7,1,1,49,0,0,0,0,0,jsoup,java,df272b77c2cf89e9cbe2512bbddf8a3bc28a704b,11e018fe623758986910069a6285b614dd98cc98,171.7,169.66,-0.011881188118811836,0.2716411207573157,0.24,0,0
3,3,6,2,1,23,0,1,0,0,0,jsoup,java,11e018fe623758986910069a6285b614dd98cc98,e5210d1f9ef4f1d41ff0a8c4a2ab8e9192d5e087,169.66,172.5,0.01673936107509138,0.3400858902842717,-0.2088888888888889,0,0
35,8,43,3,1,26,0,0,0,0,0,jsoup,java,e5210d1f9ef4f1d41ff0a8c4a2ab8e9192d5e087,b92b4f6b9b3256e97bfb6a0732bf113b6da53a4c,172.5,169.16,-0.01936231884057973,0.09709106759647709,0.36,0,0
3,3,6,1,1,33,0,0,0,0,0,jsoup,java,b92b4f6b9b3256e97bfb6a0732bf113b6da53a4c,03bffef1c7f6652f28214961bac16ad837064d32,169.16,172.91,0.022168361314731617,0.012821684691391543,-0.5377777777777778,0,0
42,1,43,3,1,35,0,0,0,0,0,jsoup,java,03bffef1c7f6652f28214961bac16ad837064d32,f1110a9021c2caa28cbe3177c0c3a0f5ae326eb4,172.91,173.12,0.0012145046556012258,0.6186695570822622,-0.1111111111111111,0,0
84,45,129,9,2,73,0,0,0,0,0,jsoup,java,f1110a9021c2caa28cbe3177c0c3a0f5ae326eb4,2c4e79b104c0ff32566ce247617d47c0b39cc2c7,173.12,186.48,0.07717190388170046,3.3918213908250945e-06,-1.0,0,0
20,3,23,3,1,68,0,0,0,0,0,jsoup,java,2c4e79b104c0ff32566ce247617d47c0b39cc2c7,1028b37a1dfbc5dda7b18cbe692ab168c54fb505,186.48,186.36,-0.0006435006435005155,0.9174021048159461,0.02666666666666667,0,0
1,1,2,1,1,30,0,1,0,0,0,jsoup,java,1028b37a1dfbc5dda7b18cbe692ab168c54fb505,197815a029b9a58566655b0ef343bb8c6a57fb2e,186.36,187.43,0.005741575445374507,0.06196961991403871,-0.40444444444444444,0,0
1,3,4,2,1,41,0,0,0,0,0,jsoup,java,197815a029b9a58566655b0ef343bb8c6a57fb2e,f37e6481d3acf115bfe09a699b6b20b93522f944,187.43,190.07,0.014085258496505288,0.5897385933186072,-0.12,0,0
7,2,9,4,1,37,0,0,0,0,0,jsoup,java,f37e6481d3acf115bfe09a699b6b20b93522f944,a4dfbcf090102e13949cc15a973a9ad2721d98d0,190.07,189.15,-0.0048403219866364365,1.0,0.0044444444444444444,0,0
2,4,6,3,3,125,0,1,0,0,0,jsoup,java,a4dfbcf090102e13949cc15a973a9ad2721d98d0,e0f9c5fbb3961ab3a5baacabbde85a2569abed65,189.15,189.38,0.0012159661644197185,0.6631500726976157,0.09777777777777778,0,0
56,15,71,7,1,55,0,0,0,0,0,jsoup,java,e0f9c5fbb3961ab3a5baacabbde85a2569abed65,0f7e0cc373aced32629f5321c9521f81d8248647,189.38,188.04,-0.0070757207730489146,0.12486035998214667,0.3333333333333333,0,0
43,0,43,2,1,68,0,0,0,0,0,jsoup,java,0f7e0cc373aced32629f5321c9521f81d8248647,3c699bad0467bec4adc55666f0d02e312ab22a60,188.04,187.27,-0.004094873431184758,0.7089232340537643,-0.08444444444444445,0,0
17,46,63,6,2,61,0,0,0,0,0,jsoup,java,3c699bad0467bec4adc55666f0d02e312ab22a60,e9feec90dbd3e428dc1930c3b5efbd9271160d01,187.27,188.61,0.007155444011320571,0.6186695570822622,-0.1111111111111111,0,0
51,17,68,6,2,89,0,0,0,0,0,jsoup,java,e9feec90dbd3e428dc1930c3b5efbd9271160d01,f25170a35a57d8cdc63b49f74eeb1b8041516490,188.61,190.17,0.008271035470017358,0.10573920209087935,-0.3511111111111111,0,0
17,3,20,4,3,84,0,0,0,0,0,jsoup,java,f25170a35a57d8cdc63b49f74eeb1b8041516490,18ef323541f6c369824e0c726b2be55880ec36da,190.17,190.37,0.0010516905926277386,0.8357050269952793,0.04888888888888889,0,0
71,230,301,25,2,56,0,0,0,0,0,jsoup,java,18ef323541f6c369824e0c726b2be55880ec36da,834c81bb55d7ccdc0d7b158595ad7aa92db6ed8b,190.37,173.78,-0.08714608394179757,3.3918213908250945e-06,1.0,0,0
229,28,257,24,14,554,0,1,0,0,0,jsoup,java,834c81bb55d7ccdc0d7b158595ad7aa92db6ed8b,04f0ab3bf48a4ea1247fa9619b34cac6f6049a6a,173.78,189.52,0.09057428933133853,3.3918213908250945e-06,-1.0,0,0
2,2,4,1,1,52,0,0,0,0,0,jsoup,java,04f0ab3bf48a4ea1247fa9619b34cac6f6049a6a,2b1ea0633ff5d4cba5db0e202a4ce0fbdccc19db,189.52,188.99,-0.002796538623891943,0.755709307865404,0.07111111111111111,0,0
2,2,4,1,1,62,0,0,0,0,0,jsoup,java,2b1ea0633ff5d4cba5db0e202a4ce0fbdccc19db,176c173b24bf890460fe8ecb08ddf60d4fc2e195,188.99,189.29,0.0015873855759563095,0.8682259903524354,0.04,0,0
6,128,134,4,2,76,0,0,0,0,0,jsoup,java,176c173b24bf890460fe8ecb08ddf60d4fc2e195,bf6667c439a1fa29ea50d531b65633ffe150d16b,189.29,186.3,-0.0157958687727824,0.01706732188205732,0.5155555555555555,0,0
129,53,182,12,1,49,0,0,0,0,0,jsoup,java,bf6667c439a1fa29ea50d531b65633ffe150d16b,850a9cc02fb72cc450d1a9dc41912fa80fee9020,186.3,188.1,0.009661835748792178,0.6482039260122094,-0.10222222222222223,0,0
66,15,81,5,1,68,0,0,0,0,0,jsoup,java,850a9cc02fb72cc450d1a9dc41912fa80fee9020,e38dfd44829e13ee83fd62bfe937580f5a998c11,188.1,186.12,-0.01052631578947363,0.9669147771731937,0.013333333333333334,0,0
2,1,3,1,1,10,0,0,0,0,0,jsoup,java,e38dfd44829e13ee83fd62bfe937580f5a998c11,d2fb53fd1ca0e06d877c8e9b8cd5da897c0d6618,186.12,188.58,0.013217279174726025,0.1646291514875744,-0.3022222222222222,0,0
64,106,170,11,1,16,0,0,0,0,0,jsoup,java,d2fb53fd1ca0e06d877c8e9b8cd5da897c0d6618,f1b885d238d8576d91d71a09f8658358dd846921,188.58,190.59,0.010658606426980542,0.1844100692216365,-0.28888888888888886,0,0
90,9,99,4,1,20,0,0,0,0,0,jsoup,java,f1b885d238d8576d91d71a09f8658358dd846921,77966f79996f3fc4c7828b4d02a926c071faf040,190.59,188.24,-0.012330132745684423,0.09709106759647709,0.36,0,0
23,1,24,3,1,49,0,0,0,0,0,jsoup,java,77966f79996f3fc4c7828b4d02a926c071faf040,6be19a6fa26e6e5e3d716283bad4b5de0348a8b7,188.24,187.9,-0.001806204844878896,0.9338864180775845,-0.022222222222222223,0,0
78,78,156,1,1,16,0,1,0,0,0,jsoup,java,6be19a6fa26e6e5e3d716283bad4b5de0348a8b7,39e90ee38c3ce7aa254bb89740282c12eb149162,187.9,188.65,0.003991484832357637,0.6481674291919923,-0.10222222222222223,0,0
32,7,39,5,1,59,0,0,0,0,0,jsoup,java,39e90ee38c3ce7aa254bb89740282c12eb149162,bdf1df7eb3ca76cdcdaca38f7df5d941bbb1c664,188.65,188.03,-0.0032865094089584127,0.5896972055949141,0.12,0,0
27,1,28,3,1,42,0,0,0,0,0,jsoup,java,bdf1df7eb3ca76cdcdaca38f7df5d941bbb1c664,a810d2e3615da9a37ad74a7db2ca8bc6945ab9a8,188.03,186.56,-0.007817901398712966,0.28084201086629845,0.23555555555555555,0,0
69,0,69,2,1,76,0,0,0,0,0,jsoup,java,a810d2e3615da9a37ad74a7db2ca8bc6945ab9a8,20ec85e678bb20d5988491d50789811ed1ee9eca,186.56,187.24,0.0036449399656947193,0.4806822967560067,-0.15555555555555556,0,0
64,19,83,2,1,88,0,0,0,0,0,jsoup,java,20ec85e678bb20d5988491d50789811ed1ee9eca,59f10777132745ec84eefad77dcabd2109947e97,187.24,191.63,0.02344584490493477,6.824077944638084e-05,-0.8577777777777778,0,0
14,121,135,3,1,71,0,0,0,0,0,jsoup,java,59f10777132745ec84eefad77dcabd2109947e97,eec4cf3503d226272642c7507686e96870307dfb,191.63,191.75,0.0006262067525961726,0.9174021048159461,-0.02666666666666667,0,0
40,23,63,4,1,30,1,0,0,0,0,jsoup,java,eec4cf3503d226272642c7507686e96870307dfb,ae99d7ebaa7ce4e8446150ce4ccbad4646433f8f,191.75,191.16,-0.0030769230769230947,0.4553018964198552,0.16444444444444445,0,0
38,24,62,3,1,32,1,0,0,0,0,jsoup,java,ae99d7ebaa7ce4e8446150ce4ccbad4646433f8f,16491229eeee7cea72d35ff0de6ed7302fd088de,191.16,189.5,-0.008683825068005841,0.3614963660708982,0.2,0,0
89,62,151,13,1,84,0,0,0,0,0,jsoup,java,16491229eeee7cea72d35ff0de6ed7302fd088de,c8c05694da5489221c27e45a5e49d0f5fcb41863,189.5,191.7,0.011609498680738727,0.15846460599820356,-0.30666666666666664,0,0
31,25,56,26,1,41,0,0,0,0,0,jsoup,java,c8c05694da5489221c27e45a5e49d0f5fcb41863,105f7bdcdbfffc879d0737cf857c02b6823b1b73,191.7,187.97,-0.0194574856546687,0.0003609347195741741,0.7688888888888888,0,0
25,36,61,27,1,34,0,0,0,0,0,jsoup,java,105f7bdcdbfffc879d0737cf857c02b6823b1b73,e26267dd77b437f9e3ea155ae7a52013fde6c2f5,187.97,188.32,0.0018619992552002676,0.5614474146848649,-0.1288888888888889,0,0
31,25,56,26,2,95,0,0,0,0,0,jsoup,java,e26267dd77b437f9e3ea155ae7a52013fde6c2f5,ae7d21635654f1e93e4b732983d633af46f53b73,188.32,189.9,0.008389974511469906,0.18436124604380766,-0.28888888888888886,0,0
3,6,9,1,1,20,0,0,0,0,0,jsoup,java,ae7d21635654f1e93e4b732983d633af46f53b73,4d104721d96baaa6a6c28d2b472a37f631227f46,189.9,189.95,0.0002632964718271877,0.6782686817942617,-0.09333333333333334,0,0
18,5,23,2,1,39,0,0,0,0,0,jsoup,java,4d104721d96baaa6a6c28d2b472a37f631227f46,1933e9727c694863d6b7a9bb98682b560510d212,189.95,189.61,-0.0017899447222952092,0.506914933812496,0.14666666666666667,0,0
245,226,471,32,3,231,0,0,0,0,0,jsoup,java,1933e9727c694863d6b7a9bb98682b560510d212,426ffe7870b937ef9cfa25ebe20e7a478493da99,189.61,188.72,-0.004693845261325957,0.8357050269952793,0.04888888888888889,0,0
217,141,358,31,10,428,1,0,0,0,0,jsoup,java,426ffe7870b937ef9cfa25ebe20e7a478493da99,26adfcbcb07bca87f0d50084aaca7549c97abb0c,188.72,189.33,0.003232301822806346,0.3400858902842717,-0.2088888888888889,0,0
2,2,4,1,1,48,0,0,0,0,0,jsoup,java,26adfcbcb07bca87f0d50084aaca7549c97abb0c,220b77140bce70dcf9c767f8f04758b09097db14,189.33,191.34,0.010616384091269164,0.15846460599820356,-0.30666666666666664,0,0
1,1,2,1,1,41,0,0,0,0,0,jsoup,java,220b77140bce70dcf9c767f8f04758b09097db14,db7bc390ea92cb6b60c75d648400fd886b2b4672,191.34,189.88,-0.0076303961534441725,0.1844100692216365,0.28888888888888886,0,0
5,3,8,3,1,100,0,0,0,0,0,jsoup,java,db7bc390ea92cb6b60c75d648400fd886b2b4672,cecdb3250c9d3f6cd3e5aed2743afa360e0d8531,189.88,190.32,0.0023172530018959222,1.0,0.0044444444444444444,0,0
256,0,256,2,1,62,0,0,1,0,0,jsoup,java,cecdb3250c9d3f6cd3e5aed2743afa360e0d8531,54e87300275b587cd2033ab6493526cbb2caf3e9,190.32,189.59,-0.0038356452290877986,1.0,0.0044444444444444444,0,0
2,258,260,3,1,12,0,0,0,1,0,jsoup,java,54e87300275b587cd2033ab6493526cbb2caf3e9,49c4a148b7817ed424e8cf823ae601863fec31ce,189.59,189.06,-0.002795506092093471,0.24548500120312422,0.25333333333333335,0,0
15,1,16,3,1,39,0,0,0,0,0,jsoup,java,49c4a148b7817ed424e8cf823ae601863fec31ce,25ba713e1d1a97ebfee38c0df3e7e6d4d9615f97,189.06,188.98,-0.0004231460911880488,0.9669147771731937,0.013333333333333334,0,0
26,1,27,2,1,17,0,0,0,0,0,jsoup,java,25ba713e1d1a97ebfee38c0df3e7e6d4d9615f97,973234bc842b0de2febea195f7819236b57fd992,188.98,188.11,-0.004603661763149414,1.0,-0.0044444444444444444,0,0
13,1,14,3,1,35,0,0,0,0,0,jsoup,java,973234bc842b0de2febea195f7819236b57fd992,38c13b5ae97c294afb859c49ded903beb7b9b100,188.11,186.99,-0.005953963106692916,0.3195059648919748,0.21777777777777776,0,0
99,58,157,8,1,48,0,0,0,0,0,jsoup,java,38c13b5ae97c294afb859c49ded903beb7b9b100,7ff7c43e9fbf4bbaf2b4517b3d4f8a429d87d3bb,186.99,189.23,0.011979250227284778,0.004794758682161994,-0.6088888888888889,0,0
2,0,2,1,1,54,0,0,0,0,0,jsoup,java,7ff7c43e9fbf4bbaf2b4517b3d4f8a429d87d3bb,3ffb622c48c01875448701075637c1f1c0a0b586,189.23,189.61,0.0020081382444645346,0.48073111045562256,0.15555555555555556,0,0
7,7,14,4,1,57,1,0,0,0,0,jsoup,java,3ffb622c48c01875448701075637c1f1c0a0b586,895367092ec5567f97a7cd1ba2ce616507cc0978,189.61,191.07,0.00770001582195021,0.43064798984807773,-0.17333333333333334,0,0
329,167,496,20,2,67,0,0,1,0,0,jsoup,java,895367092ec5567f97a7cd1ba2ce616507cc0978,952b0e85cc70fedf7c11d75d1c262b73e51b6a5b,191.07,189.3,-0.009263620662584298,0.38373262766250305,0.19111111111111112,0,0
37,6,43,2,1,41,0,0,0,0,0,jsoup,java,952b0e85cc70fedf7c11d75d1c262b73e51b6a5b,54a8d301bb486fcc87887d2961da0e82b55dd54e,189.3,188.73,-0.003011093502377293,0.7089232340537643,0.08444444444444445,0,0
164,70,234,18,8,297,1,0,0,1,0,jsoup,java,54a8d301bb486fcc87887d2961da0e82b55dd54e,2da07a110b04c7d181c04c0fbcfb141035255374,188.73,189.11,0.0020134583796959883,0.5338294217441396,-0.13777777777777778,0,0
24,3,27,4,4,107,0,0,0,0,0,jsoup,java,2da07a110b04c7d181c04c0fbcfb141035255374,8b837a43cbe2c12624ab2088dc4ff9a725af5f4d,189.11,190.45,0.007085823065940325,0.06196961991403871,-0.40444444444444444,0,0
17,2,19,3,1,46,0,0,0,0,0,jsoup,java,8b837a43cbe2c12624ab2088dc4ff9a725af5f4d,1d663eeb1c0d1c08bcfe5d30f05170768bb0438e,190.45,188.56,-0.009923864531372993,0.04648668639528603,0.4311111111111111,0,0
96,506,602,24,2,86,0,0,1,0,0,jsoup,java,1d663eeb1c0d1c08bcfe5d30f05170768bb0438e,b09e4b7486d8e63b098ff26003b76ed6038f2fb0,188.56,189.29,0.003871446754348694,0.7089232340537643,0.08444444444444445,0,0
505,86,591,23,18,681,1,0,1,1,0,jsoup,java,b09e4b7486d8e63b098ff26003b76ed6038f2fb0,7c60ac132afc0034da18bfe969e18046994f9427,189.29,190.13,0.00443763537429343,0.06799575043506911,-0.39555555555555555,0,0
25,2,27,3,2,137,0,1,0,0,0,jsoup,java,7c60ac132afc0034da18bfe969e18046994f9427,56ea479e22fdcb360696c5a922d6b45d9445e06d,190.13,187.31,-0.014831957081996493,0.05123941919274439,0.4222222222222222,0,0
15,10,25,3,1,45,0,0,0,0,0,jsoup,java,56ea479e22fdcb360696c5a922d6b45d9445e06d,68ff8cbe7ad847059737a09c567a501a7f1d251f,187.31,192.25,0.02637339170359296,0.0030168892517188346,-0.64,0,0
21,21,42,2,1,8,0,0,0,1,0,jsoup,java,68ff8cbe7ad847059737a09c567a501a7f1d251f,5f5c64b2b2ca734b83b58656152091c9532b9fdb,192.25,189.26,-0.015552665799739969,0.020191414969204246,0.5022222222222222,0,0
1,1,2,1,1,21,0,0,0,0,1,jsoup,java,5f5c64b2b2ca734b83b58656152091c9532b9fdb,7842f8879e576acb6e14d8692f9f7babc7d6fb53,189.26,191.16,0.010039099651273411,0.03437741180708775,-0.4577777777777778,0,0
8,1,9,1,1,15,0,0,1,0,0,jsoup,java,7842f8879e576acb6e14d8692f9f7babc7d6fb53,82e2c44234ca5a33b5f6a688949e0247af4dbfe4,191.16,189.43,-0.009050010462439787,0.09705388615647788,0.36,0,0
5,2,7,2,1,35,0,0,0,0,0,jsoup,java,82e2c44234ca5a33b5f6a688949e0247af4dbfe4,eaf876dc4a149e674f1c871894ffb4ec188f2d62,189.43,189.16,-0.0014253286174312951,0.28084201086629845,0.23555555555555555,0,0
17,1,18,3,2,43,0,0,0,0,0,jsoup,java,eaf876dc4a149e674f1c871894ffb4ec188f2d62,7de614ffd01161d8718d7458bab9d9690ad2334f,189.16,190.23,0.0056565870162824765,0.28084201086629845,-0.23555555555555555,0,0
152,6,158,7,1,55,0,0,0,0,0,jsoup,java,7de614ffd01161d8718d7458bab9d9690ad2334f,247c5d05f4529e55aa1fdbd333f99e323809b5e0,190.23,189.31,-0.0048362508542290255,0.08146074521015789,0.37777777777777777,0,0
12,0,12,1,1,29,0,0,1,0,0,jsoup,java,247c5d05f4529e55aa1fdbd333f99e323809b5e0,b87c013947d59cca92e853a02f2d2d6ae41ef586,189.31,192.59,0.01732607891817654,0.0005751660848382262,-0.7422222222222222,0,0
2,2,4,1,1,52,0,0,0,0,0,jsoup,java,b87c013947d59cca92e853a02f2d2d6ae41ef586,3f0256953a2938875dba33e58004037989985f7d,192.59,192.01,-0.0030115790020250922,0.7874391974257231,0.06222222222222222,0,0
2,2,4,1,1,62,0,0,0,0,0,jsoup,java,3f0256953a2938875dba33e58004037989985f7d,fb45283bbd19e2a82f35639ebffdfabd43d1aad6,192.01,190.83,-0.006145513254517882,0.1646291514875744,0.3022222222222222,0,0
4,1,5,1,1,15,0,0,0,0,0,jsoup,java,fb45283bbd19e2a82f35639ebffdfabd43d1aad6,a87b1c6d762e3714bd88540e2df9e232f6f12200,190.83,192.63,0.009432479169941744,0.010700784918917952,-0.5511111111111111,0,0
1,1,2,1,1,39,0,0,1,0,1,jsoup,java,a87b1c6d762e3714bd88540e2df9e232f6f12200,620287bf786001cb88eb2c87086b6d40ffecd5ae,192.63,190.48,-0.011161293671806082,0.030997913917810958,0.4666666666666667,0,0
1,1,2,1,1,26,0,1,0,0,0,jsoup,java,620287bf786001cb88eb2c87086b6d40ffecd5ae,7400feca7aa07d834cdaae87175a3ca687da250b,190.48,192.42,0.010184796304073908,0.11498741920155964,-0.3422222222222222,0,0
1,1,2,1,1,25,0,1,0,0,0,jsoup,java,7400feca7aa07d834cdaae87175a3ca687da250b,a3649e6b1cb55c7cbb47870a802bbc6419b74f45,192.42,192.82,0.0020787859889824637,1.0,0.0,0,0
12,0,12,1,1,82,0,0,1,0,0,jsoup,java,a3649e6b1cb55c7cbb47870a802bbc6419b74f45,ff979f461572acfc32c0c70b091cc3a24529296a,192.82,191.69,-0.005860387926563611,0.17759818795139615,0.29333333333333333,0,0
1,1,2,1,1,28,0,0,0,0,0,jsoup,java,ff979f461572acfc32c0c70b091cc3a24529296a,e499559601270be462bbcc665014dc061032134f,191.69,191.39,-0.0015650268662945974,0.8357050269952793,-0.04888888888888889,0,0
3,0,3,1,1,35,0,0,0,0,0,jsoup,java,e499559601270be462bbcc665014dc061032134f,7755a419b2db2f49132ad4ae83fc96bb9853c7d4,191.39,192.43,0.005433930717383461,0.13538211004560674,-0.3244444444444444,0,0
0,3,3,1,1,26,0,0,0,0,0,jsoup,java,7755a419b2db2f49132ad4ae83fc96bb9853c7d4,7bd5cf5b1caf75db802121fc2e82507a7f3f5a10,192.43,191.6,-0.004313256768695175,0.4553018964198552,0.16444444444444445,0,0
1,0,1,1,1,23,0,0,0,0,0,jsoup,java,7bd5cf5b1caf75db802121fc2e82507a7f3f5a10,d65510c8ed0f10561372838b1c15b9d8af658d8b,191.6,190.82,-0.0040709812108559555,0.2539640807819651,0.24888888888888888,0,0
42,29,71,3,1,38,0,0,0,0,0,jsoup,java,d65510c8ed0f10561372838b1c15b9d8af658d8b,fd46489cd718ddea7b28f89953265e7ce4ec8372,190.82,190.74,-0.000419243265904958,0.5614474146848649,0.1288888888888889,0,0
1,1,2,1,1,10,0,0,0,0,0,jsoup,java,fd46489cd718ddea7b28f89953265e7ce4ec8372,525d7c19ec44e5b4e462946f68746d6df74eb393,190.74,191.95,0.006343713956170596,0.6482039260122094,-0.10222222222222223,0,0
6,1,7,2,1,63,0,1,0,0,0,jsoup,java,525d7c19ec44e5b4e462946f68746d6df74eb393,0fe6d51fd8b026e6a860376b228533da66654fb4,191.95,191.99,0.00020838760093785081,0.6333259145156125,-0.10666666666666667,0,0
9,5,14,4,1,20,0,0,0,0,0,jsoup,java,0fe6d51fd8b026e6a860376b228533da66654fb4,e4417540b2d24ee5218dbbf14df1f0f63002db02,191.99,192.17,0.0009375488306681514,0.8357050269952793,-0.04888888888888889,0,0
2,2,4,1,1,32,0,0,0,0,0,jsoup,java,e4417540b2d24ee5218dbbf14df1f0f63002db02,a63ed9938a441c0496e7789b09e59d298370d9ae,192.17,192.33,0.0008325961388355364,0.7400217511938185,-0.07555555555555556,0,0
114,1,115,4,1,47,0,0,0,0,0,jsoup,java,a63ed9938a441c0496e7789b09e59d298370d9ae,1e576bbb7bb896b8f2ee7f3c20224d678fb21acf,192.33,189.27,-0.01591015442208705,0.05639236422683157,0.41333333333333333,0,0
11,6,17,4,1,36,0,0,0,0,0,jsoup,java,1e576bbb7bb896b8f2ee7f3c20224d678fb21acf,9e36f9e26cb8342ea54ad1379d6b1bfee718e90e,189.27,191.51,0.011834944787869079,0.0744956919139866,-0.38666666666666666,0,0
11,3,14,1,1,57,0,0,0,0,0,jsoup,java,9e36f9e26cb8342ea54ad1379d6b1bfee718e90e,a47a7e45dd22d293e4b1f4fd7fdf8b2d83e539be,191.51,190.97,-0.0028196960994203543,0.08149464839345506,0.37777777777777777,0,0
3,2,5,1,1,45,0,1,0,0,0,jsoup,java,a47a7e45dd22d293e4b1f4fd7fdf8b2d83e539be,8e3eeb5f41a21b57c407b24b4e9c5ee036847f1b,190.97,192.64,0.008744829030737747,0.12486035998214667,-0.3333333333333333,0,0
93,80,173,12,1,26,0,0,0,0,0,jsoup,java,8e3eeb5f41a21b57c407b24b4e9c5ee036847f1b,a4b5e826f2440b19ee2a98fdece7211433cfdaed,192.64,190.08,-0.013289036544850363,0.06196961991403871,0.40444444444444444,0,0
158,102,260,4,1,35,0,0,0,0,0,jsoup,java,a4b5e826f2440b19ee2a98fdece7211433cfdaed,e42ca3b8e00d611b5d3c0bb15ddff7163dd0f36a,190.08,191.52,0.007575757575757563,0.1646291514875744,-0.3022222222222222,0,0
6,4,10,1,1,13,0,0,0,0,0,jsoup,java,e42ca3b8e00d611b5d3c0bb15ddff7163dd0f36a,333fcc3f8df3ce8300730a08c012a1d0e1cf6b5c,191.52,191.59,0.0003654970760233562,0.9669147771731937,-0.013333333333333334,0,0
5,1,6,1,1,34,0,0,0,0,0,jsoup,java,333fcc3f8df3ce8300730a08c012a1d0e1cf6b5c,92392a674e3905c85f960696d99fe1f3e0c19413,191.59,191.27,-0.001670233310715555,0.7715511878155722,0.06666666666666667,0,0
12,12,24,3,1,28,0,0,0,0,0,jsoup,java,92392a674e3905c85f960696d99fe1f3e0c19413,27a445b029b02bced263a0686f40a4f373827953,191.27,188.23,-0.015893762743765465,0.13538211004560674,0.3244444444444444,0,0
111,7,118,9,1,56,0,0,0,0,0,jsoup,java,27a445b029b02bced263a0686f40a4f373827953,0fc3d6728ae270fb38f9778ad7fa2663060b50c7,188.23,190.92,0.01429102693513254,0.5614474146848649,-0.1288888888888889,0,0
7,0,7,1,1,19,0,0,0,0,0,jsoup,java,0fc3d6728ae270fb38f9778ad7fa2663060b50c7,e9e613706443fd1cd3458d1e5116c0498afd8b09,190.92,190.65,-0.0014142049025769004,0.48073111045562256,-0.15555555555555556,0,0
8,1,9,3,1,27,0,0,0,0,0,jsoup,java,e9e613706443fd1cd3458d1e5116c0498afd8b09,a9439f0c503ac8e0f009a0ec39f8bff1a6271d51,190.65,192.9,0.011801730920535011,0.5338294217441396,-0.13777777777777778,0,0
32,9,41,1,1,33,0,1,0,0,0,jsoup,java,a9439f0c503ac8e0f009a0ec39f8bff1a6271d51,b61a3e6b340b878b30c518e35c6066f559b5102e,192.9,192.92,0.00010368066355615246,0.5202360544447003,-0.14222222222222222,0,0
9,5,14,2,1,68,0,0,0,0,0,jsoup,java,b61a3e6b340b878b30c518e35c6066f559b5102e,fb588770a45a9ab6b64fce0f800d50ec225a42ee,192.92,190.95,-0.010211486626580961,0.06196961991403871,0.40444444444444444,0,0
12,1,13,2,1,36,0,0,0,0,0,jsoup,java,fb588770a45a9ab6b64fce0f800d50ec225a42ee,8d1d503913a68e549b5c4a94717c62cf3f64507a,190.95,147.43,-0.22791306624770874,3.3918213908250945e-06,1.0,0,0
20,0,20,2,1,59,0,0,0,0,0,jsoup,java,8d1d503913a68e549b5c4a94717c62cf3f64507a,468c5369b52ca45de3c7e54a3d2ddae352495851,147.43,148.05,0.004205385606728647,0.8357050269952793,-0.04888888888888889,0,0
103,28,131,10,1,55,0,0,0,0,0,jsoup,java,468c5369b52ca45de3c7e54a3d2ddae352495851,a0b87bf10a9a520b49748c619c868caed8d7a109,148.05,167.06,0.12840256670043898,3.3918213908250945e-06,-1.0,0,0
2,2,4,1,1,25,0,0,0,0,0,jsoup,java,a0b87bf10a9a520b49748c619c868caed8d7a109,9fdda9932e6420bb6a2b780107f39a6fa69fef99,167.06,168.1,0.006225308272476907,0.48073111045562256,-0.15555555555555556,0,0
10,4,14,3,1,51,0,0,0,0,0,jsoup,java,9fdda9932e6420bb6a2b780107f39a6fa69fef99,86d69ea625edc3650b50b8f13364c58a173fb9bf,168.1,165.37,-0.016240333135038608,0.0744956919139866,0.38666666666666666,0,0
74,12,86,5,1,61,0,1,0,0,0,jsoup,java,86d69ea625edc3650b50b8f13364c58a173fb9bf,de97030ff54ee0bd306cbc58bd8093645cc8a5dc,165.37,164.7,-0.004051520832073628,0.22902896662469463,0.26222222222222225,0,0
72,6,78,4,1,63,0,0,0,0,0,jsoup,java,de97030ff54ee0bd306cbc58bd8093645cc8a5dc,c2b1fe73129e9c23d93e5393ce8007995c1630dc,164.7,165.17,0.0028536733454766175,0.6783024655972324,-0.09333333333333334,0,0
25,4,29,4,2,36,0,1,0,0,0,jsoup,java,c2b1fe73129e9c23d93e5393ce8007995c1630dc,8371a171fcc3314a343223d83bcab7fa2c40c0c7,165.17,168.32,0.019071259914028006,0.08146074521015789,-0.37777777777777777,0,0
13,3,16,3,1,34,0,1,0,0,0,jsoup,java,8371a171fcc3314a343223d83bcab7fa2c40c0c7,a4210b7a958aa2eaff2b78881f5a1e16f8265dc8,168.32,165.01,-0.019664923954372637,0.022516067538003053,0.49333333333333335,0,0
24,5,29,3,1,33,0,0,0,0,0,jsoup,java,a4210b7a958aa2eaff2b78881f5a1e16f8265dc8,91ca25b341bc5ad1c364b8e7389287c45ca9df2c,165.01,167.7,0.016302042300466627,0.08898243209574083,-0.3688888888888889,0,0
111,9,120,4,2,76,0,1,0,0,0,jsoup,java,91ca25b341bc5ad1c364b8e7389287c45ca9df2c,f2ff26b63c74c379c52da1f9c58bf328598fd2ba,167.7,166.36,-0.007990459153249703,0.9669110984447616,-0.013333333333333334,0,0
32,2,34,4,2,83,0,0,0,0,0,jsoup,java,f2ff26b63c74c379c52da1f9c58bf328598fd2ba,f5fc1bb04c224865f8eee5ed718f4ffee0e18712,166.36,165.72,-0.00384707862466948,0.3614963660708982,0.2,0,0
120,3,123,5,1,77,1,0,0,0,0,jsoup,java,f5fc1bb04c224865f8eee5ed718f4ffee0e18712,5a570cf31e078c9b3865f93a37fbbde68c9799df,165.72,202.38,0.22121650977552496,3.3833394126542183e-06,-1.0,1,1
23,0,23,1,1,12,0,0,0,0,0,jsoup,java,5a570cf31e078c9b3865f93a37fbbde68c9799df,cfd1362861093f5836513fb1a7a9670f9c5c1de6,202.38,203.42,0.005138847712224489,0.2807349707913388,-0.23555555555555555,0,0
23,7,30,3,1,34,0,0,0,0,0,jsoup,java,cfd1362861093f5836513fb1a7a9670f9c5c1de6,a8d431bad9575d5f32d7b87252962a8aae02d59f,203.42,200.52,-0.014256218660898523,0.17102162039971303,0.29777777777777775,0,0
11,12,23,2,1,11,0,0,1,0,0,jsoup,java,a8d431bad9575d5f32d7b87252962a8aae02d59f,ef400e71e9d85b8bab30b28552bf1c339024d79f,200.52,200.36,-0.0007979253939756463,0.3400858902842717,0.2088888888888889,0,0
1,1,2,1,1,10,0,0,0,0,0,jsoup,java,ef400e71e9d85b8bab30b28552bf1c339024d79f,a7d704f2713cafb49356ed592a71772dde1f90e2,200.36,207.76,0.0369335196646036,4.387902033622725e-05,-0.88,0,0
0,1,1,1,1,13,0,0,0,0,0,jsoup,java,a7d704f2713cafb49356ed592a71772dde1f90e2,b891b6f54f7c53b0ca4510093251f0c1a81b02e6,207.76,208.3,0.0025991528686947463,0.7400217511938185,-0.07555555555555556,0,0
49,12,61,6,1,52,0,0,0,0,0,jsoup,java,b891b6f54f7c53b0ca4510093251f0c1a81b02e6,3a9bf46eeb36196d841c3fa05597e40a13f51f43,208.3,206.72,-0.007585213634181529,0.12486035998214667,0.3333333333333333,0,0
50,26,76,7,1,56,0,0,0,0,0,jsoup,java,3a9bf46eeb36196d841c3fa05597e40a13f51f43,279fbe120c5bd4221478481b78d31ddf41475360,206.72,203.56,-0.015286377708978312,0.005804982962200184,0.5955555555555555,0,0
11,0,11,1,1,14,0,0,1,0,0,jsoup,java,279fbe120c5bd4221478481b78d31ddf41475360,97758e74cbd39552f711480a4d1e4e5fe058efea,203.56,200.51,-0.014983297307919096,0.0744956919139866,0.38666666666666666,0,0
27,2,29,3,1,49,0,1,0,0,0,jsoup,java,97758e74cbd39552f711480a4d1e4e5fe058efea,128008e29c33cf6b3b20fde8f2bbd13ead98509c,200.51,202.43,0.009575582265223759,0.8682259903524354,-0.04,0,0
3,68,71,4,1,39,0,0,0,0,0,jsoup,java,128008e29c33cf6b3b20fde8f2bbd13ead98509c,5359490c56501b231d0d1d19e7eed4ffb37425d7,202.43,200.76,-0.008249765350985604,0.48073111045562256,0.15555555555555556,0,0
7,0,7,1,1,34,0,1,1,0,0,jsoup,java,5359490c56501b231d0d1d19e7eed4ffb37425d7,2d431412fc5a2fea8d7d4490c487e2012474011e,200.76,208.07,0.036411635784020735,1.0992164801504738e-05,-0.9466666666666667,0,0
7,5,12,1,1,44,0,0,0,0,0,jsoup,java,2d431412fc5a2fea8d7d4490c487e2012474011e,88e045eb50b304ecfb909eb9088c98bb46fe7806,208.07,206.15,-0.00922766376700143,0.14657603430900068,0.31555555555555553,0,0
177,757,934,34,2,99,0,0,0,0,0,jsoup,java,88e045eb50b304ecfb909eb9088c98bb46fe7806,4e0974876e256d7822769b246900eb726508ca55,206.15,150.18,-0.27150133398011156,3.3918213908250945e-06,1.0,0,0
754,152,906,34,26,941,1,1,1,0,0,jsoup,java,4e0974876e256d7822769b246900eb726508ca55,894d3ec9c71a324c007a4790604e6ca44e1d83c7,150.18,206.39,0.3742841923025701,3.3918213908250945e-06,-1.0,1,1
7,5,12,1,2,98,0,0,0,0,0,jsoup,java,894d3ec9c71a324c007a4790604e6ca44e1d83c7,c198334e12c68dd547fd4c63f892b14529f5fed6,206.39,209.04,0.01283976936867099,0.08149464839345506,-0.37777777777777777,0,0
3,5,8,1,1,56,0,0,0,0,0,jsoup,java,c198334e12c68dd547fd4c63f892b14529f5fed6,9297a22afcf1396c54539e0f225d048f794783ab,209.04,206.94,-0.010045924225028676,0.28084201086629845,0.23555555555555555,0,0
10,0,10,1,1,21,0,0,1,0,0,jsoup,java,9297a22afcf1396c54539e0f225d048f794783ab,d36f91a47fc5e4ae8a8b172d6822e5019abf356c,206.94,206.87,-0.00033826229825066774,0.5337839128515283,0.13777777777777778,0,0
77,10,87,4,1,32,0,0,0,0,0,jsoup,java,d36f91a47fc5e4ae8a8b172d6822e5019abf356c,fe92494c7716eeb04d5d4040cc43d67b8f2f4aaf,206.87,204.56,-0.011166433025571626,0.014385980397814321,0.5288888888888889,0,0
79,32,111,2,1,28,0,0,0,0,0,jsoup,java,fe92494c7716eeb04d5d4040cc43d67b8f2f4aaf,052dc1b1cac3dd4bfded785ce8c9dadc8b95f18c,204.56,203.5,-0.0051818537348455335,0.38373262766250305,0.19111111111111112,0,0
3,14,17,1,1,40,0,0,0,0,0,jsoup,java,052dc1b1cac3dd4bfded785ce8c9dadc8b95f18c,1a84ce3b0e3df1018088c59b7c4484df181a2fdb,203.5,205.31,0.008894348894348906,0.05123941919274439,-0.4222222222222222,0,0
29,31,60,5,1,32,0,0,0,0,0,jsoup,java,1a84ce3b0e3df1018088c59b7c4484df181a2fdb,4e052740436ce42efa1bf4cb49204f90e4796fd7,205.31,193.22,-0.058886561784618395,4.133036031778927e-06,0.9911111111111112,0,0
1,2,3,1,1,13,0,0,1,1,0,jsoup,java,4e052740436ce42efa1bf4cb49204f90e4796fd7,2ea6f9a8fc51b3a52754517523699b255beb5832,193.22,191.77,-0.007504399130524732,0.8356870092411566,0.04888888888888889,0,0
15,0,15,1,1,29,0,0,1,0,0,jsoup,java,2ea6f9a8fc51b3a52754517523699b255beb5832,6b2bf55e43ce17efb8d8ac15d5417d78c3eaad16,191.77,193.37,0.008343327944934005,0.8682259903524354,-0.04,0,0
0,2,2,1,1,16,0,0,0,0,0,jsoup,java,6b2bf55e43ce17efb8d8ac15d5417d78c3eaad16,3bd77f862826a9b3b1bd4c33a66af51cb467eea8,193.37,189.02,-0.0224957335677716,0.24548500120312422,0.25333333333333335,0,0
75,0,75,9,1,41,0,0,0,0,0,jsoup,java,3bd77f862826a9b3b1bd4c33a66af51cb467eea8,fb50d9635874185fc050735057b8a7363cd53f3f,189.02,190.54,0.008041477092371081,0.493682051010625,-0.1511111111111111,0,0
257,65,322,7,1,55,0,0,0,0,0,jsoup,java,fb50d9635874185fc050735057b8a7363cd53f3f,e02085409f0bdd7e71441fc62448192720305444,190.54,193.35,0.014747559567544885,0.01140098291155517,-0.5466666666666666,0,0
3,3,6,1,1,18,0,0,0,0,0,jsoup,java,e02085409f0bdd7e71441fc62448192720305444,0bec593106b90897b8b7b8f3ac82603ca56a0b6c,193.35,197.28,0.02032583397982936,0.0005759812107616887,-0.7422222222222222,0,0
2,2,4,1,1,64,0,0,0,0,0,jsoup,java,0bec593106b90897b8b7b8f3ac82603ca56a0b6c,a0711e57666055161a9eab9346e16e9ce2e0d547,197.28,197.75,0.002382400648824001,0.7400217511938185,-0.07555555555555556,0,0
5,5,10,1,1,62,0,0,0,0,0,jsoup,java,a0711e57666055161a9eab9346e16e9ce2e0d547,f91e1e8dac668024c693a2ecd238b1c6b7219c30,197.75,199.17,0.007180783817951896,0.6480578706792112,-0.10222222222222223,0,0
2,4,6,1,1,74,0,0,0,0,0,jsoup,java,f91e1e8dac668024c693a2ecd238b1c6b7219c30,d06d8f423439290032dbbb8211c58220fa13e7bd,199.17,197.14,-0.010192298036852947,0.21332278254094483,0.27111111111111114,0,0
252,252,504,1,1,23,0,1,0,0,0,jsoup,java,d06d8f423439290032dbbb8211c58220fa13e7bd,e81c35f9ffa3eb56a7cdff92ff2e5d44f5e7ac51,197.14,195.99,-0.005833417875621271,0.1844100692216365,0.28888888888888886,0,0
2,2,4,1,1,52,0,0,0,0,0,jsoup,java,e81c35f9ffa3eb56a7cdff92ff2e5d44f5e7ac51,6ef89226deae4683ccc0f2367db048278e94d5b0,195.99,197.3,0.006684014490535243,0.43064798984807773,-0.17333333333333334,0,0
6,3,9,2,1,24,0,0,0,0,0,jsoup,java,6ef89226deae4683ccc0f2367db048278e94d5b0,437c727f6c33272c7a971aa75cbfd38d666fc229,197.3,197.91,0.0030917384693359613,0.6186695570822622,-0.1111111111111111,0,0
7,193,200,17,1,43,0,0,0,0,0,jsoup,java,437c727f6c33272c7a971aa75cbfd38d666fc229,a7b0c2df028f49fa246c7b6a51b6b83011655865,197.91,197.59,-0.001616896569147558,0.9503844315376063,-0.017777777777777778,0,0
42,17,59,4,1,29,0,0,1,0,0,jsoup,java,a7b0c2df028f49fa246c7b6a51b6b83011655865,91fcf208945f458b176c2b6915b53bad095cf527,197.59,192.81,-0.02419150766739208,0.006189824426537995,0.5911111111111111,0,0
101,3,104,4,1,17,0,0,0,0,0,jsoup,java,91fcf208945f458b176c2b6915b53bad095cf527,50df99d6acacb32da25beb39ab4683edf5a48908,192.81,193.23,0.002178310253617486,0.7089232340537643,0.08444444444444445,0,0
14,7,21,5,1,38,0,0,0,0,0,jsoup,java,50df99d6acacb32da25beb39ab4683edf5a48908,a82d6b6ae8cb33cc7ccc78c7a805886a06b1dcd2,193.23,193.68,0.0023288309268747974,0.9669147771731937,0.013333333333333334,0,0
24,2,26,3,1,30,0,0,0,0,0,jsoup,java,a82d6b6ae8cb33cc7ccc78c7a805886a06b1dcd2,fbc7e76a2ac966a19b12c73147d3c6c8ab0eb61d,193.68,188.08,-0.028913672036348585,0.28084201086629845,0.23555555555555555,0,0
1,1,2,1,1,14,0,0,0,0,0,jsoup,java,fbc7e76a2ac966a19b12c73147d3c6c8ab0eb61d,08fa0064c33d0a076b425f53c550ee83e57d5c65,188.08,193.54,0.029030199914929708,0.020191414969204246,-0.5022222222222222,0,0
77,12,89,7,1,47,0,0,0,0,0,jsoup,java,08fa0064c33d0a076b425f53c550ee83e57d5c65,0a4bd07adf2f483207c0c0820f020a2361d841c3,193.54,191.8,-0.008990389583548522,0.06799575043506911,0.39555555555555555,0,0
2,1,3,1,1,43,0,0,1,0,0,jsoup,java,0a4bd07adf2f483207c0c0820f020a2361d841c3,52bbe52a0cc943708bb25f0a4c56421cfda2e1ae,191.8,200.37,0.044681960375390996,2.7983495853192978e-05,-0.9022222222222223,0,0
3,3,6,2,1,23,0,1,0,0,0,jsoup,java,52bbe52a0cc943708bb25f0a4c56421cfda2e1ae,1c51c84e68f0d76ee239a4a1ab52a487a4e2e764,200.37,197.52,-0.014223686180565924,0.02941788939920751,0.4711111111111111,0,0
64,6,70,5,1,51,0,0,0,0,0,jsoup,java,1c51c84e68f0d76ee239a4a1ab52a487a4e2e764,2080cbb75a2746123eb89db2bd9f923e7c109e15,197.52,195.86,-0.008404212231672724,0.4553018964198552,0.16444444444444445,0,0
28,7,35,2,1,28,1,0,0,0,0,jsoup,java,2080cbb75a2746123eb89db2bd9f923e7c109e15,f93f2fe951a73a386cac980ad917a675ee557f67,195.86,194.2,-0.008475441641989302,0.042110616791807005,0.44,0,0
19,4,23,3,1,45,0,0,0,0,0,jsoup,java,f93f2fe951a73a386cac980ad917a675ee557f67,fb79deab9ddac9ac494ab444ba0086b935c10e6e,194.2,196.0,0.009268795056642696,0.3195059648919748,-0.21777777777777776,0,0
11,10,21,3,1,41,0,0,0,0,0,jsoup,java,fb79deab9ddac9ac494ab444ba0086b935c10e6e,6f2fd07c9a0035e796e7b549598f13563a1a7d7d,196.0,193.05,-0.015051020408163208,0.03439744889250225,0.4577777777777778,0,0
129,38,167,8,1,31,0,0,0,0,0,jsoup,java,6f2fd07c9a0035e796e7b549598f13563a1a7d7d,979d5dd744b7cd30319965743b8a62269ba7845b,193.05,193.68,0.0032634032634032395,0.7400217511938185,-0.07555555555555556,0,0
14,14,28,5,1,45,0,0,0,0,0,jsoup,java,979d5dd744b7cd30319965743b8a62269ba7845b,528ba552b19ab2ae949feecb373ef85a0b126566,193.68,192.47,-0.0062474184221396525,0.4066824248843106,0.18222222222222223,0,0
1048,11,1059,7,1,33,0,0,0,0,0,jsoup,java,528ba552b19ab2ae949feecb373ef85a0b126566,62c0595813b817ec593b0941ca4c3f29d10fac55,192.47,193.51,0.005403439497064436,0.22902896662469463,-0.26222222222222225,0,0
7,1,8,2,1,43,0,0,0,0,0,jsoup,java,62c0595813b817ec593b0941ca4c3f29d10fac55,1d9f465895af9141e361b276322fc0bdb323b566,193.51,193.07,-0.0022737843005529315,0.3400858902842717,0.2088888888888889,0,0
11,2,13,3,1,26,0,0,0,0,0,jsoup,java,1d9f465895af9141e361b276322fc0bdb323b566,6e8241ab59152f1e87a9276654c67534124793c7,193.07,191.56,-0.007820997565649718,0.08149464839345506,0.37777777777777777,0,0
10,0,10,1,1,19,0,0,1,0,0,jsoup,java,6e8241ab59152f1e87a9276654c67534124793c7,006c6cc5cb279245b57a4327327ecded17a77849,191.56,191.82,0.001357277093338854,0.48073111045562256,-0.15555555555555556,0,0
41,7,48,3,1,43,0,0,0,0,0,jsoup,java,006c6cc5cb279245b57a4327327ecded17a77849,f4338e20a5e439632e3d2fc8fa3a330ade6d02ad,191.82,192.7,0.0045876342404337165,1.0,-0.0044444444444444444,0,0
44,10,54,5,1,37,0,0,0,0,0,jsoup,java,f4338e20a5e439632e3d2fc8fa3a330ade6d02ad,c5c5a735d3d3f643ee614e9f9f93a0978970cf20,192.7,191.81,-0.004618578100674553,0.4305454169461189,-0.17333333333333334,0,0
16,2,18,3,1,63,0,0,0,0,0,jsoup,java,c5c5a735d3d3f643ee614e9f9f93a0978970cf20,532360506bdc20ed6ae71d4ca16effd078a18266,191.81,192.9,0.005682706845315695,0.5614038666800154,0.1288888888888889,0,0
14,5,19,5,1,60,0,0,0,0,0,jsoup,java,532360506bdc20ed6ae71d4ca16effd078a18266,75815e2d6b743bbdffede8e46d80da5c9684385c,192.9,199.27,0.033022291342664614,7.477207640048691e-06,-0.9644444444444444,0,0
2,2,4,2,1,42,0,0,0,0,0,jsoup,java,75815e2d6b743bbdffede8e46d80da5c9684385c,f54857ed7a0423a0d5482b33308bc3d1a65bb97e,199.27,196.85,-0.012144326792793775,0.02253107159485839,0.49333333333333335,0,0
1,1,2,1,1,25,0,0,0,0,0,jsoup,java,f54857ed7a0423a0d5482b33308bc3d1a65bb97e,265653e3f2e04321fa327a5a32241de70cdbe234,196.85,197.61,0.0038608077216155416,0.48073111045562256,-0.15555555555555556,0,0
6,3,9,1,1,39,1,0,0,0,0,jsoup,java,265653e3f2e04321fa327a5a32241de70cdbe234,7a405918f4fdf71ebc2a8b07ce3f6fb09f987c0a,197.61,196.9,-0.003592935580183229,0.38373262766250305,0.19111111111111112,0,0
116,12,128,4,1,22,0,0,0,0,0,jsoup,java,7a405918f4fdf71ebc2a8b07ce3f6fb09f987c0a,bd64b0192c7d3485665afdc10805b587df19eab3,196.9,196.68,-0.0011173184357541842,0.8357050269952793,0.04888888888888889,0,0
1,0,1,1,1,11,0,0,0,0,0,jsoup,java,bd64b0192c7d3485665afdc10805b587df19eab3,5d864bd94f7c301364878e54b72cfe402e46e925,196.68,194.31,-0.012050030506406368,0.05639236422683157,0.41333333333333333,0,0
22,0,22,1,1,33,0,0,1,0,0,jsoup,java,5d864bd94f7c301364878e54b72cfe402e46e925,50fae5bf22955a0b34f512cac9bf77c71257c889,194.31,192.55,-0.009057691317996969,0.3614963660708982,0.2,0,0
1037,0,1037,2,1,34,0,0,1,0,0,jsoup,java,50fae5bf22955a0b34f512cac9bf77c71257c889,19be649e596b3066ed0d98d009cdd5b73d14c08d,192.55,194.99,0.012672033238119957,0.22902896662469463,-0.26222222222222225,0,0
132,91,223,5,1,44,0,0,0,0,0,jsoup,java,19be649e596b3066ed0d98d009cdd5b73d14c08d,d9dfc4a6f2769a7211113b54427b5fd8966f418a,194.99,146.37,-0.24934612031386227,3.3918213908250945e-06,1.0,0,0
102,9,111,3,1,52,0,0,0,0,0,jsoup,java,d9dfc4a6f2769a7211113b54427b5fd8966f418a,a657ae0240b875a703a1e4909d56ad59997d362d,146.37,150.67,0.029377604700416636,9.661535870152319e-05,-0.84,0,0
15,11,26,2,1,39,1,0,0,0,0,jsoup,java,a657ae0240b875a703a1e4909d56ad59997d362d,9d9e53c8f5ab7d5dfa689ff39ee9e5dc5f7a881e,150.67,146.19,-0.029733855445675916,1.6053092802023668e-05,0.9288888888888889,0,0
526,465,991,1,1,31,0,0,0,0,0,jsoup,java,9d9e53c8f5ab7d5dfa689ff39ee9e5dc5f7a881e,c693d6e42a06c09fca13dab8bd2c8d465481badb,146.19,148.92,0.018674327929406865,0.007016199234239618,-0.5822222222222222,0,0
548,532,1080,1,1,42,0,0,0,0,0,jsoup,java,c693d6e42a06c09fca13dab8bd2c8d465481badb,1f5ffb85c35e0fd42fcefc1eb562e36d809a3d15,148.92,147.28,-0.01101262422777321,0.43064798984807773,0.17333333333333334,0,0
47,20,67,4,1,33,1,0,0,0,0,jsoup,java,1f5ffb85c35e0fd42fcefc1eb562e36d809a3d15,696461b3288ad792ae41d057693a07b7e01d0635,147.28,146.08,-0.008147745790331264,0.21337370709311831,0.27111111111111114,0,0
7,2,9,1,1,45,0,0,0,0,0,jsoup,java,696461b3288ad792ae41d057693a07b7e01d0635,ebd2a773d67e8d1d042607fd2458f92e18b9203b,146.08,146.28,0.0013691128148958696,0.7399659878307654,-0.07555555555555556,0,0
2,7,9,1,1,60,0,0,0,0,0,jsoup,java,ebd2a773d67e8d1d042607fd2458f92e18b9203b,51278145ef4f55e7b45276ac071332a53e6b19a6,146.28,146.8,0.0035548263604047734,0.3614963660708982,0.2,0,0
107,87,194,2,1,35,0,0,0,0,0,jsoup,java,51278145ef4f55e7b45276ac071332a53e6b19a6,328f2e4ea8edb4c993051ba6834f12cde513657e,146.8,146.87,0.0004768392370571742,0.48073111045562256,-0.15555555555555556,0,0
51,19,70,7,1,43,0,0,0,0,0,jsoup,java,328f2e4ea8edb4c993051ba6834f12cde513657e,9675a92b41593244d6d3ecd99425aeb19e2a6219,146.87,143.2,-0.024988084700755878,0.0017365387070184752,0.6755555555555556,0,0
3,0,3,1,1,18,0,0,0,0,0,jsoup,java,9675a92b41593244d6d3ecd99425aeb19e2a6219,fb9aa17b42dc62a087634788b93d9cba9d91d203,143.2,148.28,0.03547486033519562,0.0003609347195741741,-0.7688888888888888,0,0
2,2,4,1,1,52,0,0,0,0,0,jsoup,java,fb9aa17b42dc62a087634788b93d9cba9d91d203,dcf3c8ba5a0963260999f463ee80b6a787928bb9,148.28,146.04,-0.015106555165902409,0.0744956919139866,0.38666666666666666,0,0
2,2,4,1,1,62,0,0,0,0,0,jsoup,java,dcf3c8ba5a0963260999f463ee80b6a787928bb9,1330299a3d763b05f1a29296328c1105a1f791c9,146.04,145.38,-0.004519309778142951,0.5338294217441396,0.13777777777777778,0,0
1,1,2,1,1,13,0,0,0,0,0,jsoup,java,1330299a3d763b05f1a29296328c1105a1f791c9,e807847d7c56c2014df8a3945d94585cccc13ddd,145.38,146.33,0.006534598981978381,0.9174021048159461,-0.02666666666666667,0,0
17,0,17,1,1,36,0,0,0,0,0,jsoup,java,e807847d7c56c2014df8a3945d94585cccc13ddd,5136929fea4c786ddccc040da84905a3546e92ba,146.33,143.51,-0.019271509601585603,0.01806662299891238,0.5111111111111111,0,0
84,10574,10658,31,1,46,0,0,0,0,0,jsoup,java,5136929fea4c786ddccc040da84905a3546e92ba,34715b3858bcdbae76d0bb31921ef6a806632a86,143.51,149.95,0.04487492160825028,1.601826372253544e-05,-0.9288888888888889,0,0
2,3,5,2,1,20,0,0,0,0,0,jsoup,java,34715b3858bcdbae76d0bb31921ef6a806632a86,89d9677ff905e2b19cc70f8875f64a340e0f5aae,149.95,145.36,-0.030610203401133546,2.7926082703253632e-05,0.9022222222222223,0,0
8,2,10,2,1,36,0,0,0,0,0,jsoup,java,89d9677ff905e2b19cc70f8875f64a340e0f5aae,140b48a58568c9614ad91773598b56891bb70bac,145.36,145.07,-0.0019950467804074053,0.575468379776696,0.12444444444444444,0,0
174,179,353,25,1,81,0,0,1,0,0,jsoup,java,140b48a58568c9614ad91773598b56891bb70bac,8ddcef3c420f64689ae486237291daf975940973,145.07,145.85,0.005376714689460269,0.3094743057014513,-0.2222222222222222,0,0
59,13,72,4,1,30,1,0,0,0,0,jsoup,java,8ddcef3c420f64689ae486237291daf975940973,8c50f6f6a76964a0f16e4e3aea127321903c079a,145.85,144.07,-0.01220431950634214,0.042110616791807005,0.44,0,0
477,497,974,49,1,25,0,0,0,0,0,jsoup,java,8c50f6f6a76964a0f16e4e3aea127321903c079a,8e432a5f5fde4694834ce23c5ac1503ce8d381bc,144.07,189.41,0.3147081279933366,3.3918213908250945e-06,-1.0,1,1
12,16,28,3,1,34,0,0,0,0,0,jsoup,java,8e432a5f5fde4694834ce23c5ac1503ce8d381bc,6b103e1e9d4bfcef5a10bcb7be5c827894bd75ce,189.41,185.91,-0.01847843302887915,0.0014040790204992788,0.6888888888888889,0,0
1,0,1,1,1,23,0,0,1,0,0,jsoup,java,6b103e1e9d4bfcef5a10bcb7be5c827894bd75ce,23a0e22ede7a83c7c8ea61d7877be414c2f9abf1,185.91,186.14,0.001237157764509654,1.0,-0.0044444444444444444,0,0
1,13,14,1,1,39,0,0,0,0,1,jsoup,java,23a0e22ede7a83c7c8ea61d7877be414c2f9abf1,89580cc3d25d0d89ac1f46b349e5cd315883dc79,186.14,184.87,-0.006822821532179982,0.28084201086629845,0.23555555555555555,0,0
22,0,22,1,1,59,0,0,1,0,0,jsoup,java,89580cc3d25d0d89ac1f46b349e5cd315883dc79,653d5e7c832b33b793d110b0feea549a2604eb65,184.87,184.82,-0.00027046032347060835,0.6783024655972324,-0.09333333333333334,0,0
7,43,50,4,1,43,0,0,0,0,0,jsoup,java,653d5e7c832b33b793d110b0feea549a2604eb65,6dba1650712043c8292e67a68bbc9493247d61e8,184.82,185.53,0.003841575587057721,0.9669147771731937,-0.013333333333333334,0,0
1,1,2,1,1,68,0,0,0,0,1,jsoup,java,6dba1650712043c8292e67a68bbc9493247d61e8,6c689fce6aae9410b01bb47c12679662ba3df5d8,185.53,186.35,0.004419770387538367,0.6935179289009736,-0.08888888888888889,0,0
3,1,4,2,1,18,0,1,0,0,1,jsoup,java,6c689fce6aae9410b01bb47c12679662ba3df5d8,c52f8312c2838918e27865370a4a7fef1bd986ea,186.35,183.77,-0.01384491548162052,0.28084201086629845,0.23555555555555555,0,0
9,1,10,2,1,125,0,0,0,0,0,jsoup,java,c52f8312c2838918e27865370a4a7fef1bd986ea,22405b7980ec56d4570c24eb1cda612d5f6775dd,183.77,184.23,0.0025031289111388123,0.8682259903524354,0.04,0,0
1,1,2,1,1,31,0,0,0,0,0,jsoup,java,22405b7980ec56d4570c24eb1cda612d5f6775dd,54a3740dc26eeecbbac4770a977431cc91162e18,184.23,188.33,0.022254790207892432,0.001619713575230349,-0.68,0,0
6,10,16,2,1,48,0,0,0,0,0,jsoup,java,54a3740dc26eeecbbac4770a977431cc91162e18,6ea3c3676bc7f53636dd1db0b5e6937282473798,188.33,70.4,-0.6261880741252057,3.3918213908250945e-06,1.0,0,0
14,11,25,1,1,71,1,0,0,0,0,jsoup,java,6ea3c3676bc7f53636dd1db0b5e6937282473798,6e24d79eb0726ef97aa7e579195a650569894fe0,70.4,68.45,-0.027698863636363674,0.43064798984807773,0.17333333333333334,0,0
10,4,14,1,1,24,0,0,0,0,0,jsoup,java,6e24d79eb0726ef97aa7e579195a650569894fe0,aa36135f58ada8c5198de0a541009357aa21db4e,68.45,70.63,0.0318480642804966,0.39510552151381173,-0.18666666666666668,0,0
13,14,27,2,1,54,0,0,0,0,0,jsoup,java,aa36135f58ada8c5198de0a541009357aa21db4e,c0b275361ce8409f85de3573d89f6a617f0084d5,70.63,70.82,0.0026900750389352644,0.3614429517167129,-0.2,0,0
8,9,17,3,1,27,0,0,0,0,0,jsoup,java,c0b275361ce8409f85de3573d89f6a617f0084d5,28a4591949d5cb7d6c59a1dcfa5ee83048ad139a,70.82,70.54,-0.003953685399604447,0.8034411566561627,0.057777777777777775,0,0
4,2,6,1,1,33,0,0,0,0,0,jsoup,java,28a4591949d5cb7d6c59a1dcfa5ee83048ad139a,ee53143738f61fe9e85daf4fa5e4ebe00830caf0,70.54,186.02,1.6370853416501274,3.3918213908250945e-06,-1.0,1,1
14,3,17,1,1,22,0,0,0,0,0,jsoup,java,ee53143738f61fe9e85daf4fa5e4ebe00830caf0,62f5035bc6b466f59231c59a7ed414db8783c0c3,186.02,184.76,-0.006773465218793782,0.2716411207573157,0.24,0,0
6,4,10,1,1,14,0,0,0,0,0,jsoup,java,62f5035bc6b466f59231c59a7ed414db8783c0c3,2ccd3f886857d2189254aaa198c8257dacd6964c,184.76,186.81,0.011095475211084713,0.08149464839345506,-0.37777777777777777,0,0
49,22,71,7,1,40,0,1,0,0,0,jsoup,java,2ccd3f886857d2189254aaa198c8257dacd6964c,6e3c98c4a578fb7910241e72a5a33014bb8e85f1,186.81,186.72,-0.0004817729243616691,0.8682259903524354,0.04,0,0
9,1,10,2,1,53,0,0,0,0,0,jsoup,java,6e3c98c4a578fb7910241e72a5a33014bb8e85f1,f6388656f6c1ce111bc2dd158bf5a3732bda0605,186.72,186.42,-0.0016066838046273103,0.7089232340537643,-0.08444444444444445,0,0
29,1,30,2,1,73,0,0,0,0,0,jsoup,java,f6388656f6c1ce111bc2dd158bf5a3732bda0605,27b656744b273eca3f43111fe20cc15aa978e52d,186.42,186.35,-0.0003754961913957364,0.2997583700887151,0.22666666666666666,0,0
0,9,9,1,1,48,0,0,0,0,0,jsoup,java,27b656744b273eca3f43111fe20cc15aa978e52d,a4edbe03d1eee65f19c8727b1356763523438d09,186.35,186.26,-0.0004829621679635278,0.6783024655972324,-0.09333333333333334,0,0
986,707,1693,12,1,48,0,0,0,0,0,jsoup,java,a4edbe03d1eee65f19c8727b1356763523438d09,02bb8a90cad36fe00cf5887a2924df658b084ff5,186.26,186.77,0.002738108021045954,0.6783024655972324,-0.09333333333333334,0,0
11,0,11,2,1,42,0,0,0,0,1,jsoup,java,02bb8a90cad36fe00cf5887a2924df658b084ff5,dc33b400cea01d76905ddadc12e5125427cbc264,186.77,184.89,-0.010065856400921046,0.05909820641903671,0.4088888888888889,0,0
37,0,37,3,1,67,0,0,0,0,0,jsoup,java,dc33b400cea01d76905ddadc12e5125427cbc264,9edccb17aec39e0c4d1182dac88b91c634fdf456,184.89,182.96,-0.010438639190870132,0.4067868333984651,0.18222222222222223,0,0
5,1,6,1,1,49,0,0,0,0,0,jsoup,java,9edccb17aec39e0c4d1182dac88b91c634fdf456,4df2bcd184dcf33f145c1ab3f3a11cd789546a14,182.96,185.75,0.015249234805421907,0.08149464839345506,-0.37777777777777777,0,0
1,1,2,1,1,21,0,0,0,0,0,jsoup,java,4df2bcd184dcf33f145c1ab3f3a11cd789546a14,e8ae03d25c0bd50d433fbf493834484b068e5479,185.75,185.0,-0.004037685060565276,0.6040860725185493,0.11555555555555555,0,0
101,12,113,9,1,44,0,0,0,0,0,jsoup,java,e8ae03d25c0bd50d433fbf493834484b068e5479,d45098eb5657e83880476fd1f7ff257f0ba6b59c,185.0,186.14,0.006162162162162088,0.11498741920155964,-0.3422222222222222,0,0
8,19,27,3,1,19,0,0,1,1,0,jsoup,java,d45098eb5657e83880476fd1f7ff257f0ba6b59c,43c35a792cf234c2c86616a81a4097c0d3ab693d,186.14,190.15,0.02154292468034823,0.036182064932188326,-0.4533333333333333,0,0
8,10,18,5,1,18,0,0,0,0,0,jsoup,java,43c35a792cf234c2c86616a81a4097c0d3ab693d,ee05221daeba68e00fb452341b13dd6520334630,190.15,187.12,-0.01593478832500658,0.05123941919274439,0.4222222222222222,0,0
36,7,43,3,1,55,0,1,0,0,0,jsoup,java,ee05221daeba68e00fb452341b13dd6520334630,a7c07d968dd76c24cea805363f00550a84e15533,187.12,187.71,0.003153056861906816,0.9009714934164412,-0.03111111111111111,0,0
7,2,9,2,1,14,0,0,0,0,0,jsoup,java,a7c07d968dd76c24cea805363f00550a84e15533,457aea0619e1dad63e03a8b7b7a61d030d5ec946,187.71,187.75,0.00021309466730590827,0.5897385933186072,-0.12,0,0
15,10,25,1,1,27,0,0,0,0,0,jsoup,java,457aea0619e1dad63e03a8b7b7a61d030d5ec946,4dc96506ca76074e59341cf1e7ef46450baf777a,187.75,185.17,-0.013741677762982756,0.11498741920155964,0.3422222222222222,0,0
27,0,27,3,1,32,0,0,0,0,0,jsoup,java,4dc96506ca76074e59341cf1e7ef46450baf777a,5727d18a04df73982ce8e6d77e965cb768cfee7d,185.17,186.41,0.006696549117027646,0.4305454169461189,-0.17333333333333334,0,0
228,90,318,13,1,47,0,0,0,0,0,jsoup,java,5727d18a04df73982ce8e6d77e965cb768cfee7d,77fcaf4dcdc8fd185e2f5d8eb6aa9c425a38bc9b,186.41,185.65,-0.004077034493857577,0.4067868333984651,0.18222222222222223,0,0
109,34,143,9,1,68,0,0,0,0,0,jsoup,java,77fcaf4dcdc8fd185e2f5d8eb6aa9c425a38bc9b,415f625565edde917945beedb201285d744365d3,185.65,186.5,0.004578507945057874,0.26275304114766074,-0.24444444444444444,0,0
8,8,16,1,1,17,0,0,0,0,0,jsoup,java,415f625565edde917945beedb201285d744365d3,b03e2d2ef38a44bd3e15eb790d6bfcc6aaf5b34f,186.5,187.12,0.0033243967828418476,0.6186695570822622,-0.1111111111111111,0,0
90,71,161,19,1,28,0,0,0,0,0,jsoup,java,b03e2d2ef38a44bd3e15eb790d6bfcc6aaf5b34f,9b8e81ab9b7c92d59bfa3977f9ee5cb78ee5b40c,187.12,190.66,0.018918341171440745,0.010121802247772722,-0.5555555555555556,0,0
1,0,1,1,1,55,0,0,0,0,0,jsoup,java,9b8e81ab9b7c92d59bfa3977f9ee5cb78ee5b40c,1350463cd819c924497f1cc260ab0096ea270e34,190.66,187.32,-0.01751809503828807,0.02792505735330741,0.47555555555555556,0,0
19,3,22,3,1,50,0,0,0,0,0,jsoup,java,1350463cd819c924497f1cc260ab0096ea270e34,532b79a61ae8191e2927c59300af68d18a54aa4e,187.32,186.32,-0.00533845825325646,0.5896558053941625,0.12,0,0
15,5,20,3,1,48,0,0,0,0,0,jsoup,java,532b79a61ae8191e2927c59300af68d18a54aa4e,20797a47313b115eb220f4df74d39da9de94f5e0,186.32,186.09,-0.0012344353799913577,0.5614474146848649,0.1288888888888889,0,0
1,0,1,1,1,14,0,0,0,0,0,jsoup,java,20797a47313b115eb220f4df74d39da9de94f5e0,3c37bffed94c19c5f500217eb568bcdf394be64e,186.09,185.48,-0.0032779837712935333,0.7715511878155722,0.06666666666666667,0,0
20,11,31,6,1,34,1,0,0,0,0,jsoup,java,3c37bffed94c19c5f500217eb568bcdf394be64e,afd73606a90909444e1c443b555dae7b71e6a5a0,185.48,209.61,0.13009488893681273,3.3918213908250945e-06,-1.0,0,0
131,23,154,9,1,64,0,0,0,0,0,jsoup,java,afd73606a90909444e1c443b555dae7b71e6a5a0,724b2c5bf576cbd548738756bfe5f7a7b90c6239,209.61,209.56,-0.00023853823767955423,0.6482039260122094,0.10222222222222223,0,0
30,0,30,1,1,37,0,0,1,0,0,jsoup,java,724b2c5bf576cbd548738756bfe5f7a7b90c6239,690d601950bf44fc84dcc711b2ef265f9542df62,209.56,206.99,-0.012263790799770916,0.4067868333984651,0.18222222222222223,0,0
15,0,15,1,1,36,0,0,1,0,0,jsoup,java,690d601950bf44fc84dcc711b2ef265f9542df62,3f75b90de261b6a19121fd07cd477f45fc500bde,206.99,206.95,-0.00019324605053394107,0.5338294217441396,-0.13777777777777778,0,0
49,0,49,1,1,32,0,0,0,0,0,jsoup,java,3f75b90de261b6a19121fd07cd477f45fc500bde,6a047bfe495d4c8ae827c9522fbf3fa525d8fdd7,206.95,206.93,-9.664170089384784e-05,0.9669147771731937,-0.013333333333333334,0,0
15,20,35,2,1,21,0,1,0,0,0,jsoup,java,6a047bfe495d4c8ae827c9522fbf3fa525d8fdd7,982c993a1b886a807d7facc47dcb29dbed2961f3,206.93,207.64,0.00343111197023138,0.9338864180775845,-0.022222222222222223,0,0
54,27,81,4,1,35,0,0,1,0,0,jsoup,java,982c993a1b886a807d7facc47dcb29dbed2961f3,1b170925e005cb7d42c874827d72d677cfee74b2,207.64,207.22,-0.0020227316509342495,0.9009714934164412,0.03111111111111111,0,0
1123,90,1213,6,1,61,0,0,0,0,0,jsoup,java,1b170925e005cb7d42c874827d72d677cfee74b2,60bf584667ab1e3cb03ad02209b3b9006bb58519,207.22,212.35,0.024756297654666515,0.04648668639528603,-0.4311111111111111,0,0
15,11,26,3,1,61,0,0,0,0,0,jsoup,java,60bf584667ab1e3cb03ad02209b3b9006bb58519,af763d07c41085fcf518e547857d419ffb455d52,212.35,216.44,0.019260654579703336,0.010121802247772722,-0.5555555555555556,0,0
0,15,15,1,1,24,0,0,0,0,0,jsoup,java,af763d07c41085fcf518e547857d419ffb455d52,1c5071f150d20b17e47707c6db72e72fa299be15,216.44,209.84,-0.03049343929033448,0.001619713575230349,0.68,0,0
2,7,9,1,1,31,0,0,0,0,0,jsoup,java,1c5071f150d20b17e47707c6db72e72fa299be15,c2ef8e9785d814fcb2b805df120a99036267ed81,209.84,209.54,-0.0014296606938620443,1.0,-0.0044444444444444444,0,0
1,1,2,1,1,5,0,0,0,0,0,jsoup,java,c2ef8e9785d814fcb2b805df120a99036267ed81,b482e0081bf51e4d6f94393fef4d1dc743fe41dd,209.54,209.77,0.001097642454901299,0.5337839128515283,0.13777777777777778,0,0
13,13,26,1,1,23,0,0,0,0,0,jsoup,java,b482e0081bf51e4d6f94393fef4d1dc743fe41dd,50576455fd4f244375d05b029c25b3b17edfbb74,209.77,208.96,-0.0038613719788339715,0.7715511878155722,-0.06666666666666667,0,0
18,1,19,2,1,15,0,0,1,0,0,jsoup,java,50576455fd4f244375d05b029c25b3b17edfbb74,1a0ba6a331a2776ae56d0111481f4b25e67bb1a5,208.96,210.47,0.007226263399693678,0.9669147771731937,0.013333333333333334,0,0
1,1,2,1,1,5,0,0,0,0,0,jsoup,java,1a0ba6a331a2776ae56d0111481f4b25e67bb1a5,45f62328cf44c396ad15be266197807cf42ca0f8,210.47,208.77,-0.008077160640471271,0.5614474146848649,0.1288888888888889,0,0
86,15,101,4,1,53,0,0,0,0,0,jsoup,java,45f62328cf44c396ad15be266197807cf42ca0f8,d66decd3c6ce450c19f276e9693a2727b7aa9748,208.77,212.06,0.015758969200555598,0.14657603430900068,-0.31555555555555553,0,0
4,2,6,2,1,21,0,0,0,0,0,jsoup,java,d66decd3c6ce450c19f276e9693a2727b7aa9748,fbd74e726108934eb7002a24aeef60c589eafdef,212.06,211.4,-0.0031123266999905524,0.755709307865404,0.07111111111111111,0,0
384,182,566,6,1,85,0,0,0,0,0,jsoup,java,fbd74e726108934eb7002a24aeef60c589eafdef,3afde5830e5bc811dfaf214be86652e2c1f95489,211.4,212.49,0.0051561021759697415,0.6186695570822622,-0.1111111111111111,0,0
79,15,94,4,1,63,0,0,0,0,0,jsoup,java,3afde5830e5bc811dfaf214be86652e2c1f95489,28792633d291818bca6cdcc1ed890afe8ca8b4ea,212.49,210.51,-0.009318085556967472,0.7089232340537643,0.08444444444444445,0,0
8,6,14,1,1,39,0,0,0,0,0,jsoup,java,28792633d291818bca6cdcc1ed890afe8ca8b4ea,79496d8d047f2d0774e0ad9d8169a021cb828fab,210.51,215.7,0.024654410716830544,0.1408494216179361,-0.32,0,0
12,9,21,1,1,33,0,0,0,0,0,jsoup,java,79496d8d047f2d0774e0ad9d8169a021cb828fab,032f021538a1cca90278c2cdf5321c95b7b61083,215.7,210.34,-0.02484932777005093,0.042110616791807005,0.44,0,0
91,2,93,7,1,56,0,0,0,0,0,jsoup,java,032f021538a1cca90278c2cdf5321c95b7b61083,21b01b258952fd6aeb55d061f98321e5b9fe93e0,210.34,213.4,0.014547874869259306,0.05123941919274439,-0.4222222222222222,0,0
1,1,2,1,1,19,0,0,0,0,0,jsoup,java,21b01b258952fd6aeb55d061f98321e5b9fe93e0,f104b5ad54eeeee2eae319242e5f3ccd92c7deb9,213.4,215.11,0.008013120899718874,0.6783024655972324,-0.09333333333333334,0,0
16,0,16,1,1,39,0,0,0,0,0,jsoup,java,f104b5ad54eeeee2eae319242e5f3ccd92c7deb9,dd054bb724f25f2ecfaa6fd9e6c1ce51186d0d66,215.11,212.74,-0.01101761889265959,0.3400858902842717,0.2088888888888889,0,0
33,2,35,3,1,68,0,0,0,0,0,jsoup,java,dd054bb724f25f2ecfaa6fd9e6c1ce51186d0d66,7cf9d03bf311494df652a05c2528eb06b2373f9d,212.74,216.64,0.0183322365328569,0.5614474146848649,-0.1288888888888889,0,0
19,0,19,1,1,44,0,0,0,0,0,jsoup,java,7cf9d03bf311494df652a05c2528eb06b2373f9d,8e7dedbb257d2080b058cb732d068114d4b2bb67,216.64,215.27,-0.006323855243722194,0.6186695570822622,0.1111111111111111,0,0
36,18,54,6,1,47,0,0,0,0,0,jsoup,java,8e7dedbb257d2080b058cb732d068114d4b2bb67,4861505419b35b5373d00840b3f06775ccbf1454,215.27,215.4,0.0006038927858038531,0.5614474146848649,-0.1288888888888889,0,0
26,20,46,1,1,49,0,0,0,0,0,jsoup,java,4861505419b35b5373d00840b3f06775ccbf1454,42d77caa66546bfeb4451b0061c74569e3100815,215.4,214.83,-0.002646239554317517,0.43064798984807773,0.17333333333333334,0,0
43,17,60,4,1,49,0,0,0,0,0,jsoup,java,42d77caa66546bfeb4451b0061c74569e3100815,165b3c8225eaed0dd3bff1284375b1ff4340c9ad,214.83,213.16,-0.007773588418749783,0.7400217511938185,0.07555555555555556,0,0
6,7,13,1,1,26,0,0,0,0,0,jsoup,java,165b3c8225eaed0dd3bff1284375b1ff4340c9ad,40a7d354d59bdf3d22c09586a3ea7d85b22b9ea1,213.16,216.64,0.016325764683805543,0.1844100692216365,-0.28888888888888886,0,0
13,1,14,3,1,33,0,0,0,0,0,jsoup,java,40a7d354d59bdf3d22c09586a3ea7d85b22b9ea1,ec03d27474df95abcf36e038e1c98997f57096e0,216.64,212.37,-0.019710118168389874,0.28084201086629845,0.23555555555555555,0,0
9,0,9,1,1,32,0,0,0,0,0,jsoup,java,ec03d27474df95abcf36e038e1c98997f57096e0,90fd58cdaee35d4e9b4b9a405bf155be12b02b0b,212.37,214.36,0.009370438385836084,0.8034411566561627,-0.057777777777777775,0,0
1,1,2,1,1,22,0,0,0,0,0,jsoup,java,90fd58cdaee35d4e9b4b9a405bf155be12b02b0b,78e14c4b7bd13baef6f153ecbcc91e21d2f929a3,214.36,219.29,0.02299869378615403,0.06194060062705199,-0.40444444444444444,0,0
1,1,2,1,1,21,0,0,0,0,0,jsoup,java,78e14c4b7bd13baef6f153ecbcc91e21d2f929a3,0802228b14ca2bf411bd06c69dc562d0b8e96a36,219.29,211.96,-0.03342605681973635,0.010121802247772722,0.5555555555555556,0,0
18,0,18,1,1,51,0,0,1,0,0,jsoup,java,0802228b14ca2bf411bd06c69dc562d0b8e96a36,5174584e4d52135e82652d021aa2faf64bf31074,211.96,214.99,0.014295150028307233,0.8034625743147712,-0.057777777777777775,0,0
1,1,2,1,1,13,0,0,0,0,0,jsoup,java,5174584e4d52135e82652d021aa2faf64bf31074,1736e79861a2b17923e0b4e5b35ffccd729b3026,214.99,215.55,0.0026047723149914053,0.8034625743147712,-0.057777777777777775,0,0
2,6,8,2,1,55,0,0,0,0,0,jsoup,java,1736e79861a2b17923e0b4e5b35ffccd729b3026,7d4f963539e6206af7f79af5ef08c8fb7535746c,215.55,211.2,-0.02018093249826037,0.1844100692216365,0.28888888888888886,0,0
171,102,273,7,1,75,0,0,0,0,0,jsoup,java,7d4f963539e6206af7f79af5ef08c8fb7535746c,55e5a4284e0b45f57380f062a933a746564b264a,211.2,216.36,0.0244318181818183,0.08149464839345506,-0.37777777777777777,0,0
870,80,950,27,1,82,0,0,0,0,0,jsoup,java,55e5a4284e0b45f57380f062a933a746564b264a,b431fb2dd002c0425d5938ca2ce4d1c967336a5b,216.36,222.46,0.028193751155481575,0.0007802051762911044,-0.7244444444444444,0,0
3,4,7,1,1,59,1,0,0,0,0,jsoup,java,b431fb2dd002c0425d5938ca2ce4d1c967336a5b,73e23c1aafe283c227b22993a9c9510d1113ac86,222.46,216.41,-0.027195900386586404,0.01140098291155517,0.5466666666666666,0,0
18,15,33,2,1,37,0,0,0,0,0,jsoup,java,73e23c1aafe283c227b22993a9c9510d1113ac86,ae9a18c9e1382b5d8bad14d09279eda725490c25,216.41,215.01,-0.006469201977727488,0.7715264784488729,0.06666666666666667,0,0
21,0,21,1,1,39,0,0,0,0,0,jsoup,java,ae9a18c9e1382b5d8bad14d09279eda725490c25,8a168eafd89ecbc109f811cfa2056f0722eaff0b,215.01,219.46,0.020696711780847483,0.016128459987089144,-0.52,0,0
33,6,39,5,1,48,0,0,0,0,0,jsoup,java,8a168eafd89ecbc109f811cfa2056f0722eaff0b,528d85f3a99bf3a064eb8582af0643e1cc65f206,219.46,218.86,-0.00273398341383393,0.26275304114766074,0.24444444444444444,0,0
29,5,34,3,1,37,0,0,0,0,0,jsoup,java,528d85f3a99bf3a064eb8582af0643e1cc65f206,14419a6b6bd7be5d6a2b68f90edec48fd8032bf8,218.86,215.24,-0.01654025404368091,0.48073111045562256,0.15555555555555556,0,0
19,7,26,4,1,42,0,1,0,0,0,jsoup,java,14419a6b6bd7be5d6a2b68f90edec48fd8032bf8,33da0583c5dff6b20b291f4709addf2afbea8ecb,215.24,217.07,0.008502137149228694,0.8682259903524354,0.04,0,0
31,2,33,4,1,39,0,0,0,0,0,jsoup,java,33da0583c5dff6b20b291f4709addf2afbea8ecb,f84549e9fb5618cf58e37dc2f00adb8a279da371,217.07,215.32,-0.008061915511125443,0.6186695570822622,0.1111111111111111,0,0
12,0,12,2,1,42,0,0,0,0,0,jsoup,java,f84549e9fb5618cf58e37dc2f00adb8a279da371,e718ddd847e15331d7d204a021b7f0aa80628a68,215.32,228.26,0.06009660040869403,6.151638741096579e-06,-0.9733333333333334,0,0
3,3,6,1,1,21,0,0,0,0,1,jsoup,java,e718ddd847e15331d7d204a021b7f0aa80628a68,32064f089cdd59e3ed3f54bff3e160d94523d5c7,228.26,223.1,-0.02260580040304914,0.01806662299891238,0.5111111111111111,0,0
15,3,18,4,1,47,0,0,0,0,0,jsoup,java,32064f089cdd59e3ed3f54bff3e160d94523d5c7,f8d4e12814cee17ab8ee1812692e86b7a867b695,223.1,225.1,0.008964589870013447,0.5614474146848649,-0.1288888888888889,0,0
16,1,17,4,1,46,0,0,0,0,0,jsoup,java,f8d4e12814cee17ab8ee1812692e86b7a867b695,ed83e92f7707cc361bc556fc1a4021e05315a7e4,225.1,230.11,0.02225677476677041,0.0004936885181146133,-0.7511111111111111,0,0
1,1,2,1,1,50,0,0,0,0,1,jsoup,java,ed83e92f7707cc361bc556fc1a4021e05315a7e4,d19d96c57979a76229172c78b093792dbdf5dcb4,230.11,229.1,-0.004389205162748335,0.28084201086629845,0.23555555555555555,0,0
35,0,35,1,1,62,0,0,0,0,0,jsoup,java,d19d96c57979a76229172c78b093792dbdf5dcb4,0acf488bbf47e48669617d49468be8698762428d,229.1,225.33,-0.016455696202531567,0.10573920209087935,0.3511111111111111,0,0
32,58,90,7,1,91,0,0,0,0,0,jsoup,java,0acf488bbf47e48669617d49468be8698762428d,48d86458bfef17e5ed1118235c422b7a9d4e5c7c,225.33,223.51,-0.008077042559801276,0.02510289275359325,0.48444444444444446,0,0
36,1,37,2,3,166,0,0,0,0,1,jsoup,java,48d86458bfef17e5ed1118235c422b7a9d4e5c7c,81d80c3f6ae215724935c0371cb79208d126dca4,223.51,219.47,-0.01807525390362844,0.15846460599820356,0.30666666666666664,0,0
19,8,27,3,1,52,0,0,0,0,0,jsoup,java,81d80c3f6ae215724935c0371cb79208d126dca4,f49f92c4c29cc2a8440c4ffccc2fb248cdd30694,219.47,220.88,0.0064245682781245575,0.19131309171296962,-0.28444444444444444,0,0
76,5,81,3,1,43,0,0,0,0,0,jsoup,java,f49f92c4c29cc2a8440c4ffccc2fb248cdd30694,e45e53c849197be70364a63db8a7c6c8971c1ead,220.88,220.11,-0.003486055776892348,0.21337370709311831,0.27111111111111114,0,0
4,0,4,1,1,34,0,1,0,0,0,jsoup,java,e45e53c849197be70364a63db8a7c6c8971c1ead,661523f261c750ffa2a6148316b3946e30349558,220.11,218.14,-0.00895007041933591,0.6186695570822622,0.1111111111111111,0,0
26,3,29,2,1,57,0,1,0,0,0,jsoup,java,661523f261c750ffa2a6148316b3946e30349558,8db724e82cc73f921adc2fad900e10655438e662,218.14,221.96,0.0175116897405337,0.5614474146848649,-0.1288888888888889,0,0
3,0,3,1,1,20,0,0,0,0,0,jsoup,java,8db724e82cc73f921adc2fad900e10655438e662,87085a830179877087dd0ae4480b53555b42a80e,221.96,225.3,0.01504775635249596,0.02792505735330741,-0.47555555555555556,0,0
4,2,6,1,1,28,0,0,0,1,0,jsoup,java,87085a830179877087dd0ae4480b53555b42a80e,cedf83c47f5fe58c4c9b2514c864bc2d576321d4,225.3,221.86,-0.015268530847758534,0.05639236422683157,0.41333333333333333,0,0
5,3,8,3,1,14,0,0,0,1,0,jsoup,java,cedf83c47f5fe58c4c9b2514c864bc2d576321d4,0a5a7ef1c69319cb2fd3f70eb0c9c85e5c972d71,221.86,222.16,0.0013522040926709769,0.8034625743147712,-0.057777777777777775,0,0
12,10,22,1,1,13,0,0,0,1,0,jsoup,java,0a5a7ef1c69319cb2fd3f70eb0c9c85e5c972d71,f0345613a58ff6b9699b051ad7bcf8105529355b,222.16,218.21,-0.017779978393950256,0.3195059648919748,0.21777777777777776,0,0
11,5,16,1,1,30,0,0,0,0,0,jsoup,java,f0345613a58ff6b9699b051ad7bcf8105529355b,0bd588555f088b550ee5b046c34bb1ae8ae33e3f,218.21,218.8,0.002703817423582803,0.46787129814814044,0.16,0,0
2,2,4,1,1,52,0,0,0,0,0,jsoup,java,0bd588555f088b550ee5b046c34bb1ae8ae33e3f,b24f2e463231269e9bc1e9118a70b9fd654f1a2f,218.8,218.37,-0.0019652650822669414,0.5614474146848649,-0.1288888888888889,0,0
7,0,7,1,1,33,0,0,0,0,0,jsoup,java,b24f2e463231269e9bc1e9118a70b9fd654f1a2f,d3c4a2ee87b7f6d08e7754e934495ff7693601c8,218.37,219.43,0.004854146631863361,0.48073111045562256,-0.15555555555555556,0,0
1,1,2,1,1,54,0,0,0,0,0,jsoup,java,d3c4a2ee87b7f6d08e7754e934495ff7693601c8,a067d5a25f46fe88219a2eb3f4c6c4d5961eeee4,219.43,221.13,0.0077473453948867,0.9669147771731937,-0.013333333333333334,0,0
7,1,8,2,1,48,0,0,0,0,0,jsoup,java,a067d5a25f46fe88219a2eb3f4c6c4d5961eeee4,0e7938caaf960dbe6a5dd0318cd5689f32bf9383,221.13,221.14,4.522226744444854e-05,0.7400217511938185,-0.07555555555555556,0,0
1,1,2,1,1,53,0,0,0,0,1,jsoup,java,0e7938caaf960dbe6a5dd0318cd5689f32bf9383,3a2ce47fc83279d2ee14297dd3dd0e180c26210c,221.14,219.38,-0.007958759157095012,0.4553018964198552,0.16444444444444445,0,0
1,1,2,1,1,55,0,0,0,0,1,jsoup,java,3a2ce47fc83279d2ee14297dd3dd0e180c26210c,cd40d54231ca8cfb9046180d6bfa8d7f4832779d,219.38,218.34,-0.0047406326921323365,0.43059671018389833,0.17333333333333334,0,0
1,1,2,1,1,36,0,0,0,0,1,jsoup,java,cd40d54231ca8cfb9046180d6bfa8d7f4832779d,5f6830bcaf46448e2b6fe5f862669c19624dbd89,218.34,219.68,0.006137217184208131,0.43059671018389833,-0.17333333333333334,0,0
2,2,4,1,1,61,0,0,0,0,1,jsoup,java,5f6830bcaf46448e2b6fe5f862669c19624dbd89,2e5bf64bcd69452bd9cfe5b469c58149d5d0dd27,219.68,219.58,-0.00045520757465401633,0.5897385933186072,-0.12,0,0
7,7,14,1,1,20,0,0,0,0,0,jsoup,java,2e5bf64bcd69452bd9cfe5b469c58149d5d0dd27,b1f70e9dc3fc06b8e1e7a320819eafe6cddb5c51,219.58,220.78,0.005464978595500449,0.9009605329267507,-0.03111111111111111,0,0
5,5,10,1,5,259,0,0,0,0,1,jsoup,java,b1f70e9dc3fc06b8e1e7a320819eafe6cddb5c51,738d673dea00a989f2c530b67dff7500597ee884,220.78,222.39,0.007292327203550979,0.7399938739946226,-0.07555555555555556,0,0
5,7,12,13,1,24,0,0,1,0,0,jsoup,java,738d673dea00a989f2c530b67dff7500597ee884,5986ca1d8ed0c68a35f42ea0b919d8ec66c3294e,222.39,206.59,-0.07104635999820129,3.3918213908250945e-06,1.0,0,0
17,3,20,5,1,67,0,0,0,0,0,jsoup,java,5986ca1d8ed0c68a35f42ea0b919d8ec66c3294e,68890368513e30e3aeba9ec0ef4dbe8e1c173707,206.59,213.44,0.033157461638995085,4.8063230506309336e-05,-0.8755555555555555,0,0
23,4,27,3,1,21,0,0,0,0,0,jsoup,java,68890368513e30e3aeba9ec0ef4dbe8e1c173707,478b568061b317c79ba6fd018d9ac5fa931bdb02,213.44,213.13,-0.0014523988005997108,0.506914933812496,0.14666666666666667,0,0
20,3,23,4,1,50,0,0,0,0,0,jsoup,java,478b568061b317c79ba6fd018d9ac5fa931bdb02,9031164b7f2acfd99391a7149d4f865b6b79e9d7,213.13,212.85,-0.001313752170037072,0.22902896662469463,-0.26222222222222225,0,0
12,0,12,2,1,32,0,0,1,0,0,jsoup,java,9031164b7f2acfd99391a7149d4f865b6b79e9d7,2b8253d100a401963fec81ebe734513858506e30,212.85,215.71,0.013436692506460013,0.5338294217441396,-0.13777777777777778,0,0
1,0,1,1,1,39,0,0,0,0,0,jsoup,java,2b8253d100a401963fec81ebe734513858506e30,17d56d13afa74c2786bd3fac6224a270c8add4b0,215.71,215.37,-0.001576190255435554,0.5338294217441396,-0.13777777777777778,0,0
92,76,168,2,1,60,0,0,0,0,0,jsoup,java,17d56d13afa74c2786bd3fac6224a270c8add4b0,e62a447c85a65f67f311a82bddd320e0d5a1301c,215.37,215.74,0.0017179737196452826,0.43064798984807773,0.17333333333333334,0,0
7,3,10,2,1,53,0,0,0,0,0,jsoup,java,e62a447c85a65f67f311a82bddd320e0d5a1301c,78f42893727546ef1d2843ca581c322292659f1c,215.74,217.61,0.008667840919625495,0.1844100692216365,-0.28888888888888886,0,0
3,1,4,1,1,42,0,0,0,0,0,jsoup,java,78f42893727546ef1d2843ca581c322292659f1c,607995d903570968ca0c41a82d7a37b89b979a4b,217.61,217.94,0.0015164744267266398,1.0,0.0044444444444444444,0,0
29,26,55,1,1,46,0,0,0,0,0,jsoup,java,607995d903570968ca0c41a82d7a37b89b979a4b,2dc914f4e40b5a6d6018572231d26c30c40b0d4f,217.94,214.47,-0.015921813343121954,0.01614027989360373,0.52,0,0
3,0,3,1,1,19,0,0,0,0,0,jsoup,java,2dc914f4e40b5a6d6018572231d26c30c40b0d4f,049204c2d47eb26315b519de65c89b692f92230c,214.47,216.12,0.007693383690026603,0.26275304114766074,-0.24444444444444444,0,0
17,10,27,2,1,27,0,0,0,0,0,jsoup,java,049204c2d47eb26315b519de65c89b692f92230c,2676f413ede8139d58bf6ea43aae8c82d0b301ff,216.12,214.38,-0.0080510827318157,0.5338294217441396,0.13777777777777778,0,0
13,0,13,1,1,19,0,0,0,0,0,jsoup,java,2676f413ede8139d58bf6ea43aae8c82d0b301ff,32d9878413a4cf5d392e57d8325153b3a6aa8c3c,214.38,216.6,0.010355443604813877,0.5338294217441396,-0.13777777777777778,0,0
26,13,39,3,1,42,0,1,0,0,0,jsoup,java,32d9878413a4cf5d392e57d8325153b3a6aa8c3c,6b04287f66d7677e9b2f275123f2dff4b934c5f2,216.6,217.48,0.0040627885503231554,0.4553018964198552,-0.16444444444444445,0,0
25,2,27,4,1,49,0,1,0,0,0,jsoup,java,6b04287f66d7677e9b2f275123f2dff4b934c5f2,426e35ec1cd48cd2802e031fc8b4ef4a42de0482,217.48,216.25,-0.005655692477469146,0.1844100692216365,0.28888888888888886,0,0
9,8,17,2,1,44,0,0,0,0,0,jsoup,java,426e35ec1cd48cd2802e031fc8b4ef4a42de0482,ab34da41de20717b3e556d5562143c918cc02fbc,216.25,216.34,0.00041618497109828165,0.8034625743147712,-0.057777777777777775,0,0
10,1,11,2,1,47,1,0,0,0,0,jsoup,java,ab34da41de20717b3e556d5562143c918cc02fbc,1f0b68f5b620928d8f4bfd8658aa7628ee49d1de,216.34,216.0,-0.001571600258851823,0.8682114641097,-0.04,0,0
8,13,21,1,1,32,0,0,0,1,0,jsoup,java,1f0b68f5b620928d8f4bfd8658aa7628ee49d1de,bf0e74d7cc5ff794efba7860c95b1893ade9efd8,216.0,216.62,0.0028703703703703916,0.9669110984447616,0.013333333333333334,0,0
1,1,2,1,1,56,0,0,0,0,1,jsoup,java,bf0e74d7cc5ff794efba7860c95b1893ade9efd8,0d803c9556a5e81792fe3b54c452d38d44089c28,216.62,219.12,0.011540947280952821,0.14657603430900068,-0.31555555555555553,0,0
1,1,2,1,1,54,0,0,0,0,1,jsoup,java,0d803c9556a5e81792fe3b54c452d38d44089c28,21389ed8f6ffd9a1cb5e3ca3d1e15e34f83d01b4,219.12,215.52,-0.016429353778751342,0.032630875727034075,0.4622222222222222,0,0
1,1,2,1,1,47,0,0,0,0,1,jsoup,java,21389ed8f6ffd9a1cb5e3ca3d1e15e34f83d01b4,300c521fcc3fce49a199a59f672a62111ee27171,215.52,219.28,0.017446176688938338,0.08146074521015789,-0.37777777777777777,0,0
1,1,2,1,1,61,0,0,0,0,1,jsoup,java,300c521fcc3fce49a199a59f672a62111ee27171,e67e5fec16200856d437c98506f19b832c8f6a70,219.28,225.99,0.030600145932141592,0.0001603262273507153,-0.8133333333333334,0,0
1,1,2,1,1,50,0,0,0,0,1,jsoup,java,e67e5fec16200856d437c98506f19b832c8f6a70,d3922f5ad4ac03226f5ad3f95a433588ddc73c05,225.99,229.21,0.014248418071596082,0.08149464839345506,-0.37777777777777777,0,0
23,2,25,3,1,73,0,0,0,0,0,jsoup,java,d3922f5ad4ac03226f5ad3f95a433588ddc73c05,fce241b57f1e0292b143a11d31b8abf9ad949398,229.21,226.49,-0.011866846996204349,0.06799575043506911,0.39555555555555555,0,0
16,9,25,5,1,72,1,0,0,0,0,jsoup,java,fce241b57f1e0292b143a11d31b8abf9ad949398,009dbb16861978db1f25272f12f61343cc11055e,226.49,229.85,0.014835092057044395,0.03439744889250225,-0.4577777777777778,0,0
21,1,22,3,1,46,0,0,0,0,0,jsoup,java,009dbb16861978db1f25272f12f61343cc11055e,d4f91c5eba9be87cd7d6ca90275e2200a4a6ff65,229.85,230.94,0.004742223189036343,0.9338790795853346,0.022222222222222223,0,0
3,0,3,1,2,82,0,0,0,0,0,jsoup,java,d4f91c5eba9be87cd7d6ca90275e2200a4a6ff65,6e9efc9f4dd3cd307e3dae7fbc67bdb0b92936d7,230.94,231.07,0.000562916774919873,0.7088923275427439,-0.08444444444444445,0,0
15,1,16,2,1,49,0,0,0,0,0,jsoup,java,6e9efc9f4dd3cd307e3dae7fbc67bdb0b92936d7,5fc8403e5019db62f50057366a96174ef49a1761,231.07,230.65,-0.0018176310209027026,0.6482039260122094,0.10222222222222223,0,0
19,1,20,2,1,26,0,0,0,0,0,jsoup,java,5fc8403e5019db62f50057366a96174ef49a1761,4ac8a93b0a85f666941ef0198556d1e2395991eb,230.65,232.02,0.005939735530023865,0.7400217511938185,-0.07555555555555556,0,0
6,0,6,1,1,50,0,0,0,0,0,jsoup,java,4ac8a93b0a85f666941ef0198556d1e2395991eb,ee8cfdafaa85d75e3593f2ba101663909117c62a,232.02,231.04,-0.00422377381260244,0.9669147771731937,0.013333333333333334,0,0
1,1,2,1,1,59,0,0,0,0,1,jsoup,java,ee8cfdafaa85d75e3593f2ba101663909117c62a,034f1f75466ca5cd3700cd62024d7d6b31526498,231.04,231.59,0.0023805401662050354,0.9338864180775845,-0.022222222222222223,0,0
1,1,2,1,1,56,0,0,0,0,1,jsoup,java,034f1f75466ca5cd3700cd62024d7d6b31526498,bc0ee7d94c386e04fc06657aa05ac256a1d17f0c,231.59,231.84,0.0010794939332440952,0.9338864180775845,-0.022222222222222223,0,0
1,1,2,1,1,53,0,0,0,0,1,jsoup,java,bc0ee7d94c386e04fc06657aa05ac256a1d17f0c,2c8b57892849485ced7b946221b1eb3194e03529,231.84,234.83,0.012896825396825436,0.05639236422683157,-0.41333333333333333,0,0
2,2,4,1,1,39,0,0,0,0,0,jsoup,java,2c8b57892849485ced7b946221b1eb3194e03529,e10b0ee038e3c36a906c75e74f1b491c074a531b,234.83,232.92,-0.00813354341438498,0.13533864384381597,0.3244444444444444,0,0
1,1,2,1,1,68,0,0,0,0,1,jsoup,java,e10b0ee038e3c36a906c75e74f1b491c074a531b,4fa7c82af8ca51d4af9477a667441fe8153025a3,232.92,231.61,-0.005624248669070814,0.7399938739946226,0.07555555555555556,0,0
21,1,22,4,1,55,0,0,0,0,0,jsoup,java,4fa7c82af8ca51d4af9477a667441fe8153025a3,b09511eb6510fd1ea70deaf55f60d0ccc4814c45,231.61,234.35,0.011830231855273867,0.06799575043506911,-0.39555555555555555,0,0
18,1,19,4,1,67,0,0,0,0,0,jsoup,java,b09511eb6510fd1ea70deaf55f60d0ccc4814c45,cd90f3f437e4963fb7d3e014c03638cac071ac49,234.35,235.41,0.00452314913590784,0.9338864180775845,-0.022222222222222223,0,0
23,1,24,5,1,96,1,0,0,0,0,jsoup,java,cd90f3f437e4963fb7d3e014c03638cac071ac49,adbfd71cfbe2fe2eb7a8b986a57676d0eb76e546,235.41,232.62,-0.011851663055944914,0.22902896662469463,0.26222222222222225,0,0
90,45,135,4,2,80,0,0,0,0,0,jsoup,java,adbfd71cfbe2fe2eb7a8b986a57676d0eb76e546,b4f4f2c900ec261f9dba18255c900d566fb390e5,232.62,237.69,0.021795202476141317,0.042110616791807005,-0.44,0,0
18,1,19,4,1,61,0,0,0,0,0,jsoup,java,b4f4f2c900ec261f9dba18255c900d566fb390e5,436d119977bd44376e9dac92d82b21848a69732e,237.69,233.32,-0.01838529176658675,0.1844100692216365,0.28888888888888886,0,0
48,26,74,4,1,75,0,0,0,0,0,jsoup,java,436d119977bd44376e9dac92d82b21848a69732e,26d3c14ec3f0bf81c12e490efd7923e659696cca,233.32,234.64,0.005657466140922309,0.6783024655972324,-0.09333333333333334,0,0
25,9,34,5,1,71,0,0,0,0,0,jsoup,java,26d3c14ec3f0bf81c12e490efd7923e659696cca,dd2536b3f6e14411a67e9ef02a9305895fc224c1,234.64,236.49,0.007884418683941454,0.9174021048159461,-0.02666666666666667,0,0
15,1,16,3,1,67,0,0,0,0,0,jsoup,java,dd2536b3f6e14411a67e9ef02a9305895fc224c1,d6a4d20ed67a03a51d801e2f8930ab0ae8be054d,236.49,233.8,-0.01137468814749037,0.43064798984807773,0.17333333333333334,0,0
23,2,25,5,1,73,0,0,0,0,0,jsoup,java,d6a4d20ed67a03a51d801e2f8930ab0ae8be054d,b4f20f07b81aa35ccf5432ed9be6f6049d9f5139,233.8,237.96,0.0177929854576561,0.0420877510078487,-0.44,0,0
8,0,8,1,1,45,0,0,0,0,0,jsoup,java,b4f20f07b81aa35ccf5432ed9be6f6049d9f5139,04735f9a5430cdaef175c65580a4c38d812945fc,237.96,238.7,0.0031097663472851767,0.6782686817942617,-0.09333333333333334,0,0
27,4,31,4,1,48,0,0,0,0,0,jsoup,java,04735f9a5430cdaef175c65580a4c38d812945fc,2a4c9decd617e7892fe767a535803b68d2268dca,238.7,238.4,-0.0012568077084205403,0.5897385933186072,0.12,0,0
38,1,39,3,1,47,0,0,0,0,0,jsoup,java,2a4c9decd617e7892fe767a535803b68d2268dca,bdfe70da8533edd27a8a5e2357a5d3dd7a1d7f11,238.4,237.39,-0.0042365771812081345,0.7089232340537643,-0.08444444444444445,0,0
16,4,20,2,1,56,0,0,0,0,0,jsoup,java,bdfe70da8533edd27a8a5e2357a5d3dd7a1d7f11,7ec238bd7c42e9381ac744e97c5fa9a49d54de1b,237.39,238.27,0.003706980074982198,0.9338864180775845,-0.022222222222222223,0,0
3,4,7,1,1,21,0,0,1,0,0,jsoup,java,7ec238bd7c42e9381ac744e97c5fa9a49d54de1b,0e1ca51dc8198f524e72ddf15710f9d9e834d499,238.27,235.14,-0.013136357913291744,0.3195059648919748,0.21777777777777776,0,0
49,14,63,4,1,63,0,0,1,0,0,jsoup,java,0e1ca51dc8198f524e72ddf15710f9d9e834d499,e6b11b0bdd86e333fa0054c83760394f8fb76b1c,235.14,232.69,-0.010419324657650714,0.21337370709311831,0.27111111111111114,0,0
24,2,26,4,1,82,0,0,0,0,0,jsoup,java,e6b11b0bdd86e333fa0054c83760394f8fb76b1c,50ff7100ccf1c3c6e4b3d2de0e7771aff33ecc59,232.69,235.72,0.01302161674330655,0.05123941919274439,-0.4222222222222222,0,0
0,1,1,1,1,22,0,0,0,0,0,jsoup,java,50ff7100ccf1c3c6e4b3d2de0e7771aff33ecc59,6b3ec64329f24f61f0eb806cef59f1fa5b233ca2,235.72,237.32,0.006787714237230589,0.9338864180775845,0.022222222222222223,0,0
3,2,5,1,1,29,0,0,0,0,0,jsoup,java,6b3ec64329f24f61f0eb806cef59f1fa5b233ca2,a909600117d18af97cc432a15a1fa3c67bc100de,237.32,235.09,-0.00939659531434346,0.4067868333984651,0.18222222222222223,0,0
5,5,10,2,1,24,0,0,0,0,0,jsoup,java,a909600117d18af97cc432a15a1fa3c67bc100de,9d538e634c47754f976e6503ed7e427f92802ec2,235.09,235.81,0.003062656854821553,0.6935179289009736,-0.08888888888888889,0,0
24,6,30,4,1,61,0,1,0,0,0,jsoup,java,9d538e634c47754f976e6503ed7e427f92802ec2,eba3e39a0d4c6e55295b565511873f81a751dde2,235.81,235.71,-0.00042407022602940637,0.6333259145156125,0.10666666666666667,0,0
22,7,29,4,1,76,0,0,0,0,0,jsoup,java,eba3e39a0d4c6e55295b565511873f81a751dde2,42da86439df7545a7418044f7e8804b7dfb2de15,235.71,234.77,-0.0039879512960841615,0.9009714934164412,0.03111111111111111,0,0
1,0,1,1,1,32,0,0,0,0,0,jsoup,java,42da86439df7545a7418044f7e8804b7dfb2de15,0dcb53a73cd11530caee713a46d95ac9867b2805,234.77,235.74,0.004131703369255011,0.9338864180775845,-0.022222222222222223,0,0
47,6,53,8,1,67,1,0,0,0,0,jsoup,java,0dcb53a73cd11530caee713a46d95ac9867b2805,d2c455c94a3aaaca29d8cec6bd53ee9824622b51,235.74,243.29,0.03202680919657242,0.0018654646290708888,-0.6711111111111111,0,0
132,203,335,6,1,75,0,0,0,0,0,jsoup,java,d2c455c94a3aaaca29d8cec6bd53ee9824622b51,530c5b0fcbef330ea762071144a864e19b1c7595,243.29,266.63,0.09593489251510545,3.3918213908250945e-06,-1.0,0,0
2,2,4,20,2,68,0,0,0,0,0,jsoup,java,530c5b0fcbef330ea762071144a864e19b1c7595,19c77325c9abb6f8b8b65034470e15faad6ce822,266.63,265.2,-0.005363237445148734,0.7089232340537643,0.08444444444444445,0,0
1,1,2,1,1,20,0,1,0,0,0,jsoup,java,19c77325c9abb6f8b8b65034470e15faad6ce822,7cc295c186ff363cfd87745d87df2b5bc7fe2f6c,265.2,264.53,-0.002526395173454057,0.48073111045562256,0.15555555555555556,0,0
1,1,2,1,1,30,0,0,0,0,1,jsoup,java,7cc295c186ff363cfd87745d87df2b5bc7fe2f6c,b7318178bf7442374eed8db402fc0415fc297760,264.53,263.43,-0.004158318527199055,0.755709307865404,0.07111111111111111,0,0
1,0,1,1,1,75,0,1,0,0,1,jsoup,java,b7318178bf7442374eed8db402fc0415fc297760,c91fc28e74e413059592f8b479146cbe097bef36,263.43,268.39,0.01882853129863713,0.05123941919274439,-0.4222222222222222,0,0
8,3,11,2,1,44,0,0,0,0,0,jsoup,java,c91fc28e74e413059592f8b479146cbe097bef36,38ef76dabb71cef4855db38e2a214725652105c3,268.39,41.15,-0.8466783412198666,3.3918213908250945e-06,1.0,0,0
1,1,2,1,1,9,0,0,0,0,0,jsoup,java,38ef76dabb71cef4855db38e2a214725652105c3,7a215a7cc349130ad5ae255f73b8d4e69662eb25,41.15,265.78,5.458809234507897,3.3918213908250945e-06,-1.0,1,1
1,1,2,1,1,67,0,0,0,0,0,jsoup,java,7a215a7cc349130ad5ae255f73b8d4e69662eb25,eb2f8d27880731cdc358d382c67fb53fd23936e3,265.78,266.62,0.0031605086913990216,0.6482039260122094,-0.10222222222222223,0,0
3,3,6,1,1,31,0,0,0,0,0,jsoup,java,eb2f8d27880731cdc358d382c67fb53fd23936e3,80dfe593ec8184644e6332aafb9a209000f9d92a,266.62,267.14,0.0019503413097291345,0.43064798984807773,-0.17333333333333334,0,0
269,21,290,10,1,55,0,0,0,0,0,jsoup,java,80dfe593ec8184644e6332aafb9a209000f9d92a,440d82455a0c88f8472e901c1d8331d15be798bf,267.14,267.64,0.0018716777719547805,0.4185655899250009,-0.17777777777777778,0,0
39,21,60,5,2,47,0,0,0,0,0,jsoup,java,440d82455a0c88f8472e901c1d8331d15be798bf,d0ec68fe52b296dece11f1abf36dc59979a66e9e,267.64,267.22,-0.0015692721566281538,0.547507748068732,0.13333333333333333,0,0
7,18,25,2,1,38,0,0,0,0,0,jsoup,java,d0ec68fe52b296dece11f1abf36dc59979a66e9e,d7d10ad142ee2b0fc8089e063eb382511b3ca6e9,267.22,267.16,-0.00022453409175960732,0.7715511878155722,-0.06666666666666667,0,0
31,9,40,4,1,29,0,0,0,0,0,jsoup,java,d7d10ad142ee2b0fc8089e063eb382511b3ca6e9,880720e9118936174187c2dcb7fb747c38a12874,267.16,266.25,-0.0034061985327145717,0.6783024655972324,-0.09333333333333334,0,0
6,3,9,4,1,40,0,0,0,0,0,jsoup,java,880720e9118936174187c2dcb7fb747c38a12874,f7ef7c3dc986e420891b5d0d58feba27019c5974,266.25,265.96,-0.001089201877934349,0.506914933812496,0.14666666666666667,0,0
448,92,540,9,1,38,0,0,0,0,0,jsoup,java,f7ef7c3dc986e420891b5d0d58feba27019c5974,c283a8dd0c5f0f5e726fccaef329ee217e98b1b2,265.96,269.89,0.014776658144081843,0.2997583700887151,-0.22666666666666666,0,0
2,10,12,1,1,28,0,0,0,0,1,jsoup,java,c283a8dd0c5f0f5e726fccaef329ee217e98b1b2,14082c181b17343ce32b8f1be3240b5cc5564249,269.89,267.18,-0.010041127866908665,0.2997046058214359,0.22666666666666666,0,0
1,1,2,1,1,29,0,0,0,0,0,jsoup,java,14082c181b17343ce32b8f1be3240b5cc5564249,2062e9809c9a00327022efba65feae7f17e517d2,267.18,264.03,-0.011789804626094896,0.22897717637243786,0.26222222222222225,0,0
70,81,151,2,1,40,0,0,0,0,0,jsoup,java,2062e9809c9a00327022efba65feae7f17e517d2,b0c206f0dad656803c9b8a6224dbd68930d1ed77,264.03,269.99,0.022573192440253142,0.05123941919274439,-0.4222222222222222,0,0
2,2,4,1,1,20,0,1,0,0,0,jsoup,java,b0c206f0dad656803c9b8a6224dbd68930d1ed77,65ca248e3612e3cd24eed20a9aab2e77c4e85228,269.99,267.12,-0.01063002333419758,0.48073111045562256,0.15555555555555556,0,0
52,4,56,3,1,48,0,0,0,0,0,jsoup,java,65ca248e3612e3cd24eed20a9aab2e77c4e85228,c5bab9175c628558eb0abbdb205e0b9903bec9e1,267.12,265.55,-0.005877508235998776,0.493682051010625,0.1511111111111111,0,0
5,4,9,1,1,38,0,0,0,0,0,jsoup,java,c5bab9175c628558eb0abbdb205e0b9903bec9e1,ecf09c27a69769d8d4957bb45da7c7bb1397edcf,265.55,269.52,0.014950103558651742,0.03265023315196996,-0.4622222222222222,0,0
1,1,2,1,1,47,0,0,0,0,1,jsoup,java,ecf09c27a69769d8d4957bb45da7c7bb1397edcf,fb285f56d5e357673261ee17dcf5e4bfd57ef54c,269.52,268.99,-0.001966458889878201,0.43064798984807773,0.17333333333333334,0,0
1,1,2,1,1,54,0,0,0,0,1,jsoup,java,fb285f56d5e357673261ee17dcf5e4bfd57ef54c,ec4bedf219d6bff7796d9f37c0455458f507bdd7,268.99,271.22,0.008290271013792401,0.13538211004560674,-0.3244444444444444,0,0
65,11,76,5,1,58,0,0,0,0,0,jsoup,java,ec4bedf219d6bff7796d9f37c0455458f507bdd7,2bf377f72faa3b85e1a6ef66a21fca9c04001abf,271.22,272.85,0.00600988127719193,0.6186695570822622,-0.1111111111111111,0,0
29,13,42,5,1,46,0,0,0,0,0,jsoup,java,2bf377f72faa3b85e1a6ef66a21fca9c04001abf,d80c0a99da0ff53a15d85381dd92a2a8f9742d66,272.85,272.65,-0.000733003481766705,0.7088923275427439,-0.08444444444444445,0,0
2,1,3,1,1,50,0,0,0,0,0,jsoup,java,d80c0a99da0ff53a15d85381dd92a2a8f9742d66,bc4720a2c13a321a40a9a90ee3991fb1c2f09bbe,272.65,271.28,-0.005024757014487455,0.8682114641097,-0.04,0,0
16,2,18,3,1,56,0,0,0,0,0,jsoup,java,bc4720a2c13a321a40a9a90ee3991fb1c2f09bbe,8fc3264c67db902cebe1f2185c11805c31eb34d3,271.28,276.82,0.02042170451194346,0.08149464839345506,-0.37777777777777777,0,0
1,1,2,1,1,35,0,0,0,0,0,jsoup,java,8fc3264c67db902cebe1f2185c11805c31eb34d3,c42257ffc4a97010e911a8f7886d49b8b23d969a,276.82,274.06,-0.009970377862871147,0.11498741920155964,0.3422222222222222,0,0
63,25,88,6,1,69,0,0,0,0,0,jsoup,java,c42257ffc4a97010e911a8f7886d49b8b23d969a,6a43590f7f59685fdc9838ff32ec5e0f376f9f85,274.06,273.19,-0.0031744873385390225,0.5897385933186072,-0.12,0,0
335,63,398,7,2,67,0,0,0,0,0,jsoup,java,6a43590f7f59685fdc9838ff32ec5e0f376f9f85,a049edcdae373ef6c24747845adb846d1298cb72,273.19,262.42,-0.03942311211977006,9.073400856319234e-06,0.9555555555555556,0,0
32,7,39,6,1,60,0,0,0,0,0,jsoup,java,a049edcdae373ef6c24747845adb846d1298cb72,ec9847624f75ee485247f1173cafa20eb4a385a8,262.42,266.59,0.01589055712217041,0.013578698865964542,-0.5333333333333333,0,0
13,3,16,3,1,55,0,0,1,0,0,jsoup,java,ec9847624f75ee485247f1173cafa20eb4a385a8,80c6ec7dbe424351193a29bb873476034e668057,266.59,266.24,-0.0013128774522673992,1.0,0.0044444444444444444,0,0
21,4,25,3,1,77,0,0,0,0,0,jsoup,java,80c6ec7dbe424351193a29bb873476034e668057,86602ebe8827631d291d56705cfd61f5ef513e62,266.24,270.15,0.014685997596153726,0.014396852751179462,-0.5288888888888889,0,0
3,1,4,2,1,87,0,0,0,0,0,jsoup,java,86602ebe8827631d291d56705cfd61f5ef513e62,3e17112a353c6483c2f2fb9485d1d120b4203cd2,270.15,266.81,-0.012363501758282344,0.3614963660708982,0.2,0,0
9,5,14,6,2,85,1,0,1,0,0,jsoup,java,3e17112a353c6483c2f2fb9485d1d120b4203cd2,6607830962b35cbf6be8a8bd8199745dbd21b067,266.81,269.44,0.009857201754057177,0.3296381262105611,-0.21333333333333335,0,0
4,0,4,3,1,54,0,0,0,0,0,jsoup,java,6607830962b35cbf6be8a8bd8199745dbd21b067,803be570a0f6dd939ad12b6c28c34d35ee410cbc,269.44,267.84,-0.0059382422802851205,0.2371039611073864,0.2577777777777778,0,0
7,1,8,2,1,70,1,0,0,0,0,jsoup,java,803be570a0f6dd939ad12b6c28c34d35ee410cbc,cfa5c1d0ffbf9b1b5ff749951a2d62c7ad0c09e4,267.84,269.65,0.006757765830346485,0.007016199234239618,-0.5822222222222222,0,0
52,41,93,1,1,67,0,0,0,0,0,jsoup,java,cfa5c1d0ffbf9b1b5ff749951a2d62c7ad0c09e4,4940b036720ca7d7ea1f61b933d5ebfb2ddcb6c4,269.65,271.04,0.005154830335620409,0.38373262766250305,-0.19111111111111112,0,0
28,15,43,1,1,50,0,0,0,0,0,jsoup,java,4940b036720ca7d7ea1f61b933d5ebfb2ddcb6c4,aaafac1ad0faf9aa63691e85b114b4f09f279c06,271.04,271.54,0.001844746162927981,0.9338864180775845,0.022222222222222223,0,0
6,6,12,2,1,33,0,0,0,0,0,jsoup,java,aaafac1ad0faf9aa63691e85b114b4f09f279c06,cc2363e4501e086b6ba628ececb7716cfad87796,271.54,271.48,-0.00022096192089564068,1.0,0.0044444444444444444,0,0
11,0,11,1,1,52,0,0,0,0,0,jsoup,java,cc2363e4501e086b6ba628ececb7716cfad87796,4ec4ace6dd3c2285070f190229d91cf6a0a35754,271.48,272.12,0.002357448062472323,0.7088923275427439,0.08444444444444445,0,0
2,2,4,2,2,41,0,0,0,0,0,jsoup,java,4ec4ace6dd3c2285070f190229d91cf6a0a35754,2b22ef803a5761dd960fbb7cbd3dd1d0c9bae9ef,272.12,272.47,0.0012861972659121812,0.8034411566561627,-0.057777777777777775,0,0
2,2,4,3,1,53,0,0,0,0,0,jsoup,java,2b22ef803a5761dd960fbb7cbd3dd1d0c9bae9ef,011e83f495e1b7ab768985446abc9395c35f6e5e,272.47,271.71,-0.002789297904356618,0.7400217511938185,-0.07555555555555556,0,0
1,1,2,1,2,82,0,0,0,0,0,jsoup,java,011e83f495e1b7ab768985446abc9395c35f6e5e,5307a72de6a007272e79720a6bd445bdec271e81,271.71,275.07,0.012366125648669589,0.22902896662469463,-0.26222222222222225,0,0
3,1,4,2,1,57,0,0,0,0,0,jsoup,java,5307a72de6a007272e79720a6bd445bdec271e81,5f546b31307660fd260bb51c12a431c32c351c53,275.07,272.31,-0.010033809575744323,0.43064798984807773,0.17333333333333334,0,0
75,4,79,8,1,79,0,0,0,0,0,jsoup,java,5f546b31307660fd260bb51c12a431c32c351c53,88c19434c6ab8e39ab6c9ffd4854304db57fd911,272.31,277.08,0.017516800705078703,0.06196961991403871,-0.40444444444444444,0,0
5,2,7,2,2,95,0,0,1,0,0,jsoup,java,88c19434c6ab8e39ab6c9ffd4854304db57fd911,e4ae6faa38e3452a639961dbb834adcb2d104d2c,277.08,274.79,-0.008264761079832409,0.1844100692216365,0.28888888888888886,0,0
6,2,8,1,1,66,0,0,0,0,0,jsoup,java,e4ae6faa38e3452a639961dbb834adcb2d104d2c,a8df71b3f520e528406655ab4a73c369c83d8aac,274.79,274.04,-0.0027293569634993992,0.7089232340537643,-0.08444444444444445,0,0
41,7,48,6,1,37,0,0,0,0,0,jsoup,java,a8df71b3f520e528406655ab4a73c369c83d8aac,d3f4e319e009f7af8f1305279495d05e8488b089,274.04,275.33,0.004707341993869375,0.7400217511938185,0.07555555555555556,0,0
22,7,29,3,1,40,0,0,0,0,0,jsoup,java,d3f4e319e009f7af8f1305279495d05e8488b089,4b46397a3c6f18f88cac76c6e983e2aa6cbef230,275.33,269.6,-0.020811389968401414,0.05639236422683157,0.41333333333333333,0,0
4,3,7,3,2,116,0,0,1,0,1,jsoup,java,4b46397a3c6f18f88cac76c6e983e2aa6cbef230,89de79670c77039a99177fe6f739ea6f675a3a59,269.6,285.94,0.06060830860534115,9.073400856319234e-06,-0.9555555555555556,0,0
5,4,9,1,1,36,0,0,0,0,0,jsoup,java,89de79670c77039a99177fe6f739ea6f675a3a59,0d1f04a04ffc26592a8dda787a1fd0d707285e0f,285.94,284.53,-0.00493110442750236,0.8682259903524354,0.04,0,0
3,1,4,1,1,25,0,0,0,0,0,jsoup,java,0d1f04a04ffc26592a8dda787a1fd0d707285e0f,80a939612f702962ffa7f0fd121fedc2040e0afe,284.53,282.35,-0.007661757986855341,0.6482039260122094,0.10222222222222223,0,0
2,2,4,1,1,52,0,0,0,0,0,jsoup,java,80a939612f702962ffa7f0fd121fedc2040e0afe,00061629b5b91f09afbfea7eae3710bb3253c5b9,282.35,281.19,-0.004108376128918098,0.43064798984807773,0.17333333333333334,0,0
2,2,4,1,1,62,0,0,0,0,0,jsoup,java,00061629b5b91f09afbfea7eae3710bb3253c5b9,c8605c989d4a9991840a7fea7916df6ed1c4b60b,281.19,283.23,0.0072548810412888815,0.4553018964198552,-0.16444444444444445,0,0
2,2,4,2,1,14,0,0,0,0,0,jsoup,java,c8605c989d4a9991840a7fea7916df6ed1c4b60b,d0ca11a2c0f6d7efbd22db0dbd63567e0fec77cb,283.23,283.47,0.000847367863573806,0.6935179289009736,-0.08888888888888889,0,0
1,1,2,1,1,68,0,0,0,0,1,jsoup,java,d0ca11a2c0f6d7efbd22db0dbd63567e0fec77cb,9ce6ae1ae21fb49afcc0700084fc4366490bc421,283.47,282.75,-0.002539951317599842,0.2997583700887151,0.22666666666666666,0,0
38,7,45,3,1,55,0,0,0,0,0,jsoup,java,9ce6ae1ae21fb49afcc0700084fc4366490bc421,6b1fbb51b501de87049b250fecc9a5076a186f6d,282.75,280.26,-0.00880636604774539,0.9669147771731937,0.013333333333333334,0,0
10,354,364,8,2,57,0,0,0,0,0,jsoup,java,6b1fbb51b501de87049b250fecc9a5076a186f6d,2cc2399728d32f7277597901d8b6fcce619c0f11,280.26,286.39,0.02187254692071646,0.08901797772326324,-0.3688888888888889,0,0
2,2,4,1,1,12,0,0,0,0,0,jsoup,java,2cc2399728d32f7277597901d8b6fcce619c0f11,f16f71d6426b795de13ea9cfaf3d9c59df39dfc8,286.39,286.44,0.00017458710150498053,0.7715511878155722,-0.06666666666666667,0,0
57,0,57,5,1,25,0,0,0,0,0,jsoup,java,f16f71d6426b795de13ea9cfaf3d9c59df39dfc8,adba4e80be13fb7a8d0ddfb31258b628bba61b99,286.44,286.57,0.00045384722804076054,0.7089232340537643,0.08444444444444445,0,0
1,1,2,1,1,56,0,0,0,0,1,jsoup,java,adba4e80be13fb7a8d0ddfb31258b628bba61b99,7f28cb0e9cc02809ec12cbc0b0ba85a4f07e312f,286.57,285.04,-0.0053390096660500845,0.6783024655972324,0.09333333333333334,0,0
90,15,105,5,1,69,0,0,0,0,0,jsoup,java,7f28cb0e9cc02809ec12cbc0b0ba85a4f07e312f,1e4d12797caa0cd53e140fe32b4fe0a21b07eb30,285.04,284.59,-0.0015787257928713354,1.0,-0.0044444444444444444,0,0
23,1,24,3,1,62,0,0,0,0,0,jsoup,java,1e4d12797caa0cd53e140fe32b4fe0a21b07eb30,7eb5a745bd44b26777d99e429bd5036597aa6273,284.59,282.07,-0.008854843810393837,0.5338294217441396,0.13777777777777778,0,0
107,11,118,6,1,71,0,0,0,0,0,jsoup,java,7eb5a745bd44b26777d99e429bd5036597aa6273,3bd4d793ad7af94b3596fdf35be86758ff94696b,282.07,282.51,0.001559896479597255,0.8682259903524354,-0.04,0,0
1,1,2,1,1,47,0,0,0,0,1,jsoup,java,3bd4d793ad7af94b3596fdf35be86758ff94696b,801b221db98bd19e9e95b696f131ad15e757edea,282.51,283.4,0.0031503309617358197,0.4067868333984651,-0.18222222222222223,0,0
1,1,2,1,1,38,0,0,0,0,1,jsoup,java,801b221db98bd19e9e95b696f131ad15e757edea,46b0b9569a76b65f31e75fa94d38f6766709c52a,283.4,280.62,-0.00980945659844733,0.21337370709311831,0.27111111111111114,0,0
15,4,19,3,1,55,0,0,0,0,0,jsoup,java,46b0b9569a76b65f31e75fa94d38f6766709c52a,7c9539cc7a5780f3ee3bfffcbb3a09fc6c499394,280.62,281.66,0.0037060793956240484,0.7715511878155722,-0.06666666666666667,0,0
41,2,43,4,1,42,0,1,0,0,0,jsoup,java,7c9539cc7a5780f3ee3bfffcbb3a09fc6c499394,b049d5bc2a95fbdd4f7eb0be2bfa2dc36643bfe3,281.66,281.42,-0.0008520911737556241,0.6783024655972324,0.09333333333333334,0,0
1,1,2,1,1,47,0,0,0,0,1,jsoup,java,b049d5bc2a95fbdd4f7eb0be2bfa2dc36643bfe3,81c697b5445c4b3706cd7bc2b495d3faf9092d5c,281.42,281.89,0.0016701016274606297,0.6783024655972324,-0.09333333333333334,0,0
1,1,2,1,1,53,0,0,0,0,1,jsoup,java,81c697b5445c4b3706cd7bc2b495d3faf9092d5c,bdd55ba64ddef1b1b918acc941c6c0ab73f54932,281.89,284.01,0.007520664088828993,0.506914933812496,-0.14666666666666667,0,0
2,2,4,1,1,97,0,0,0,0,0,jsoup,java,bdd55ba64ddef1b1b918acc941c6c0ab73f54932,d1e333c4f15ac01f41c2248a214e25224a8145f4,284.01,282.89,-0.003943523115383278,0.8034625743147712,0.057777777777777775,0,0
26,0,26,1,1,49,0,0,0,0,0,jsoup,java,d1e333c4f15ac01f41c2248a214e25224a8145f4,c9081fc63c9eb07530fc3e3814bb90e28da3f146,282.89,284.29,0.00494892007494091,0.26275304114766074,-0.24444444444444444,0,0
1,1,2,1,1,57,0,0,0,0,0,jsoup,java,c9081fc63c9eb07530fc3e3814bb90e28da3f146,d4f7d7ab0b25f20ec77e074bc5d47b3ee5c81f22,284.29,283.85,-0.0015477153610749506,0.43064798984807773,0.17333333333333334,0,0
9,1,10,3,1,71,0,0,0,0,0,jsoup,java,d4f7d7ab0b25f20ec77e074bc5d47b3ee5c81f22,7f1732a50ae9478496f74307fc0ac22044a504d0,283.85,283.77,-0.000281838999471696,0.5897385933186072,-0.12,0,0
5,0,5,1,1,33,0,0,0,0,0,jsoup,java,7f1732a50ae9478496f74307fc0ac22044a504d0,639900f6210ecd201d607d1865868dcb03a7c70d,283.77,283.33,-0.0015505515029777559,0.5338294217441396,0.13777777777777778,0,0
2,4,6,1,1,32,0,0,0,0,0,jsoup,java,639900f6210ecd201d607d1865868dcb03a7c70d,7299a7c6f0a25d68f1e2e0ca6ab80584b432edeb,283.33,282.2,-0.0039882822150848676,0.8034625743147712,-0.057777777777777775,0,0
14,3,17,4,1,51,1,0,0,0,0,jsoup,java,7299a7c6f0a25d68f1e2e0ca6ab80584b432edeb,f8decb298cc9f6de8e181aa4ad72898c31aef341,282.2,295.38,0.04670446491849754,0.0001603262273507153,-0.8133333333333334,0,0
13,3,16,5,2,54,0,0,0,0,0,jsoup,java,f8decb298cc9f6de8e181aa4ad72898c31aef341,ae61237a7d2b02b5e82dfef6c9729e00409d77d3,295.38,300.1,0.01597941634504715,0.14653111378242054,-0.31555555555555553,0,0
23,6,29,3,1,22,1,0,0,0,0,jsoup,java,ae61237a7d2b02b5e82dfef6c9729e00409d77d3,d0df41957bb9f1530c9cb6678e2b59fa8926ae81,300.1,291.27,-0.029423525491502966,0.0009046519651376868,0.7155555555555555,0,0
1,1,2,1,1,28,0,0,0,0,0,jsoup,java,d0df41957bb9f1530c9cb6678e2b59fa8926ae81,5d94d2af069f8b5a51f5902b8079c18efede2350,291.27,293.22,0.00669481923988068,0.43064798984807773,-0.17333333333333334,0,0
29,11,40,2,1,34,1,0,0,0,0,jsoup,java,5d94d2af069f8b5a51f5902b8079c18efede2350,95a767e43abf11c28f94252a01699d7a961f93fb,293.22,291.07,-0.007332378418934704,0.1844100692216365,0.28888888888888886,0,0
73,2,75,6,1,46,0,0,0,0,0,jsoup,java,95a767e43abf11c28f94252a01699d7a961f93fb,2b6041f3ed7a0bbef64d33f53ba1b44043de2d74,291.07,289.75,-0.004534991582780751,0.38373262766250305,0.19111111111111112,0,0
1,1,2,1,1,28,0,0,0,0,0,jsoup,java,2b6041f3ed7a0bbef64d33f53ba1b44043de2d74,18c3d996cca8ed592179cf0fe311eb75b41d2b8c,289.75,289.94,0.000655737704918025,0.7715511878155722,-0.06666666666666667,0,0
3,3,6,2,1,15,0,0,0,0,0,jsoup,java,18c3d996cca8ed592179cf0fe311eb75b41d2b8c,aeaeb920c5688604f6e3ccc38b5d3a3f6901ffdd,289.94,289.95,3.448989446089158e-05,0.9669147771731937,-0.013333333333333334,0,0
1,1,2,1,2,82,0,0,0,0,0,jsoup,java,aeaeb920c5688604f6e3ccc38b5d3a3f6901ffdd,0bcb923f05b707bc24ab2f41cb3e157fee3b0815,289.95,288.57,-0.0047594412829798085,0.4067868333984651,0.18222222222222223,0,0
27,1,28,3,1,31,0,0,0,0,0,jsoup,java,0bcb923f05b707bc24ab2f41cb3e157fee3b0815,3a6e7fa748edc8893e7b110cd530662f53725cee,288.57,288.86,0.0010049554700766554,0.8034625743147712,-0.057777777777777775,0,0
1,0,1,1,1,19,0,0,0,0,0,jsoup,java,3a6e7fa748edc8893e7b110cd530662f53725cee,99f925857c0c5bdecf02a729265291f3aec8d616,288.86,292.52,0.01267049781901256,0.28084201086629845,-0.23555555555555555,0,0
106,7,113,7,1,41,0,0,0,0,0,jsoup,java,99f925857c0c5bdecf02a729265291f3aec8d616,027c70c94368c2793a42c0532d29f4e05a0307f8,292.52,296.71,0.014323806919185006,0.08901797772326324,-0.3688888888888889,0,0
15,19,34,1,1,29,0,0,0,0,0,jsoup,java,027c70c94368c2793a42c0532d29f4e05a0307f8,ab1d80bbe65788925f798d4313361285b1e7216c,296.71,292.27,-0.014964106366485787,0.1844100692216365,0.28888888888888886,0,0
109,7,116,5,1,61,0,0,0,0,0,jsoup,java,ab1d80bbe65788925f798d4313361285b1e7216c,4535a57711d160318d8716618d8b9c5d6fd02394,292.27,293.98,0.005850754439388361,0.7400217511938185,-0.07555555555555556,0,0
4,2,6,1,1,25,0,0,0,0,0,jsoup,java,4535a57711d160318d8716618d8b9c5d6fd02394,bfdd534b55aef4942582acb01287ba6431a04fa0,293.98,294.69,0.002415130280971425,0.7089232340537643,-0.08444444444444445,0,0
61,7,68,6,1,59,0,0,0,0,0,jsoup,java,bfdd534b55aef4942582acb01287ba6431a04fa0,6c7679ce2f00a517717962fc896d80ff5b50d4be,294.69,294.05,-0.0021717737283246338,0.8682259903524354,-0.04,0,0
36,10,46,4,1,43,0,0,0,0,0,jsoup,java,6c7679ce2f00a517717962fc896d80ff5b50d4be,2bad736e9a18bab0b4660423b0eb3c4dc961a312,294.05,292.75,-0.004421016833871829,0.8682259903524354,0.04,0,0
70,1,71,5,2,101,0,0,0,0,0,jsoup,java,2bad736e9a18bab0b4660423b0eb3c4dc961a312,b236d07ee7893c39e45421f79e220fdee0d90e32,292.75,63.01,-0.7847651579846285,3.3833394126542183e-06,1.0,0,0
18,2,20,3,1,35,0,0,0,0,0,jsoup,java,b236d07ee7893c39e45421f79e220fdee0d90e32,180fe95df9519d2db39c3764a4c2116c4275c153,63.01,291.43,3.6251388668465325,3.3833394126542183e-06,-1.0,1,1
1,1,2,1,1,20,0,1,0,0,0,jsoup,java,180fe95df9519d2db39c3764a4c2116c4275c153,ddfdc5b56fe0b7e8cb784c4617fd100adf9ca492,291.43,293.58,0.007377414816593958,0.6783024655972324,-0.09333333333333334,0,0
116,59,175,8,2,113,0,0,0,0,0,jsoup,java,ddfdc5b56fe0b7e8cb784c4617fd100adf9ca492,f24175e49e4359631cba640f7effaf5327094619,293.58,295.48,0.006471830506165387,0.48073111045562256,-0.15555555555555556,0,0
11,0,11,1,1,46,0,0,1,0,0,jsoup,java,f24175e49e4359631cba640f7effaf5327094619,22f05e8fbbc29e05d678de05dd0913529fbd1a37,295.48,293.99,-0.00504264248003252,0.5896972055949141,0.12,0,0
1,8,9,1,1,28,0,0,0,0,0,jsoup,java,22f05e8fbbc29e05d678de05dd0913529fbd1a37,59201d92f5c5e44b8a6b19fab60fd80495e705cb,293.99,294.02,0.00010204428722056095,0.9338790795853346,0.022222222222222223,0,0
9,0,9,2,1,25,0,0,0,0,0,jsoup,java,59201d92f5c5e44b8a6b19fab60fd80495e705cb,d8fff2de1676e50557a1d6356e6599b6df180598,294.02,291.36,-0.009047003605196818,0.8034625743147712,0.057777777777777775,0,0
6,0,6,1,1,17,0,0,0,0,0,jsoup,java,d8fff2de1676e50557a1d6356e6599b6df180598,3d136d78a0634dbe934b0cce8411c5ea7f1913fc,291.36,294.12,0.009472817133443131,0.1844100692216365,-0.28888888888888886,0,0
21,9,30,3,1,39,0,0,0,0,0,jsoup,java,3d136d78a0634dbe934b0cce8411c5ea7f1913fc,f4d00c290325935186f75f1206d16397cc157ced,294.12,292.23,-0.006425948592411215,0.24548500120312422,0.25333333333333335,0,0
1,1,2,1,1,53,0,0,0,0,1,jsoup,java,f4d00c290325935186f75f1206d16397cc157ced,0b66d9e79e1d37be0b32bb198ccc49b36925a9c6,292.23,295.27,0.010402764945419578,0.6482039260122094,-0.10222222222222223,0,0
1,1,2,1,1,68,0,0,0,0,1,jsoup,java,0b66d9e79e1d37be0b32bb198ccc49b36925a9c6,3a46fd918cbf06c3101453cb535518418d8904b9,295.27,295.68,0.001388559623395621,0.38373262766250305,-0.19111111111111112,0,0
1,1,2,1,1,50,0,0,0,0,1,jsoup,java,3a46fd918cbf06c3101453cb535518418d8904b9,e180aa400257f3a832f42993f753dc71a8f794e8,295.68,295.6,-0.00027056277056271673,0.9009714934164412,0.03111111111111111,0,0
1,1,2,1,1,59,0,0,0,0,1,jsoup,java,e180aa400257f3a832f42993f753dc71a8f794e8,fdf4b783603eb067a1e365a06f381164b6e00273,295.6,293.64,-0.006630581867388485,0.5897385933186072,0.12,0,0
1,1,2,1,1,56,0,0,0,0,1,jsoup,java,fdf4b783603eb067a1e365a06f381164b6e00273,cb9fea2a83f131dbfb1cef3f9433596b358888cb,293.64,294.19,0.0018730418199155816,0.6482039260122094,0.10222222222222223,0,0
1,1,2,1,1,56,0,0,0,0,1,jsoup,java,cb9fea2a83f131dbfb1cef3f9433596b358888cb,768b6cf31d2f7bb931312f9588c440bcd946eb15,294.19,293.64,-0.001869540093137127,0.6482039260122094,-0.10222222222222223,0,0
1,1,2,1,1,54,0,0,0,0,1,jsoup,java,768b6cf31d2f7bb931312f9588c440bcd946eb15,e6dc745d209391ae4cec8371b9b189b36f4b8987,293.64,294.21,0.0019411524315488121,0.9669147771731937,0.013333333333333334,0,0
2,2,4,1,1,61,0,0,0,0,1,jsoup,java,e6dc745d209391ae4cec8371b9b189b36f4b8987,f881e81d83cc413fa90a1af6579072a316df6784,294.21,295.39,0.004010740627443006,0.38373262766250305,-0.19111111111111112,0,0
1,1,2,1,1,61,0,0,0,0,1,jsoup,java,f881e81d83cc413fa90a1af6579072a316df6784,3cc012dbaa0c5af34f41ece6aed1ff622a03e65d,295.39,293.53,-0.006296760215308622,0.6783024655972324,0.09333333333333334,0,0
1,1,2,1,1,38,0,0,0,0,1,jsoup,java,3cc012dbaa0c5af34f41ece6aed1ff622a03e65d,c76cad626cdd34aaa700336f1adbb28d36e90032,293.53,295.39,0.006336660647974701,0.506914933812496,-0.14666666666666667,0,0
1,1,2,1,1,53,0,0,0,0,1,jsoup,java,c76cad626cdd34aaa700336f1adbb28d36e90032,72612480cfc5a8b3c6ca31097cfd908121a638da,295.39,296.18,0.00267443041402898,0.6482039260122094,-0.10222222222222223,0,0
83,8,91,2,1,43,0,1,0,0,0,jsoup,java,72612480cfc5a8b3c6ca31097cfd908121a638da,eaf5028718840d71c9a7f94f538b65b135012702,296.18,295.86,-0.001080424066446057,0.48073111045562256,0.15555555555555556,0,0
6,2,8,2,2,72,0,0,0,0,0,jsoup,java,eaf5028718840d71c9a7f94f538b65b135012702,3ffbeebc0959e2ada7ed1b4595338d2f09597e85,295.86,295.16,-0.0023659839113093647,0.9669147771731937,0.013333333333333334,0,0
2,2,4,1,1,62,0,0,0,0,0,jsoup,java,3ffbeebc0959e2ada7ed1b4595338d2f09597e85,5fa6a4b46b0d06722e20e3527c373d4d6f6aaf5c,295.16,294.7,-0.0015584767583684657,0.9669147771731937,0.013333333333333334,0,0
3,3,6,2,2,40,0,0,0,0,0,jsoup,java,5fa6a4b46b0d06722e20e3527c373d4d6f6aaf5c,b681a29b333cd7b2fa5fc261c869503ba2e2c9c1,294.7,293.24,-0.00495419070240916,0.4067868333984651,0.18222222222222223,0,0
29,6,35,3,1,63,0,0,0,0,0,jsoup,java,b681a29b333cd7b2fa5fc261c869503ba2e2c9c1,ccbd65f3bb10922b89f381c3141c11a10c68ee5c,293.24,300.04,0.023189196562542664,0.005452139856940547,-0.6,0,0
44,2,46,3,1,51,0,0,0,0,0,jsoup,java,ccbd65f3bb10922b89f381c3141c11a10c68ee5c,f6d9aa050e3d58b6454d4eaef00f1d061f368eb4,300.04,301.33,0.004299426743100798,0.7400217511938185,-0.07555555555555556,0,0
97,0,97,4,1,43,0,0,0,0,0,jsoup,java,f6d9aa050e3d58b6454d4eaef00f1d061f368eb4,372ef90d8753690f23b1967aed42a106ce2b8ae2,301.33,300.21,-0.003716855274947747,0.5338294217441396,0.13777777777777778,0,0
4,5,9,1,1,28,0,0,0,0,0,jsoup,java,372ef90d8753690f23b1967aed42a106ce2b8ae2,ef0065dcf1a523b57bebf28cf4f0395cd4970082,300.21,296.74,-0.011558575663701977,0.38373262766250305,0.19111111111111112,0,0
10,8,18,2,1,36,0,0,0,0,0,jsoup,java,ef0065dcf1a523b57bebf28cf4f0395cd4970082,bb7f93b4c8f7cb47029fe542334b09799d7b8a95,296.74,297.33,0.0019882725618385623,0.43064798984807773,-0.17333333333333334,0,0
1,4,5,1,1,37,0,0,1,0,1,jsoup,java,bb7f93b4c8f7cb47029fe542334b09799d7b8a95,103d7864a6d54391a2a98c5027e03d5a777ebc71,297.33,283.01,-0.0481619749100326,3.3918213908250945e-06,1.0,0,0
3,3,6,1,1,47,0,0,0,0,0,jsoup,java,103d7864a6d54391a2a98c5027e03d5a777ebc71,b0ac5e06a75cfe00ab010291c9df03cbbf8d655d,283.01,280.39,-0.00925762340553339,0.06194060062705199,0.40444444444444444,0,0
655,63,718,20,1,60,0,0,0,0,0,jsoup,java,b0ac5e06a75cfe00ab010291c9df03cbbf8d655d,5abf30a8ec16ec447123c0f7c4e5763cd7e1797b,280.39,280.86,0.0016762366703521072,0.6186305224456992,-0.1111111111111111,0,0
1,1,2,1,1,61,0,0,0,0,1,jsoup,java,5abf30a8ec16ec447123c0f7c4e5763cd7e1797b,3ce79cde2b70f1fa64c95bd16778a2e61114d16f,280.86,278.74,-0.007548244677063321,0.3400858902842717,0.2088888888888889,0,0
2,2,4,1,1,61,0,0,0,0,1,jsoup,java,3ce79cde2b70f1fa64c95bd16778a2e61114d16f,9c601ef7f9b1db4108f4c957027ac705e4422593,278.74,278.4,-0.0012197747004377981,0.7400217511938185,0.07555555555555556,0,0
22,9,31,2,1,24,0,0,0,0,0,jsoup,java,9c601ef7f9b1db4108f4c957027ac705e4422593,fe0f9263435b44534182ddac830e6c6fd897bf92,278.4,281.47,0.011027298850574893,0.1844100692216365,-0.28888888888888886,0,0
31,0,31,3,1,33,0,0,0,0,0,jsoup,java,fe0f9263435b44534182ddac830e6c6fd897bf92,dd03d271a3ada7086c3b77603676245e30cb1ac6,281.47,276.69,-0.016982271645290897,0.11980309870594376,0.3377777777777778,0,0
14,8,22,1,1,29,0,0,0,0,0,jsoup,java,dd03d271a3ada7086c3b77603676245e30cb1ac6,0969fe59f27b5994e4acb0ed7f48e42ff5e0f587,276.69,278.1,0.005095955762767086,0.8195259356447925,-0.05333333333333334,0,0
8,7,15,1,1,21,0,0,0,0,0,jsoup,java,0969fe59f27b5994e4acb0ed7f48e42ff5e0f587,7c21b2ecdfb3536dca7870b2ffe2093286f4086c,278.1,279.94,0.006616325062926914,0.6482039260122094,-0.10222222222222223,0,0
97,52,149,13,1,46,0,0,0,0,0,jsoup,java,7c21b2ecdfb3536dca7870b2ffe2093286f4086c,e714ef12fab4fd00cf7133a22fba4a71ccf7af8e,279.94,278.88,-0.003786525684075167,0.7715511878155722,0.06666666666666667,0,0
3,2,5,2,1,58,0,0,0,0,0,jsoup,java,e714ef12fab4fd00cf7133a22fba4a71ccf7af8e,8733445256f4b47d53f2ff855f717314cf2448f9,278.88,274.84,-0.014486517498565764,0.2997583700887151,0.22666666666666666,0,0
29,1,30,4,1,35,0,0,0,0,0,jsoup,java,8733445256f4b47d53f2ff855f717314cf2448f9,67b48ddbcd3ed055d5130141235697cea24c69d1,274.84,279.56,0.017173628292825018,0.15846460599820356,-0.30666666666666664,0,0
86,47,133,11,1,60,0,0,0,0,0,jsoup,java,67b48ddbcd3ed055d5130141235697cea24c69d1,fc41ec98eaf2a9f803602c4d2dea6703edbdf4c7,279.56,277.89,-0.0059736729145801115,0.6186695570822622,0.1111111111111111,0,0
9,5,14,2,1,47,0,0,0,0,0,jsoup,java,fc41ec98eaf2a9f803602c4d2dea6703edbdf4c7,38b32245201b405185c2c36c52637f8b27ddbdd2,277.89,280.02,0.007664903379034854,0.43064798984807773,-0.17333333333333334,0,0
11,14,25,5,1,54,1,0,0,0,0,jsoup,java,38b32245201b405185c2c36c52637f8b27ddbdd2,b873e21ea050b5f5c52b1d5b60bbe204dab22e99,280.02,280.12,0.000357117348760884,0.7715511878155722,0.06666666666666667,0,0
84,10,94,6,1,42,0,0,0,0,0,jsoup,java,b873e21ea050b5f5c52b1d5b60bbe204dab22e99,2b573de884aad36f3f6be3dc46e51ee06b7269f1,280.12,280.49,0.001320862487505371,0.9009714934164412,0.03111111111111111,0,0
3,1,4,1,1,27,0,0,0,0,0,jsoup,java,2b573de884aad36f3f6be3dc46e51ee06b7269f1,7fb6d02a43c25ff60f992a702a5baf47c01f6b5b,280.49,276.37,-0.014688580698064118,0.24548500120312422,0.25333333333333335,0,0
2,1,3,1,1,14,0,0,0,0,0,jsoup,java,7fb6d02a43c25ff60f992a702a5baf47c01f6b5b,1541765f3efe10541452e048cd22e33e35467528,276.37,279.49,0.01128921373521006,0.08901797772326324,-0.3688888888888889,0,0
2,2,4,1,1,52,0,0,0,0,0,jsoup,java,1541765f3efe10541452e048cd22e33e35467528,d9566b5340487cd319660b553af11b60f5c8060a,279.49,279.78,0.0010376042076638292,0.1985058531538877,0.28,0,0
2,2,4,1,1,62,0,0,0,0,0,jsoup,java,d9566b5340487cd319660b553af11b60f5c8060a,1ac18083b0a0d90f40a104663d9754d2921289dc,279.78,278.84,-0.0033597826863964466,0.8357050269952793,-0.04888888888888889,0,0
1,1,2,1,1,20,0,0,0,0,0,jsoup,java,1ac18083b0a0d90f40a104663d9754d2921289dc,4cfcaf7165b239c7fa475dd9ceebbf2fc3f77726,278.84,276.85,-0.00713670922392753,0.5897385933186072,0.12,0,0
2,2,4,1,1,31,0,0,0,0,1,jsoup,java,4cfcaf7165b239c7fa475dd9ceebbf2fc3f77726,72680c4263ab8ed67df114805a43035270a24c51,276.85,278.07,0.004406718439588117,0.506914933812496,-0.14666666666666667,0,0
27,0,27,3,1,57,0,0,0,0,0,jsoup,java,72680c4263ab8ed67df114805a43035270a24c51,12175ab43e639289c387d4af4a3741a477416f45,278.07,282.17,0.014744488797784812,0.036182064932188326,-0.4533333333333333,0,0
1,1,2,1,1,53,0,0,0,0,1,jsoup,java,12175ab43e639289c387d4af4a3741a477416f45,a486f4e25ce2e5a4f406fa3cc798ae1cf2084d7c,282.17,277.24,-0.01747173689619735,0.010121802247772722,0.5555555555555556,0,0
1,1,2,1,1,38,0,0,0,0,1,jsoup,java,a486f4e25ce2e5a4f406fa3cc798ae1cf2084d7c,57d77cab959ec397521260df034e5f26e8e4e44a,277.24,277.37,0.0004689078055114538,0.9669147771731937,0.013333333333333334,0,0
1,1,2,1,1,47,0,0,0,0,1,jsoup,java,57d77cab959ec397521260df034e5f26e8e4e44a,257ee54fbc452e6b23bcafc03691cf0efbec4e12,277.37,278.38,0.0036413454951869017,0.5614474146848649,-0.1288888888888889,0,0
1,1,2,1,1,56,0,0,0,0,1,jsoup,java,257ee54fbc452e6b23bcafc03691cf0efbec4e12,5b193902029a453b95cfc8850d17e630079cf0a2,278.38,275.73,-0.009519362023133764,0.7400217511938185,0.07555555555555556,0,0
6,0,6,2,1,51,0,0,0,0,0,jsoup,java,5b193902029a453b95cfc8850d17e630079cf0a2,fa13c8066b13f27a92d0057d55bf64e6d66ddff2,275.73,277.18,0.005258767635005217,0.9338864180775845,-0.022222222222222223,0,0
56,3,59,3,1,40,0,0,0,0,0,jsoup,java,fa13c8066b13f27a92d0057d55bf64e6d66ddff2,c58112a2eddd630a4f6d76450034c1227ef5f842,277.18,282.24,0.018255285374125126,0.010121802247772722,-0.5555555555555556,0,0
6,62,68,6,1,35,0,0,1,0,0,jsoup,java,c58112a2eddd630a4f6d76450034c1227ef5f842,5ed84f631e8889abc9b20ebcc898d053d77bb05d,282.24,280.45,-0.006342120181405968,0.755709307865404,0.07111111111111111,0,0
1,1,2,1,1,24,0,0,0,0,0,jsoup,java,5ed84f631e8889abc9b20ebcc898d053d77bb05d,653da57a61dc6fcb5a94efb44f514239bdef8613,280.45,279.0,-0.005170262078801885,1.0,0.0044444444444444444,0,0
218,64,282,11,1,33,0,0,0,0,0,jsoup,java,653da57a61dc6fcb5a94efb44f514239bdef8613,6b67d05d883fdfe0f978d77d219e80324e0a223d,279.0,279.28,0.0010035842293905832,0.9009714934164412,-0.03111111111111111,0,0
2,2,4,2,1,37,0,0,0,0,0,jsoup,java,6b67d05d883fdfe0f978d77d219e80324e0a223d,985f1fe13aa0b1d37c6f6f17a948fc240a03dcef,279.28,279.07,-0.0007519335433972342,0.8356689855583623,0.04888888888888889,0,0
36,1,37,3,1,64,0,0,0,0,0,jsoup,java,985f1fe13aa0b1d37c6f6f17a948fc240a03dcef,4ea768d96b3d232e63edef9594766d44597b3882,279.07,283.92,0.017379152184039928,0.05639236422683157,-0.41333333333333333,0,0
5,1,6,1,1,38,0,0,0,0,0,jsoup,java,4ea768d96b3d232e63edef9594766d44597b3882,d2d9ac341dbd48e75c6dd09c571216a81939604f,283.92,281.26,-0.009368836291913303,0.7089232340537643,0.08444444444444445,0,0
2,2,4,1,1,52,0,0,0,0,0,jsoup,java,d2d9ac341dbd48e75c6dd09c571216a81939604f,c5964172763e1495786ad584c368ac3346d0ca8c,281.26,280.58,-0.0024176918154021434,0.9338864180775845,-0.022222222222222223,0,0
2,2,4,1,1,62,0,0,0,0,0,jsoup,java,c5964172763e1495786ad584c368ac3346d0ca8c,2ba7e3a4c3747914e37b0229d0b54d17f5845e1d,280.58,280.91,0.0011761351486208602,0.5897385933186072,-0.12,0,0
1,1,2,1,1,59,0,0,0,0,1,jsoup,java,2ba7e3a4c3747914e37b0229d0b54d17f5845e1d,0a8b18bcfcb63a20e87bca020b9e9d1b8bdeaa67,280.91,280.32,-0.002100316827453746,0.21337370709311831,0.27111111111111114,0,0
1,1,2,1,1,54,0,0,0,0,1,jsoup,java,0a8b18bcfcb63a20e87bca020b9e9d1b8bdeaa67,8b5d2ad19272b8b8265220ff0669518e9eb80734,280.32,281.0,0.0024257990867580155,0.6482039260122094,-0.10222222222222223,0,0
9,9,18,5,1,18,0,1,0,0,0,jsoup,java,8b5d2ad19272b8b8265220ff0669518e9eb80734,eabfcdd25d3d1604baaa78d585ea671540a45adf,281.0,280.72,-0.0009964412811386929,0.9669110984447616,0.013333333333333334,0,0
2,2,4,1,1,81,0,0,0,0,1,jsoup,java,eabfcdd25d3d1604baaa78d585ea671540a45adf,cc958b686dca84ec8bf098dd3fb8f532ae79bf8c,280.72,281.01,0.0010330578512395398,0.8195061989586025,0.05333333333333334,0,0
1,1,2,1,1,56,0,0,0,0,1,jsoup,java,cc958b686dca84ec8bf098dd3fb8f532ae79bf8c,d329f5bae90f4ad9acf733c372bbf03cc696de40,281.01,280.91,-0.00035585922209161917,0.9009714934164412,-0.03111111111111111,0,0
1,1,2,1,1,37,0,0,0,0,1,jsoup,java,d329f5bae90f4ad9acf733c372bbf03cc696de40,1a7b61bcb98bb9adc5525357cef98db9f3a0a807,280.91,283.15,0.00797408422626447,0.24548500120312422,-0.25333333333333335,0,0
1,1,2,1,1,47,0,0,0,0,1,jsoup,java,1a7b61bcb98bb9adc5525357cef98db9f3a0a807,be24647192f7870da500fb83650bacafed81151f,283.15,280.11,-0.010736358820413081,0.1408494216179361,0.32,0,0
1,1,2,1,1,50,0,0,0,0,1,jsoup,java,be24647192f7870da500fb83650bacafed81151f,b129bc9e3b94f8f8533622896d3d962ad6fd1dd9,280.11,280.42,0.0011067080789689844,0.5614474146848649,-0.1288888888888889,0,0
9,7,16,3,1,31,0,0,0,0,0,jsoup,java,b129bc9e3b94f8f8533622896d3d962ad6fd1dd9,45ed00232722efacafdf58cb0e2bdcc751585f84,280.42,280.13,-0.0010341630411526298,0.8682259903524354,-0.04,0,0
5,4,9,1,1,65,0,0,0,0,0,jsoup,java,45ed00232722efacafdf58cb0e2bdcc751585f84,c507588b5c6d255b1896af93871eb337a6b018c7,280.13,279.71,-0.0014993038946204116,0.5338294217441396,0.13777777777777778,0,0
25,7,32,6,1,40,0,0,0,0,0,jsoup,java,c507588b5c6d255b1896af93871eb337a6b018c7,29be991198d3b518d64ee36176ae415688468f61,279.71,281.21,0.005362697079117658,0.28084201086629845,-0.23555555555555555,0,0
1,1,2,1,1,23,0,0,0,0,0,jsoup,java,29be991198d3b518d64ee36176ae415688468f61,6e1335e35c80b5c2df29022ecaa27321e3fbd760,281.21,280.22,-0.0035205006934317853,0.5338294217441396,0.13777777777777778,0,0
18,5,23,3,1,47,0,0,0,0,0,jsoup,java,6e1335e35c80b5c2df29022ecaa27321e3fbd760,9e5869b6e1e29de2ae8ebc335772f0603a3ef10b,280.22,280.58,0.0012847048747411205,0.8682259903524354,-0.04,0,0
20,8,28,4,1,61,0,0,0,0,0,jsoup,java,9e5869b6e1e29de2ae8ebc335772f0603a3ef10b,f2913bd731f12f497b247885143b212cfc94225e,280.58,282.32,0.006201439874545617,0.9009714934164412,0.03111111111111111,0,0
29,15,44,3,1,61,0,0,0,0,0,jsoup,java,f2913bd731f12f497b247885143b212cfc94225e,db5375eb5b9b153816fb09e884f5700230d19120,282.32,280.43,-0.006694531028619957,0.13538211004560674,0.3244444444444444,0,0
44,23,67,4,1,24,0,0,0,0,0,jsoup,java,db5375eb5b9b153816fb09e884f5700230d19120,df747421a79521e668a0b21a645a169fe91d8ccd,280.43,282.21,0.006347395071853841,0.12486035998214667,-0.3333333333333333,0,0
44,13,57,6,1,33,0,0,0,0,0,jsoup,java,df747421a79521e668a0b21a645a169fe91d8ccd,2c2cca9a198c61149282a0e36b33d6eec614d742,282.21,280.99,-0.004323021863151449,0.3195059648919748,0.21777777777777776,0,0
4,0,4,1,1,20,0,0,0,0,0,jsoup,java,2c2cca9a198c61149282a0e36b33d6eec614d742,b01dfc6968c6006d78906b4c726193ea9ddd05da,280.99,279.37,-0.005765329727036565,0.8034625743147712,-0.057777777777777775,0,0
84,7,91,3,1,40,0,0,0,0,0,jsoup,java,b01dfc6968c6006d78906b4c726193ea9ddd05da,a0d957cbdbf756bf5111b2272e10418ad0f35124,279.37,278.76,-0.0021834842681748706,0.506914933812496,0.14666666666666667,0,0
3,21,24,1,1,41,0,0,0,0,0,jsoup,java,a0d957cbdbf756bf5111b2272e10418ad0f35124,9942cc43bb12be33cb75c9c500e81aad7554f2de,278.76,282.22,0.012412110776295152,0.03101661143801677,-0.4666666666666667,0,0
1,1,2,1,1,38,0,0,0,0,1,jsoup,java,9942cc43bb12be33cb75c9c500e81aad7554f2de,e57c7e557ae9de25f9f6aea9d64bc80b7042bc7c,282.22,278.45,-0.013358372900574155,0.08901797772326324,0.3688888888888889,0,0
1,1,2,1,1,61,0,0,0,0,1,jsoup,java,e57c7e557ae9de25f9f6aea9d64bc80b7042bc7c,30380af26ff12a1d475f717b4db37d3a471c7987,278.45,278.61,0.0005746094451428444,0.9669147771731937,0.013333333333333334,0,0
2,2,4,1,1,61,0,0,0,0,1,jsoup,java,30380af26ff12a1d475f717b4db37d3a471c7987,e9bb97c4507cd631849baa21f44df9c4692b18c7,278.61,281.49,0.010337030257348966,0.6783024655972324,-0.09333333333333334,0,0
1,1,2,1,1,47,0,0,0,0,1,jsoup,java,e9bb97c4507cd631849baa21f44df9c4692b18c7,7ca20e880a91f0d1a065f9c4f87b3932df2240ea,281.49,278.84,-0.009414188781129113,0.24548500120312422,0.25333333333333335,0,0
82,12,94,5,1,35,0,0,0,0,0,jsoup,java,7ca20e880a91f0d1a065f9c4f87b3932df2240ea,e61f688b75f8b80f871d199ea4ad67bbf28c97ce,278.84,282.32,0.012480275426768106,0.8357050269952793,-0.04888888888888889,0,0
66,7,73,5,1,41,0,0,0,0,0,jsoup,java,e61f688b75f8b80f871d199ea4ad67bbf28c97ce,32597ce483a0ae66deb7f837957cbea1e9c710c3,282.32,282.89,0.002018985548313946,0.7400217511938185,-0.07555555555555556,0,0
30,1,31,3,1,44,0,1,0,0,0,jsoup,java,32597ce483a0ae66deb7f837957cbea1e9c710c3,bc2181dd4be4e702d54edba8b498e64fc568cf96,282.89,282.22,-0.0023684117501500904,0.3614963660708982,0.2,0,0
3,3,6,1,1,44,0,0,0,0,0,jsoup,java,bc2181dd4be4e702d54edba8b498e64fc568cf96,e98305dcf5f5e741f07e7b589bb1ad2a4db42a8d,282.22,281.62,-0.0021260009921338766,0.506914933812496,-0.14666666666666667,0,0
18,1,19,3,1,47,0,0,0,0,0,jsoup,java,e98305dcf5f5e741f07e7b589bb1ad2a4db42a8d,9bb07d2ab43c0377806b4bb7b88c64366a39a469,281.62,280.19,-0.005077764363326492,0.3614963660708982,0.2,0,0
1,1,2,1,1,23,0,0,0,0,0,jsoup,java,9bb07d2ab43c0377806b4bb7b88c64366a39a469,9127dbae488776dae505c8fe15db622a54cbfe76,280.19,281.6,0.005032299511046165,0.3400858902842717,-0.2088888888888889,0,0
86,3,89,4,1,48,0,0,0,0,0,jsoup,java,9127dbae488776dae505c8fe15db622a54cbfe76,a242df8520f59cbdfcf15a0f55fdf22d14fa9ad6,281.6,280.94,-0.002343750000000089,0.7715264784488729,0.06666666666666667,0,0
30,0,30,3,1,23,0,0,0,0,0,jsoup,java,a242df8520f59cbdfcf15a0f55fdf22d14fa9ad6,4208ae30e0172ae06e6d64a4e52e1eaa15b4446e,280.94,281.72,0.002776393535986437,0.7088923275427439,-0.08444444444444445,0,0
55,0,55,4,1,26,0,0,0,0,0,jsoup,java,4208ae30e0172ae06e6d64a4e52e1eaa15b4446e,bc320aa0e93c45fbb27e2d6ac5596f6afd9d371a,281.72,282.41,0.0024492403805196567,0.8682259903524354,-0.04,0,0
2,2,4,1,1,24,0,0,0,0,0,jsoup,java,bc320aa0e93c45fbb27e2d6ac5596f6afd9d371a,029a4869d10a52762b3af4425ad64fede389673c,282.41,281.82,-0.002089161148684649,0.547507748068732,0.13333333333333333,0,0
6,0,6,2,1,31,0,0,0,0,0,jsoup,java,029a4869d10a52762b3af4425ad64fede389673c,cb11b4e0f8bdf1caeef7527f46dd098cc68eac43,281.82,281.33,-0.0017386984600099677,0.6482039260122094,0.10222222222222223,0,0
28,32,60,2,1,24,0,0,0,0,0,jsoup,java,cb11b4e0f8bdf1caeef7527f46dd098cc68eac43,283352773e206289124540c8fd0558013596b126,281.33,279.01,-0.008246543205488193,0.506914933812496,0.14666666666666667,0,0
4,4,8,1,1,12,0,0,0,0,0,jsoup,java,283352773e206289124540c8fd0558013596b126,d31d637b8b2566ebe590b27d1aca2a1c3528e4bd,279.01,280.01,0.0035841009282821406,0.6186695570822622,-0.1111111111111111,0,0
26,173,199,13,1,56,0,0,0,0,0,jsoup,java,d31d637b8b2566ebe590b27d1aca2a1c3528e4bd,00fc2da5e47e0150ec9a7b4ac87623abb5ae3982,280.01,277.51,-0.008928252562408485,0.08149464839345506,0.37777777777777777,0,0
183,2,185,2,1,44,0,0,1,0,0,jsoup,java,00fc2da5e47e0150ec9a7b4ac87623abb5ae3982,e56c22f64a6a69a6eeb4c266874326f0959cc235,277.51,277.44,-0.0002522431624085373,0.9669147771731937,0.013333333333333334,0,0
70,5,75,3,1,43,0,0,1,0,0,jsoup,java,e56c22f64a6a69a6eeb4c266874326f0959cc235,ace38eb5056fe5992744ef5c98f220fe4b1c4fb0,277.44,276.55,-0.003207900807381727,0.8357050269952793,0.04888888888888889,0,0
3,7,10,2,1,23,0,0,0,0,0,jsoup,java,ace38eb5056fe5992744ef5c98f220fe4b1c4fb0,2df420e2c94b51a471a6ea38b9e851fb0ebefe26,276.55,278.18,0.005894051708551782,0.5897385933186072,-0.12,0,0
11,0,11,1,1,34,0,0,0,0,0,jsoup,java,2df420e2c94b51a471a6ea38b9e851fb0ebefe26,6e46b8b1b1e02f90689ab700c071e24c9b75b43d,278.18,277.79,-0.0014019699475159477,0.48073111045562256,0.15555555555555556,0,0
1,1,2,1,1,25,0,0,1,0,0,jsoup,java,6e46b8b1b1e02f90689ab700c071e24c9b75b43d,4c350651b15265610f9eee9e1d3213abaae14987,277.79,276.58,-0.004355808344432975,0.5338294217441396,0.13777777777777778,0,0
21,0,21,1,1,38,0,0,0,0,0,jsoup,java,4c350651b15265610f9eee9e1d3213abaae14987,b7ea21ea374d761c4160564b8b42b83d3b92523c,276.58,276.26,-0.0011569889362932722,0.8519177555606353,-0.044444444444444446,0,0
0,2,2,1,1,13,0,0,0,0,0,jsoup,java,b7ea21ea374d761c4160564b8b42b83d3b92523c,7925168e9485e2ed82e4fd45b784e2a6470f31f9,276.26,275.39,-0.0031492072685151834,0.4067868333984651,0.18222222222222223,0,0
14,6,20,5,1,35,0,0,0,0,0,jsoup,java,7925168e9485e2ed82e4fd45b784e2a6470f31f9,f27ce0c991f8c7afd48ad01da20d1b819dc6db95,275.39,276.72,0.004829514506699739,0.1844100692216365,-0.28888888888888886,0,0
7,0,7,1,1,45,0,0,1,0,0,jsoup,java,f27ce0c991f8c7afd48ad01da20d1b819dc6db95,434f251271c2e4465e009b44ecc3865fdb72b84b,276.72,276.76,0.00014455044810625766,1.0,0.0044444444444444444,0,0
15,14,29,2,1,41,0,0,0,0,0,jsoup,java,434f251271c2e4465e009b44ecc3865fdb72b84b,75bdf8ef13ea840f8b5154f8910a3482bedb951d,276.76,281.23,0.016151177915883896,0.21332278254094483,-0.27111111111111114,0,0
2,7,9,1,1,51,0,0,0,0,0,jsoup,java,75bdf8ef13ea840f8b5154f8910a3482bedb951d,075b0e62b15497a7c32ce84c3d24bcb7d0561954,281.23,275.98,-0.0186679941684742,0.022516067538003053,0.49333333333333335,0,0
6,2,8,2,1,41,0,0,0,0,0,jsoup,java,075b0e62b15497a7c32ce84c3d24bcb7d0561954,e3e2c6b536fcad8da8d18351e6c5a750626f9922,275.98,277.34,0.004927893325603148,0.24543248360349268,-0.25333333333333335,0,0
2,6,8,1,1,28,0,0,0,0,0,jsoup,java,e3e2c6b536fcad8da8d18351e6c5a750626f9922,da20d2b1106f4dcf9fc28d8e2a3ca4d49075dfa9,277.34,274.29,-0.010997331794908614,0.15841830012714964,0.30666666666666664,0,0
39,6,45,3,1,61,0,0,0,0,0,jsoup,java,da20d2b1106f4dcf9fc28d8e2a3ca4d49075dfa9,b5de45fee2354f06829292fae8bb24822017d848,274.29,276.56,0.008275912355536045,0.506914933812496,-0.14666666666666667,0,0
43,2,45,1,1,29,0,0,0,0,0,jsoup,java,b5de45fee2354f06829292fae8bb24822017d848,998f429089c234ce685a078a78f03947f2b21fbc,276.56,277.83,0.004592131906277053,0.4067868333984651,-0.18222222222222223,0,0
4,5,9,1,1,45,0,0,0,0,0,jsoup,java,998f429089c234ce685a078a78f03947f2b21fbc,3091b666a672aba7281e29d919f5c940380ef846,277.83,275.51,-0.008350430119137577,0.17106923105635186,0.29777777777777775,0,0
19,0,19,2,1,32,0,0,1,0,0,jsoup,java,3091b666a672aba7281e29d919f5c940380ef846,9d104b7ea2a715c62553559a9869356913eb87c1,275.51,275.26,-0.0009074080795615405,0.9338864180775845,-0.022222222222222223,0,0
7,1,8,2,1,50,0,0,0,0,0,jsoup,java,9d104b7ea2a715c62553559a9869356913eb87c1,e52224fbfe6632248cc58c593efae9a22ba2e622,275.26,277.24,0.007193199157160569,0.5897385933186072,-0.12,0,0
4,3,7,1,1,46,0,0,0,0,0,jsoup,java,e52224fbfe6632248cc58c593efae9a22ba2e622,6285062176ee27299c4f86895b5d977e54f5ede7,277.24,278.28,0.0037512624440916302,0.5614474146848649,-0.1288888888888889,0,0
2,2,4,1,1,52,0,0,0,0,0,jsoup,java,6285062176ee27299c4f86895b5d977e54f5ede7,becdd2e118639ee603be0c12eda216cb0e01fe29,278.28,278.3,7.187005893358723e-05,0.9669147771731937,-0.013333333333333334,0,0
2,2,4,1,1,62,0,0,0,0,0,jsoup,java,becdd2e118639ee603be0c12eda216cb0e01fe29,da23af85f39df9f0df732029ed26c34764811009,278.3,277.39,-0.003269852676967391,0.7089232340537643,0.08444444444444445,0,0
34,9,43,4,1,41,0,0,1,0,0,jsoup,java,da23af85f39df9f0df732029ed26c34764811009,220a3b21be3b3d50ed90f5665aff031a989572f4,277.39,277.83,0.0015862143552399068,0.9009714934164412,0.03111111111111111,0,0
30,2,32,1,1,26,0,0,0,0,0,jsoup,java,220a3b21be3b3d50ed90f5665aff031a989572f4,544e85c4eb84baeee8add07b14eba2d731debc76,277.83,276.82,-0.003635316560486596,0.38373262766250305,-0.19111111111111112,0,0
2,2,4,2,1,45,0,0,1,0,0,jsoup,java,544e85c4eb84baeee8add07b14eba2d731debc76,465695f9a6c6e195a7c8ab1527cb843cd786a456,276.82,280.95,0.014919442236832583,0.06196961991403871,-0.40444444444444444,0,0
14,0,14,1,1,44,0,0,0,0,0,jsoup,java,465695f9a6c6e195a7c8ab1527cb843cd786a456,cb814bb401566fe508692808281cc3ad59f899b7,280.95,276.56,-0.015625556148780875,0.03101661143801677,0.4666666666666667,0,0
49,0,49,3,1,61,0,0,0,0,0,jsoup,java,cb814bb401566fe508692808281cc3ad59f899b7,62de0a18c7702ab5b0d1b4add3b8b3bd4f0dc93c,276.56,280.31,0.013559444605148973,0.22105065342981212,-0.26666666666666666,0,0
15,3,18,3,1,31,0,0,0,0,0,jsoup,java,62de0a18c7702ab5b0d1b4add3b8b3bd4f0dc93c,da5e9778e4e28bcf12086e7a5e057b39a16f2618,280.31,279.09,-0.004352324212479139,0.8034625743147712,0.057777777777777775,0,0
30,3,33,3,1,36,0,0,0,0,0,jsoup,java,da5e9778e4e28bcf12086e7a5e057b39a16f2618,a96ebc95f9ad681c3a8bb70a4d83020bf8812395,279.09,276.24,-0.01021175964742544,0.06799575043506911,0.39555555555555555,0,0
8,1,9,2,1,68,1,0,0,0,1,jsoup,java,a96ebc95f9ad681c3a8bb70a4d83020bf8812395,b6f652cef6dca7904d8ea0b971e4fc3812530015,276.24,278.01,0.006407471763683687,0.43064798984807773,-0.17333333333333334,0,0
39,7,46,5,1,67,0,0,0,0,0,jsoup,java,b6f652cef6dca7904d8ea0b971e4fc3812530015,a349582236a7e69ce341f3b4ee913cb8cd19b955,278.01,275.9,-0.007589655048379604,0.5338294217441396,0.13777777777777778,0,0
8,2,10,2,1,22,0,0,0,0,0,jsoup,java,a349582236a7e69ce341f3b4ee913cb8cd19b955,195f484ba5de224a3c1be6086e8c0dab066557d9,275.9,277.6,0.006161652772743913,0.5614474146848649,-0.1288888888888889,0,0
14,2,16,3,1,38,0,0,0,0,0,jsoup,java,195f484ba5de224a3c1be6086e8c0dab066557d9,2f48a617fe48262c0c688188345f73a0fbfe6e59,277.6,279.78,0.007853025936599242,0.3614963660708982,-0.2,0,0
30,10,40,6,1,41,0,0,0,0,0,jsoup,java,2f48a617fe48262c0c688188345f73a0fbfe6e59,a90bae7928f9b038d1c142773b4a5011335bf8e8,279.78,279.17,-0.0021802845092571193,0.9669074184889492,-0.013333333333333334,0,0
17,2,19,4,1,40,0,0,0,0,0,jsoup,java,a90bae7928f9b038d1c142773b4a5011335bf8e8,111919256590a37b74d2caa119c4965d1a25124a,279.17,278.23,-0.0033671239746391004,0.8034625743147712,-0.057777777777777775,0,0
1,1,2,1,1,68,0,0,0,0,1,jsoup,java,111919256590a37b74d2caa119c4965d1a25124a,9ad1d68a97039b1f0463f19332c4c7baef9a17d4,278.23,279.28,0.003773856162167827,0.9669147771731937,0.013333333333333334,0,0
3,2,5,1,1,54,0,0,0,0,0,jsoup,java,9ad1d68a97039b1f0463f19332c4c7baef9a17d4,57261d5f2a840abac23d3353721055ebe36f877f,279.28,277.81,-0.005263534803781046,0.493682051010625,0.1511111111111111,0,0
1,1,2,1,1,57,0,0,0,0,1,jsoup,java,57261d5f2a840abac23d3353721055ebe36f877f,ffd2f15ecf47db1275280c90c237ad7a4d4ce4f3,277.81,278.91,0.003959540693279661,0.9669147771731937,-0.013333333333333334,0,0
2,2,4,1,1,61,0,0,0,0,1,jsoup,java,ffd2f15ecf47db1275280c90c237ad7a4d4ce4f3,82fc0c40bc3cddcc0cfcde03e32210a1d8fdc56b,278.91,278.01,-0.0032268473701195155,0.48073111045562256,0.15555555555555556,0,0
1,1,2,1,1,61,0,0,0,0,1,jsoup,java,82fc0c40bc3cddcc0cfcde03e32210a1d8fdc56b,d9d7774eb5e782952f59217241020a4c7edadcf0,278.01,278.56,0.001978346102658219,0.21337370709311831,-0.27111111111111114,0,0
1,1,2,1,1,54,0,0,0,0,1,jsoup,java,d9d7774eb5e782952f59217241020a4c7edadcf0,8b31aaa144871fcc4856edddf91ac86998550243,278.56,280.75,0.00786186099942561,0.4553018964198552,-0.16444444444444445,0,0
149,91,240,7,1,29,0,0,0,0,0,jsoup,java,8b31aaa144871fcc4856edddf91ac86998550243,6e71f35c9e940ce32439bb8cbdea70579c9fe2b4,280.75,281.61,0.003063223508459532,0.8357050269952793,-0.04888888888888889,0,0
2,2,4,1,1,18,0,0,1,0,0,jsoup,java,6e71f35c9e940ce32439bb8cbdea70579c9fe2b4,f1d246c406eea37299610690421c6205007b2bfe,281.61,281.84,0.0008167323603563841,1.0,0.0044444444444444444,0,0
2,0,2,2,1,53,0,0,0,0,0,jsoup,java,f1d246c406eea37299610690421c6205007b2bfe,ae13de35b288756f7d530055e066aea244384d06,281.84,283.13,0.004577065001419318,0.48063346946245133,-0.15555555555555556,0,0
1,1,2,1,1,40,0,0,1,0,1,jsoup,java,ae13de35b288756f7d530055e066aea244384d06,c5df15f9bf05d3fac7bcd05ffd8943bbdccf406a,283.13,277.13,-0.021191678734150392,0.05639236422683157,0.41333333333333333,0,0
1,1,2,1,1,58,0,0,0,0,1,jsoup,java,c5df15f9bf05d3fac7bcd05ffd8943bbdccf406a,cf17f36b5c9d677f83d0059abb4173c63804c0c0,277.13,272.71,-0.015949193519287034,0.02510289275359325,0.48444444444444446,0,0
1,1,2,1,1,56,0,0,0,0,1,jsoup,java,cf17f36b5c9d677f83d0059abb4173c63804c0c0,f981cd1ad0342a0b96ac88eb481265ee78229dd8,272.71,273.65,0.0034468849693813862,0.8034625743147712,-0.057777777777777775,0,0
1,1,2,1,1,54,0,0,0,0,1,jsoup,java,f981cd1ad0342a0b96ac88eb481265ee78229dd8,1d3c8b596bc23e28e8de3c4de2a657c937ac8d41,273.65,272.04,-0.00588342773615917,0.22902896662469463,0.26222222222222225,0,0
2,2,4,1,1,58,0,0,0,0,1,jsoup,java,1d3c8b596bc23e28e8de3c4de2a657c937ac8d41,5afef3ecc0d183fa6f6a9c168ae1287a33bc72ac,272.04,273.06,0.003749448610498389,0.38373262766250305,-0.19111111111111112,0,0
27,17,44,4,1,52,0,0,0,0,0,jsoup,java,5afef3ecc0d183fa6f6a9c168ae1287a33bc72ac,0121311b1bd56cbbd29e9b291d42564d5135afa5,273.06,272.67,-0.0014282575258184515,0.9338864180775845,0.022222222222222223,0,0
84,1,85,1,1,33,0,0,0,0,0,jsoup,java,0121311b1bd56cbbd29e9b291d42564d5135afa5,498da155d0bdc6b4420fdd942657ba43f38dd16a,272.67,271.89,-0.0028606007261526003,0.8357050269952793,0.04888888888888889,0,0
23,0,23,1,1,39,0,0,0,0,0,jsoup,java,498da155d0bdc6b4420fdd942657ba43f38dd16a,4d6e16717aed15cfe44c2e6682fb78f87313e3af,271.89,272.12,0.0008459303394755902,0.5897385933186072,-0.12,0,0
1,1,2,1,1,10,0,1,0,0,0,jsoup,java,4d6e16717aed15cfe44c2e6682fb78f87313e3af,21aac91219f44ed8f9a33266271bce9972719d6c,272.12,271.36,-0.002792885491694807,0.5613603057720339,0.1288888888888889,0,0
81,14,95,6,1,53,0,0,1,0,0,jsoup,java,21aac91219f44ed8f9a33266271bce9972719d6c,dea49696e976b389864cd2926f93c6ff07bdcfa6,271.36,272.56,0.004422169811320713,0.43064798984807773,0.17333333333333334,0,0
52,18,70,5,1,51,0,0,0,0,0,jsoup,java,dea49696e976b389864cd2926f93c6ff07bdcfa6,c93ea51dabfbfd34d6b979f5cc876ed3b5d093a4,272.56,273.38,0.003008511887290847,0.24548500120312422,-0.25333333333333335,0,0
1,1,2,1,1,56,0,0,0,0,1,jsoup,java,c93ea51dabfbfd34d6b979f5cc876ed3b5d093a4,321be7c3ea5a85f374739e5c97df0ba5fe2f3bd6,273.38,271.15,-0.008157143902260657,0.4067868333984651,0.18222222222222223,0,0
1,1,2,1,1,59,0,0,0,0,1,jsoup,java,321be7c3ea5a85f374739e5c97df0ba5fe2f3bd6,e92c3634b08b6f14ff0b458b125890e415401ff5,271.15,272.27,0.004130555043333965,0.9009714934164412,0.03111111111111111,0,0
27,0,27,1,1,42,0,0,0,0,0,jsoup,java,e92c3634b08b6f14ff0b458b125890e415401ff5,907d09e28fe9f6df9d39c050d7d476879956574e,272.27,271.72,-0.0020200536232414684,1.0,-0.0044444444444444444,0,0
12,0,12,1,1,26,0,0,1,0,0,jsoup,java,907d09e28fe9f6df9d39c050d7d476879956574e,78aeac18c6e9a7bc9294e0575bce8e465e5223ac,271.72,270.05,-0.00614603268070078,0.1985058531538877,0.28,0,0
26,1,27,4,1,61,0,0,0,0,0,jsoup,java,78aeac18c6e9a7bc9294e0575bce8e465e5223ac,f0ae81b13eb3dee39d4b93e73913e5072bf5debd,270.05,265.26,-0.017737456026661803,0.00794033626424658,0.5733333333333334,0,0
1,2,3,1,1,16,0,0,0,0,0,jsoup,java,f0ae81b13eb3dee39d4b93e73913e5072bf5debd,d9544a49ec6859d145b8392cc9fb4a3c86960b42,265.26,266.01,0.0028274146120787153,0.3400858902842717,-0.2088888888888889,0,0
34,13,47,4,1,41,0,0,0,0,0,jsoup,java,d9544a49ec6859d145b8392cc9fb4a3c86960b42,8e2b86839b276191cf215a3500c405b1489cb215,266.01,266.18,0.0006390737190331789,0.5338294217441396,0.13777777777777778,0,0
2,2,4,1,1,52,0,0,0,0,0,jsoup,java,8e2b86839b276191cf215a3500c405b1489cb215,062ebdb3b77f170a3e4d03c61d6b7290c83ffb44,266.18,264.25,-0.007250732586971248,0.8682259903524354,0.04,0,0
2,2,4,1,1,62,0,0,0,0,0,jsoup,java,062ebdb3b77f170a3e4d03c61d6b7290c83ffb44,8b60aba07a99536cdcb876a9847ad44c71182328,264.25,265.52,0.004806054872279969,0.44282612113873143,-0.1688888888888889,0,0
2,2,4,1,1,52,0,0,0,0,0,jsoup,java,8b60aba07a99536cdcb876a9847ad44c71182328,61e586163f8fce20b5d9684409ac939d2687133d,265.52,267.52,0.0075323892738776745,0.6783024655972324,-0.09333333333333334,0,0
1,1,2,1,1,22,0,0,0,0,0,jsoup,java,61e586163f8fce20b5d9684409ac939d2687133d,23ea77ef4b0b79b7a0033ea218a45c0d4e45af83,267.52,266.94,-0.0021680622009568784,0.9009714934164412,-0.03111111111111111,0,0
59,23,82,2,1,50,0,0,0,0,0,jsoup,java,23ea77ef4b0b79b7a0033ea218a45c0d4e45af83,4a278e9b8e9c0515ee005775703a40d7b0a86d2f,266.94,264.32,-0.009814939686821025,0.09709106759647709,0.36,0,0
7,0,7,1,1,20,0,0,0,0,0,jsoup,java,4a278e9b8e9c0515ee005775703a40d7b0a86d2f,f284d35658a8ec46a4caca07b495dc66691cbc17,264.32,265.29,0.003669794188862089,0.3195059648919748,-0.21777777777777776,0,0
35,14,49,2,1,63,0,1,0,0,0,jsoup,java,f284d35658a8ec46a4caca07b495dc66691cbc17,401c8b010e01a03d5af00b88387e0dc3a8c1c8a4,265.29,266.46,0.004410268008594214,0.6783024655972324,-0.09333333333333334,0,0
3,0,3,1,1,28,0,0,0,0,0,jsoup,java,401c8b010e01a03d5af00b88387e0dc3a8c1c8a4,6fd054dab00e4bcea1e3af3439199b35440d586d,266.46,267.39,0.0034902049088043493,0.6935179289009736,0.08888888888888889,0,0
1,1,2,1,1,47,0,0,0,0,1,jsoup,java,6fd054dab00e4bcea1e3af3439199b35440d586d,042cf6b539f53af0a85f678c18aaae6ab97a6e6f,267.39,265.62,-0.006619544485582789,0.506914933812496,0.14666666666666667,0,0
0,6,6,1,1,37,0,0,0,0,0,jsoup,java,042cf6b539f53af0a85f678c18aaae6ab97a6e6f,72eeaf0be2649e5785b06e5602d247dc04e413c0,265.62,264.36,-0.004743618703410854,0.5897385933186072,0.12,0,0
6,114,120,6,1,38,0,0,0,0,0,jsoup,java,72eeaf0be2649e5785b06e5602d247dc04e413c0,df617e986da7b2f839a15727b04ffecae71cc53e,264.36,266.19,0.006922378574670843,0.15846460599820356,-0.30666666666666664,0,0
6,7,13,2,1,39,0,0,0,0,0,jsoup,java,df617e986da7b2f839a15727b04ffecae71cc53e,2651aebe371fbddd3b95faa5dd45aecb7cf631f1,266.19,266.43,0.0009016116307900714,0.5614474146848649,0.1288888888888889,0,0
2,2,4,1,1,55,0,0,0,0,1,jsoup,java,2651aebe371fbddd3b95faa5dd45aecb7cf631f1,e6a1efac8c652f95f58bc2c9542634d110e9b250,266.43,263.43,-0.011259993244004052,0.2997583700887151,0.22666666666666666,0,0
1,1,2,1,1,55,0,0,0,0,1,jsoup,java,e6a1efac8c652f95f58bc2c9542634d110e9b250,e4f4b86a38dfed0567b6dcdd0292a6735a243a68,263.43,267.27,0.014576927457009357,0.01806662299891238,-0.5111111111111111,0,0
65,46,111,4,1,49,0,0,0,0,0,jsoup,java,e4f4b86a38dfed0567b6dcdd0292a6735a243a68,10ef9816fb7cf1085de53aa5882e93192743f01d,267.27,268.82,0.005799378905226967,0.5614474146848649,0.1288888888888889,0,0
79,19,98,5,1,53,0,0,0,0,0,jsoup,java,10ef9816fb7cf1085de53aa5882e93192743f01d,c57e68388f521bbb84cc4b281e6f79eb46d7a3ad,268.82,266.56,-0.00840711256602928,0.3195059648919748,0.21777777777777776,0,0
51,31,82,3,1,69,0,0,0,0,0,jsoup,java,c57e68388f521bbb84cc4b281e6f79eb46d7a3ad,37f6690fe01604f23792b10e8fdaa2f1a8479a43,266.56,264.09,-0.00926620648259314,0.48073111045562256,0.15555555555555556,0,0
7,9,16,1,1,55,0,0,0,0,0,jsoup,java,37f6690fe01604f23792b10e8fdaa2f1a8479a43,d647bfb9c4ed4b2d9128c8614eacf6fafff54b1e,264.09,266.2,0.007989700480896717,0.06799575043506911,-0.39555555555555555,0,0
159,15,174,4,1,51,0,0,0,0,0,jsoup,java,d647bfb9c4ed4b2d9128c8614eacf6fafff54b1e,32d247d6f4ec66b10c32be2fb6d2f2666c2399bf,266.2,264.98,-0.004583020285499513,0.10573920209087935,0.3511111111111111,0,0
13,3,16,3,1,51,0,0,0,0,0,jsoup,java,32d247d6f4ec66b10c32be2fb6d2f2666c2399bf,0b10d516ed8f907f8fb4acb9a0806137a8988d45,264.98,266.65,0.006302362442448332,0.4553018964198552,-0.16444444444444445,0,0
2,3,5,1,1,14,0,0,0,0,0,jsoup,java,0b10d516ed8f907f8fb4acb9a0806137a8988d45,dd29dc920bd482ca0c0ae92a4167185821085ecb,266.65,267.76,0.0041627601725108335,0.7715511878155722,-0.06666666666666667,0,0
145,154,299,2,1,49,0,0,0,0,0,jsoup,java,dd29dc920bd482ca0c0ae92a4167185821085ecb,0bed59f3aad172aafb9732b77dde87a7643aebf0,267.76,266.2,-0.005826112936958479,0.7715511878155722,-0.06666666666666667,0,0
32,18,50,5,1,58,0,0,0,0,0,jsoup,java,0bed59f3aad172aafb9732b77dde87a7643aebf0,1762412a28fa7b08ccf71d93fc4c98dc73086e03,266.2,265.63,-0.002141247182569471,0.48073111045562256,0.15555555555555556,0,0
1,0,1,1,1,16,0,0,0,0,0,jsoup,java,1762412a28fa7b08ccf71d93fc4c98dc73086e03,e1880ad73e6ee6ad235d5e21222f62ffd5f6a5f8,265.63,265.33,-0.001129390505590526,0.8357050269952793,-0.04888888888888889,0,0
32,17,49,3,1,23,0,0,0,0,0,jsoup,java,e1880ad73e6ee6ad235d5e21222f62ffd5f6a5f8,1e69577e358c75a85b769583f0cf860eedb18a5e,265.33,269.31,0.01500018844457852,0.24548500120312422,-0.25333333333333335,0,0
31,3,34,3,1,46,0,0,0,0,0,jsoup,java,1e69577e358c75a85b769583f0cf860eedb18a5e,04b3a82861ae0d2a6317cf4466e3d7e021d1beaa,269.31,268.15,-0.004307303850581207,0.9338864180775845,0.022222222222222223,0,0
23,12,35,3,1,43,0,0,0,0,0,jsoup,java,04b3a82861ae0d2a6317cf4466e3d7e021d1beaa,0eb8232cfc4926fe5ece8e16edcd2a806ccc413f,268.15,264.34,-0.014208465411150485,0.04648668639528603,0.4311111111111111,0,0
25,1,26,3,1,54,0,0,0,0,0,jsoup,java,0eb8232cfc4926fe5ece8e16edcd2a806ccc413f,48c3e992ad52b90f0e78371994b9f8d3c68c783f,264.34,265.67,0.005031398955890297,0.14657603430900068,-0.31555555555555553,0,0
2,2,4,1,1,55,0,0,0,0,1,jsoup,java,48c3e992ad52b90f0e78371994b9f8d3c68c783f,a2b73f9b13b397c3a24f2529e115bbff7705a835,265.67,265.41,-0.0009786577332780927,0.6040860725185493,0.11555555555555555,0,0
1,1,2,1,1,53,0,0,0,0,1,jsoup,java,a2b73f9b13b397c3a24f2529e115bbff7705a835,8b60f569b18ffc3a58db58dd0ec702fae6b975f6,265.41,266.25,0.0031649146603367428,0.5338294217441396,-0.13777777777777778,0,0
1,1,2,1,1,53,0,0,0,0,1,jsoup,java,8b60f569b18ffc3a58db58dd0ec702fae6b975f6,04ee5526456db2eb3ff1c6eed11af505521b0e6f,266.25,266.94,0.0025915492957746394,0.7400217511938185,0.07555555555555556,0,0
8,0,8,1,1,33,0,0,1,0,0,jsoup,java,04ee5526456db2eb3ff1c6eed11af505521b0e6f,4e7ea39b2064b078cc3e29f6dd6f8f0a60a9765c,266.94,265.68,-0.004720161834119993,0.506914933812496,0.14666666666666667,0,0
40,1,41,5,1,35,0,0,0,0,0,jsoup,java,4e7ea39b2064b078cc3e29f6dd6f8f0a60a9765c,23573ef31ce1320fa2bf57fb6aaf5e51006d69e7,265.68,266.55,0.0032746160794941454,0.1985058531538877,-0.28,0,0
22,5,27,3,1,60,0,1,0,0,0,jsoup,java,23573ef31ce1320fa2bf57fb6aaf5e51006d69e7,8e8970650951cef63bae78dd41ba45c98a7d75a5,266.55,266.92,0.0013881072969424294,0.9009714934164412,0.03111111111111111,0,0
1,1,2,1,1,54,0,0,0,0,1,jsoup,java,8e8970650951cef63bae78dd41ba45c98a7d75a5,01a04fe5a5d4943f5b143fe34ef8502d1a1b59d5,266.92,266.43,-0.0018357560317698526,0.9338864180775845,-0.022222222222222223,0,0
1,1,2,1,1,55,0,0,0,0,1,jsoup,java,01a04fe5a5d4943f5b143fe34ef8502d1a1b59d5,7dae7ea5e1f7ad494eddb3aead3dcd37e0e03236,266.43,265.79,-0.0024021318920541468,0.6186695570822622,0.1111111111111111,0,0
1,1,2,1,1,66,0,0,0,0,1,jsoup,java,7dae7ea5e1f7ad494eddb3aead3dcd37e0e03236,b50d1a7543b3d8ed6c93e4b9a0b3f6bf6425e31a,265.79,267.15,0.005116821550848251,0.5338294217441396,-0.13777777777777778,0,0
1,1,2,1,1,82,0,0,0,0,1,jsoup,java,b50d1a7543b3d8ed6c93e4b9a0b3f6bf6425e31a,827115fe50a7e1c4ba2fc5e3317f77180e5807c8,267.15,269.08,0.007224405764551776,0.056364933842789545,-0.41333333333333333,0,0
1,1,2,1,1,69,0,0,0,0,1,jsoup,java,827115fe50a7e1c4ba2fc5e3317f77180e5807c8,55fab07ff3f7de1d4bc62ec02e50ea8cb72fe0d2,269.08,264.97,-0.015274267875724532,0.002140157095099656,0.6622222222222223,0,0
1,1,2,1,1,31,0,0,1,0,0,jsoup,java,55fab07ff3f7de1d4bc62ec02e50ea8cb72fe0d2,02bbe6e093113e6a3a5f48ab8ab325df8c90e2aa,264.97,264.74,-0.0008680227950334686,0.6782686817942617,-0.09333333333333334,0,0
10,10,20,2,1,30,0,0,0,0,0,jsoup,java,02bbe6e093113e6a3a5f48ab8ab325df8c90e2aa,57b07e10496e0615cd316a0138fa0b4a4a469fa0,264.74,267.97,0.012200649694039504,0.6631500726976157,-0.09777777777777778,0,0
14,7,21,7,1,47,0,0,0,0,0,jsoup,java,57b07e10496e0615cd316a0138fa0b4a4a469fa0,780f5f2cbc444909e8b16bccd93a68c330b2ae22,267.97,270.64,0.00996380191812501,0.2997583700887151,-0.22666666666666666,0,0
4,0,4,1,1,20,0,0,0,0,0,jsoup,java,780f5f2cbc444909e8b16bccd93a68c330b2ae22,17df30a9ec6cff6d0998779ed3bff1cdeaf3c157,270.64,266.17,-0.016516405557197644,0.15846460599820356,0.30666666666666664,0,0
110,7,117,6,1,60,0,1,0,0,0,jsoup,java,17df30a9ec6cff6d0998779ed3bff1cdeaf3c157,9170b1d17b3b0c953c0a07b3d62a7884f3a7e019,266.17,285.53,0.07273546981252567,3.3918213908250945e-06,-1.0,0,0
53,0,53,2,1,69,0,0,0,0,0,jsoup,java,9170b1d17b3b0c953c0a07b3d62a7884f3a7e019,91b630f86b5ca0f3540ed0347029cb52c3228ad9,285.53,286.25,0.0025216264490597394,0.6783024655972324,-0.09333333333333334,0,0
44,43,87,8,1,14,0,0,0,0,0,jsoup,java,91b630f86b5ca0f3540ed0347029cb52c3228ad9,afc38d827ac31ee264d8444d81c3863ad569bbb9,286.25,288.14,0.0066026200873361965,0.5338294217441396,-0.13777777777777778,0,0
572,78,650,18,1,56,0,0,0,0,0,jsoup,java,afc38d827ac31ee264d8444d81c3863ad569bbb9,6d48703a9f290d83576241e65af12ee0327818a6,288.14,287.35,-0.002741722773651571,0.6935179289009736,-0.08888888888888889,0,0
1,1,2,1,1,79,0,0,0,0,1,jsoup,java,6d48703a9f290d83576241e65af12ee0327818a6,493fa867fb549ceed314aa64699f0296a885ba66,287.35,289.38,0.0070645554202191495,0.6481309210336601,-0.10222222222222223,0,0
1,1,2,1,1,82,0,0,0,0,1,jsoup,java,493fa867fb549ceed314aa64699f0296a885ba66,0cfc14c8d99885f17b5f1bd73b0571d3e29f0b41,289.38,287.13,-0.007775243624300228,0.21337370709311831,0.27111111111111114,0,0
2,1,3,2,1,58,0,0,0,0,0,jsoup,java,0cfc14c8d99885f17b5f1bd73b0571d3e29f0b41,144835d98e8fd6c5f825d90fc39e30a575c5b48b,287.13,286.0,-0.003935499599484539,0.5614474146848649,-0.1288888888888889,0,0
3,0,3,1,1,20,0,0,0,0,0,jsoup,java,144835d98e8fd6c5f825d90fc39e30a575c5b48b,1c54718eb4275c0f9e65253e6f4f91a2d01782b0,286.0,285.44,-0.001958041958041966,0.22902896662469463,0.26222222222222225,0,0
24,49,73,1,1,28,0,0,0,0,0,jsoup,java,1c54718eb4275c0f9e65253e6f4f91a2d01782b0,aab1dc1d01aa92e89246b933941c537458c415fa,285.44,285.01,-0.001506446188340831,0.4552517444125014,0.16444444444444445,0,0
35,10,45,3,1,38,0,0,0,0,0,jsoup,java,aab1dc1d01aa92e89246b933941c537458c415fa,26cfb42bd468351092ff1acb2f16ac2311d2b536,285.01,290.78,0.020244903687589844,0.0014023519088374621,-0.6888888888888889,0,0
1,4,5,1,1,48,0,0,0,0,0,jsoup,java,26cfb42bd468351092ff1acb2f16ac2311d2b536,c42b0fe9987d42cc55bca9394bdafa5476f1060b,290.78,287.79,-0.010282687942774442,0.3614963660708982,0.2,0,0
1,1,2,1,1,69,0,0,0,0,1,jsoup,java,c42b0fe9987d42cc55bca9394bdafa5476f1060b,6e6339c33ec9b9a887b4296698f110bfe2018299,287.79,287.45,-0.0011814170054554774,0.8682259903524354,0.04,0,0
0,0,0,1,1,14,0,0,1,0,0,jsoup,java,6e6339c33ec9b9a887b4296698f110bfe2018299,90f24b4ccf31e6dbab7d9a9bca6c7792de768b93,287.45,287.93,0.00166985562706564,0.7715511878155722,0.06666666666666667,0,0
30,15,45,3,1,35,0,0,1,0,0,jsoup,java,90f24b4ccf31e6dbab7d9a9bca6c7792de768b93,d61ec5a78f9f220b2535a93d82851262a29d9f0b,287.93,290.87,0.0102108151286771,0.06799575043506911,-0.39555555555555555,0,0
8,3,11,3,1,26,0,0,0,0,0,jsoup,java,d61ec5a78f9f220b2535a93d82851262a29d9f0b,4864af45affc8598dada9a8f970cbc04a793c460,290.87,291.26,0.0013408051706947652,0.8682259903524354,0.04,0,0
21,2,23,3,1,34,0,0,0,0,0,jsoup,java,4864af45affc8598dada9a8f970cbc04a793c460,5f20fcc2f728a930444c2ba9252ec26b20587a80,291.26,291.77,0.0017510128407608012,0.5614038666800154,-0.1288888888888889,0,0
7,4,11,2,1,20,0,0,0,0,0,jsoup,java,5f20fcc2f728a930444c2ba9252ec26b20587a80,8a597925a7dae0b3bce86b1b5638699abed72331,291.77,103.06,-0.6467765705864208,3.3833394126542183e-06,1.0,0,0
6,1,7,1,1,34,0,0,0,0,0,jsoup,java,8a597925a7dae0b3bce86b1b5638699abed72331,7a83ffee4641ca44816d113c3acf1d52722ef217,103.06,146.57,0.422181253638657,3.3918213908250945e-06,-1.0,1,1
2,2,4,1,1,16,0,0,0,0,0,jsoup,java,7a83ffee4641ca44816d113c3acf1d52722ef217,545145a3176585c989c8c5e9a90f4257796c46d9,146.57,288.77,0.9701848945896159,3.3918213908250945e-06,-1.0,1,1
54,1,55,3,1,44,0,0,0,0,0,jsoup,java,545145a3176585c989c8c5e9a90f4257796c46d9,eff15210b0507f3eb20ff71a201061e841b40c77,288.77,290.78,0.006960556844547533,0.547507748068732,-0.13333333333333333,0,0
86,61,147,4,1,56,0,0,0,0,0,jsoup,java,eff15210b0507f3eb20ff71a201061e841b40c77,9de27fa7cd823f6d26e33e48b36ef010c05f977c,290.78,290.1,-0.002338537726115792,0.8682259903524354,0.04,0,0
3,1,4,1,1,32,0,0,0,0,0,jsoup,java,9de27fa7cd823f6d26e33e48b36ef010c05f977c,f0eb6bd1ccced79ee04256e9aeb457f65bc7ea30,290.1,290.01,-0.00031023784901768986,0.9338864180775845,0.022222222222222223,0,0
10,0,10,3,1,41,0,0,0,0,0,jsoup,java,f0eb6bd1ccced79ee04256e9aeb457f65bc7ea30,6ccd158754e21a749b2390ca27282a8dda7fb4f6,290.01,290.82,0.0027930071376849152,0.9009714934164412,0.03111111111111111,0,0
8,8,16,1,1,22,0,0,0,0,0,jsoup,java,6ccd158754e21a749b2390ca27282a8dda7fb4f6,da4e275eaddcef242b3912d85b3bbf35f713c80b,290.82,291.695,0.003008733924764459,0.41990549429472046,-0.1511111111111111,0,0
2,2,4,1,1,52,0,0,0,0,0,jsoup,java,da4e275eaddcef242b3912d85b3bbf35f713c80b,db6dc74ccd31ac0f87a2f021d5157ff298f21969,291.695,291.43,-0.0009084831759200067,0.941071531945936,0.012222222222222223,0,0
2,2,4,1,1,62,0,0,0,0,0,jsoup,java,db6dc74ccd31ac0f87a2f021d5157ff298f21969,8557242fa77786f3159094fc0ba629eab990aac8,291.43,292.725,0.004443605668599718,0.3870931819612021,-0.13111111111111112,0,0
5,7,12,1,1,56,0,0,0,0,0,jsoup,java,8557242fa77786f3159094fc0ba629eab990aac8,216ead5da77efdb058202a69302a016bc06dd3fb,292.725,291.995,-0.0024938081817406036,0.8649918485209729,0.02666666666666667,0,0
30,24,54,1,1,16,0,0,0,0,0,jsoup,java,216ead5da77efdb058202a69302a016bc06dd3fb,8c81b965418227c5542c795c30cfa83ae89afb18,291.995,291.96000000000004,-0.0001198650661825311,0.6897568712243869,-0.06111111111111111,0,0
4,4,8,2,1,28,0,0,0,0,0,jsoup,java,8c81b965418227c5542c795c30cfa83ae89afb18,8b6e745bb8dff9d3a1a62bb8530f77d14c351398,291.96000000000004,292.755,0.002722975750102613,0.6573759711130626,0.06777777777777778,0,0
296,3,299,4,1,76,0,0,0,0,0,jsoup,java,8b6e745bb8dff9d3a1a62bb8530f77d14c351398,61ac59b7103e6b1932cd1c65d7ddc59df3cc9978,292.755,297.44,0.01600314255947807,0.0002005404903934639,-0.56,0,0
1,0,1,1,1,24,0,0,0,0,0,jsoup,java,61ac59b7103e6b1932cd1c65d7ddc59df3cc9978,44a8bf14291507d7a270724242f9f1e29584d962,297.44,296.02,-0.004774072081764443,0.7561914995569212,0.04777777777777778,0,0
1,1,2,1,1,80,0,0,0,0,1,jsoup,java,44a8bf14291507d7a270724242f9f1e29584d962,ea16171f606c48a417255b7b7d25a6b4af2efee7,296.02,298.525,0.008462266063103829,0.12413560189813734,-0.23222222222222222,0,0
1,1,2,1,1,82,0,0,0,0,1,jsoup,java,ea16171f606c48a417255b7b7d25a6b4af2efee7,3663b36f24f32f4c06b186adfee3a4ed121d96c6,298.525,298.11,-0.0013901683276106311,0.7505771812357518,0.04888888888888889,0,0
2,2,4,1,1,80,0,0,0,0,1,jsoup,java,3663b36f24f32f4c06b186adfee3a4ed121d96c6,13f7ef9241017d331a512e2ed85b0f51a7d8c398,298.11,298.88,0.0025829391835227996,0.641423522520332,-0.07111111111111111,0,0
50,1,51,4,1,51,0,0,0,0,0,jsoup,java,13f7ef9241017d331a512e2ed85b0f51a7d8c398,1657e8fd65889cd4a60052ed31f9cb245c02dfad,298.88,298.23,-0.0021747858672376114,0.899992273030831,0.02,0,0
21,0,21,3,1,54,0,0,0,0,0,jsoup,java,1657e8fd65889cd4a60052ed31f9cb245c02dfad,c61ce94f35c74f4b2410cb8429511f19a11d5139,298.23,299.41499999999996,0.003973443315561632,0.7061675958756584,-0.057777777777777775,0,0
32,1,33,3,1,60,0,0,0,0,0,jsoup,java,c61ce94f35c74f4b2410cb8429511f19a11d5139,2a4a9cf83dea46aff9fc97fc6da808948f5086e0,299.41499999999996,299.33000000000004,-0.00028388691281306115,0.539504682446856,-0.09333333333333334,0,0
26,6,32,4,1,52,0,0,0,0,0,jsoup,java,2a4a9cf83dea46aff9fc97fc6da808948f5086e0,d126488db626790a69ce99bb96bf3cfe9c591534,299.33000000000004,298.62,-0.002371964053051937,0.4825169043645008,0.10666666666666667,0,0
48,72,120,1,1,46,0,0,0,0,0,jsoup,java,d126488db626790a69ce99bb96bf3cfe9c591534,0c14534294587a19ce81b5ed0282118001c1fa38,298.62,298.96000000000004,0.0011385707588240299,0.662734758176107,-0.06666666666666667,0,0
64,5,69,5,1,32,0,0,0,0,0,jsoup,java,0c14534294587a19ce81b5ed0282118001c1fa38,bbb9cdcbaf45f6459fdb9059b2616c590d4de710,298.96000000000004,300.755,0.0060041477120683666,0.12414605473987118,-0.23222222222222222,0,0
4,4,8,3,1,25,0,0,0,0,0,jsoup,java,bbb9cdcbaf45f6459fdb9059b2616c590d4de710,07866e8f81f4efa867a7e313d0cf93a871448ee6,300.755,298.255,-0.008312413758707253,0.09774639567744975,0.25,0,0
17,2,19,3,1,50,0,0,0,0,0,jsoup,java,07866e8f81f4efa867a7e313d0cf93a871448ee6,98200dbe4e99dfddc2a44e709332c8ee45cba966,298.255,296.875,-0.004626913211848906,0.2972716890893069,0.15777777777777777,0,0
42,5,47,4,1,78,0,0,0,0,0,jsoup,java,98200dbe4e99dfddc2a44e709332c8ee45cba966,a8564c34259fe475da3c15a4eaa8ccb9b70d409b,296.875,297.485,0.0020547368421053092,0.34402482930930944,-0.14333333333333334,0,0
40,16,56,2,1,50,0,0,0,0,0,jsoup,java,a8564c34259fe475da3c15a4eaa8ccb9b70d409b,f3c4ab59618ab5eca85f74676fe56f98cc065cd9,297.485,296.2,-0.00431954552330378,0.37106373977996965,0.13555555555555557,0,0
1,0,1,1,1,49,0,0,0,0,0,jsoup,java,f3c4ab59618ab5eca85f74676fe56f98cc065cd9,062770882d424d5c8b6904d84be78cf056a7cbf5,296.2,298.01,0.006110735989196496,0.3952670113331167,-0.1288888888888889,0,0
213,71,284,14,1,25,0,0,1,0,0,jsoup,java,062770882d424d5c8b6904d84be78cf056a7cbf5,45d327f22a864253f12d69b4c8e0667ebd98d82b,298.01,301.58500000000004,0.01199624173685462,0.0029614550039020232,-0.4477777777777778,0,0
2,3,5,2,1,14,0,0,0,0,0,jsoup,java,45d327f22a864253f12d69b4c8e0667ebd98d82b,84fd43766992401057b73f740acec4b82f1e3dd6,301.58500000000004,302.27,0.0022713331233315493,0.6203940075300605,-0.07555555555555556,0,0
326,106,432,20,1,47,0,0,0,0,0,jsoup,java,84fd43766992401057b73f740acec4b82f1e3dd6,7d46675bef8cf12397466b8a67599a792fa92b06,302.27,324.925,0.0749495484169783,3.019859359162157e-11,-1.0,0,0
708,13,721,14,1,70,0,0,0,0,0,jsoup,java,7d46675bef8cf12397466b8a67599a792fa92b06,1123dd210a4b06b56986029386e5562aad63aa0d,324.925,334.08000000000004,0.028175732861429652,5.532862121764326e-08,-0.8177777777777778,0,0
1,0,1,1,1,43,0,0,0,0,0,jsoup,java,1123dd210a4b06b56986029386e5562aad63aa0d,fd300220903d3556d3a1811112c2d087ce410842,334.08000000000004,332.7,-0.004130747126436938,0.32552658677915214,0.14888888888888888,0,0
1,1,2,1,1,80,0,0,0,0,1,jsoup,java,fd300220903d3556d3a1811112c2d087ce410842,42fff8312798b09a5a78fe5b87d455abac382e39,332.7,332.58,-0.00036068530207395414,0.8941446026044199,0.021111111111111112,0,0
2,2,4,1,1,80,0,0,0,0,1,jsoup,java,42fff8312798b09a5a78fe5b87d455abac382e39,471cc2cbd4acb32318b3579718665187ea426429,332.58,331.685,-0.0026910818449695766,0.6520345916030781,0.06888888888888889,0,0
1,1,2,1,1,82,0,0,0,0,1,jsoup,java,471cc2cbd4acb32318b3579718665187ea426429,fb2d3cbcb832fa6df9a483d89fdfa006fc575ae6,331.685,332.05499999999995,0.0011155162277460473,0.6520345916030781,-0.06888888888888889,0,0
1,1,2,1,1,67,0,0,0,0,1,jsoup,java,fb2d3cbcb832fa6df9a483d89fdfa006fc575ae6,f4eddb303c6c5a057cac4678562bd874ece33e74,332.05499999999995,339.45000000000005,0.02227040701088704,1.3852520781212774e-06,-0.7266666666666667,0,0
1,1,2,1,1,79,0,0,0,0,1,jsoup,java,f4eddb303c6c5a057cac4678562bd874ece33e74,de0c3ad83fa62917110ba1f19f099bf06f79c363,339.45000000000005,340.24,0.0023272941523050923,0.8766332001216587,-0.024444444444444446,0,0
81,94,175,42,1,51,0,0,0,0,0,jsoup,java,de0c3ad83fa62917110ba1f19f099bf06f79c363,d11450cd5099eab34451af7caf54e09ef985673e,340.24,337.475,-0.008126616505995728,0.04593603207156343,0.3011111111111111,0,0
1,1,2,1,1,24,0,0,0,0,0,jsoup,java,d11450cd5099eab34451af7caf54e09ef985673e,018bddd7bfc5363bd50677a88e750f9c008c747e,337.475,338.595,0.003318764352915044,0.4246493350223186,-0.12111111111111111,0,0
1,1,2,1,1,33,0,0,0,0,0,jsoup,java,018bddd7bfc5363bd50677a88e750f9c008c747e,3d60c065f888ed111c2d2d862402e0f3a8d5dd07,338.595,339.9,0.0038541620520088893,0.49643958281730205,-0.10333333333333333,0,0
3,3,6,2,1,20,0,0,0,0,0,jsoup,java,3d60c065f888ed111c2d2d862402e0f3a8d5dd07,e7790b2ec47d725ecb031e61afefb42a08f3c850,339.9,340.41999999999996,0.0015298617240364278,0.8824624411277407,-0.023333333333333334,0,0
4,1,5,1,1,43,0,0,0,0,0,jsoup,java,e7790b2ec47d725ecb031e61afefb42a08f3c850,f9f34df1a153c5438f6de60d892b2ebd99c68589,340.41999999999996,339.56,-0.002526291052229472,0.49177092317255766,0.10444444444444445,0,0
36,6,42,2,1,47,0,0,0,0,0,jsoup,java,f9f34df1a153c5438f6de60d892b2ebd99c68589,32a0b1979d4091a2f5e775d6ccc022a5c86556d7,339.56,340.235,0.0019878666509600997,0.4420115723448724,-0.11666666666666667,0,0
27,18,45,2,1,16,0,0,0,0,0,jsoup,java,32a0b1979d4091a2f5e775d6ccc022a5c86556d7,c46870c266b0c1112f4b1d423cf6dd9290d04d2f,340.235,338.64,-0.004687936279336421,0.1536672354850899,0.21555555555555556,0,0
633,80,713,15,1,46,0,0,0,0,0,jsoup,java,c46870c266b0c1112f4b1d423cf6dd9290d04d2f,f51115f52afc4b293423d5961f4e9b0e5e4cc7c2,338.64,349.29,0.03144932671863936,1.0549313880657223e-08,-0.8611111111111112,0,0
131,137,268,12,1,25,0,0,0,0,0,jsoup,java,f51115f52afc4b293423d5961f4e9b0e5e4cc7c2,b93e31d94b18b183d7c3571db164f3cc30a127ad,349.29,346.495,-0.0080019468063787,0.10546994652177778,0.24444444444444444,0,0
1,1,2,1,1,36,0,0,0,0,0,jsoup,java,b93e31d94b18b183d7c3571db164f3cc30a127ad,416e2414782c6be0b95f688d82e36fe0e8eee17f,346.495,347.72,0.003535404551292292,0.5395103167994048,-0.09333333333333334,0,0
11,11,22,2,1,22,0,0,0,0,0,jsoup,java,416e2414782c6be0b95f688d82e36fe0e8eee17f,4840efb3b91962499c5a55537c418cb93476402b,347.72,347.53499999999997,-0.0005320372713679371,0.668097708791052,0.06555555555555556,0,0
31,2,33,2,1,94,1,0,0,0,0,jsoup,java,4840efb3b91962499c5a55537c418cb93476402b,061ee0c90ac147d86d89c9fb64a0b11acfbd569a,347.53499999999997,347.83000000000004,0.0008488353690997246,0.5692147977727735,-0.08666666666666667,0,0
2,3,5,1,1,41,0,0,0,0,0,jsoup,java,061ee0c90ac147d86d89c9fb64a0b11acfbd569a,4ffc5be00972a060dda7116c990fd83927fba226,347.83000000000004,346.91499999999996,-0.0026305954058019067,0.6952153990669099,0.06,0,0
1,14,15,1,1,46,0,0,0,0,0,jsoup,java,4ffc5be00972a060dda7116c990fd83927fba226,6307b94928ffb7998f8bd1222130c62b0188f174,346.91499999999996,347.395,0.001383624230719393,0.7674616988024573,-0.04555555555555556,0,0
452,307,759,8,1,54,0,0,0,0,0,jsoup,java,6307b94928ffb7998f8bd1222130c62b0188f174,2cf9e90e9a482ef80c70264e7e13191c8632d241,347.395,348.125,0.0021013543660674972,0.34027504754352444,-0.14444444444444443,0,0
392,132,524,16,1,90,0,0,0,0,0,jsoup,java,2cf9e90e9a482ef80c70264e7e13191c8632d241,2d517c769763e749ce0c3242b40be66c36af9918,348.125,349.405,0.003676840215439778,0.905845539857011,-0.01888888888888889,0,0
230,69,299,8,1,53,0,0,0,0,0,jsoup,java,2d517c769763e749ce0c3242b40be66c36af9918,f638410d05d486d7851163acdb43a9c41774e9c9,349.405,348.495,-0.0026044275267954617,0.8072723258852359,0.03777777777777778,0,0
44,5,49,4,1,56,0,0,0,0,0,jsoup,java,f638410d05d486d7851163acdb43a9c41774e9c9,94af4ec25ded5c74b4a5748d59378fb955b5ecc1,348.495,347.53999999999996,-0.0027403549548775186,0.7844539276761768,0.042222222222222223,0,0
5,4,9,2,1,38,0,0,0,0,0,jsoup,java,94af4ec25ded5c74b4a5748d59378fb955b5ecc1,adce86ef40fbbb185ba4ff6f6b1e5c015e8cd7d0,347.53999999999996,349.395,0.0053375151061748815,0.5692147977727735,-0.08666666666666667,0,0
3,4,7,3,1,13,0,0,0,0,0,jsoup,java,adce86ef40fbbb185ba4ff6f6b1e5c015e8cd7d0,297ea4ff7a0e2ee38d46c3ae16f6004b5c8bf43f,349.395,66.41,-0.8099285908498978,3.016075319890922e-11,1.0,0,0
26,0,26,2,1,54,0,0,0,0,0,jsoup,java,297ea4ff7a0e2ee38d46c3ae16f6004b5c8bf43f,4669e14039a976644e8fcd53bed422b11d32dfeb,66.41,67.565,0.017391959042312923,0.3291572659215325,-0.14777777777777779,0,0
1,1,2,1,1,36,0,0,0,0,0,jsoup,java,4669e14039a976644e8fcd53bed422b11d32dfeb,0a737674a52c5cda41aff7a58154d4073fcd3d6c,67.565,348.725,4.161326130392956,3.016075319890922e-11,-1.0,1,1
2,2,4,1,1,18,0,0,0,0,0,jsoup,java,0a737674a52c5cda41aff7a58154d4073fcd3d6c,bc798109ea212dc6117a31c114a0b3641d2658a5,348.725,347.345,-0.003957272922790151,0.9469552063691843,0.011111111111111112,0,0
218,6,224,4,1,37,0,0,0,0,0,jsoup,java,bc798109ea212dc6117a31c114a0b3641d2658a5,58521a45067f5c4fa558cb090480fa4b2e407056,347.345,349.76,0.006952741510601746,0.139261894578819,-0.22333333333333333,0,0
98,96,194,10,1,53,0,0,0,0,0,jsoup,java,58521a45067f5c4fa558cb090480fa4b2e407056,73d450657932370e516f205537b395d1d055d043,349.76,349.38,-0.001086459286367782,0.7674585610328736,-0.04555555555555556,0,0
1,1,2,1,1,19,0,0,1,0,0,jsoup,java,73d450657932370e516f205537b395d1d055d043,4b91adf9a4afb4eaf0e815c48b5d2cfdcb639f66,349.38,348.84000000000003,-0.0015455950540957228,0.3147125434019662,0.15222222222222223,0,0
2,1,3,1,1,7,0,0,0,0,0,jsoup,java,4b91adf9a4afb4eaf0e815c48b5d2cfdcb639f66,f49dd2c7134b23a6c8f72030ef581bb1098c8576,348.84000000000003,349.12,0.0008026602453846253,0.7171737716899033,-0.05555555555555555,0,0
2,1,3,1,1,32,0,0,0,0,0,jsoup,java,f49dd2c7134b23a6c8f72030ef581bb1098c8576,00f85a826668e5dc1e7b180bba52f35ccb9dbaaf,349.12,348.96500000000003,-0.0004439734188816817,0.8072749507289148,0.03777777777777778,0,0
1,0,1,1,1,33,0,0,0,0,0,jsoup,java,00f85a826668e5dc1e7b180bba52f35ccb9dbaaf,a6c195080466bb3cb7c5a4527622b8f49c7639ad,348.96500000000003,350.815,0.005301391257002753,0.5792942105819812,-0.08444444444444445,0,0
2,2,4,1,1,52,0,0,0,0,0,jsoup,java,a6c195080466bb3cb7c5a4527622b8f49c7639ad,8eecef379d5c5af27a9a438fdfce82460e44f08b,350.815,348.59000000000003,-0.00634237418582434,0.6256257625776984,0.07444444444444444,0,0
2,2,4,1,1,62,0,0,0,0,0,jsoup,java,8eecef379d5c5af27a9a438fdfce82460e44f08b,c0306b0bd49bc8e43affac107c5290ef600fe2ef,348.59000000000003,348.405,-0.0005307094294158154,0.9351919702393391,0.013333333333333334,0,0
1,1,2,1,1,25,0,0,0,0,0,jsoup,java,c0306b0bd49bc8e43affac107c5290ef600fe2ef,426bd87dd6ddca21c7116862cc23d8b6380083b5,348.405,350.955,0.0073190683256555205,0.3870931819612021,-0.13111111111111112,0,0
2,2,4,1,1,15,0,0,0,0,0,jsoup,java,426bd87dd6ddca21c7116862cc23d8b6380083b5,48d3b2e1600c758f2fa7654a2979ef6cd91073d9,350.955,353.03,0.005912438916670196,0.5011377207166688,-0.10222222222222223,0,0
11,1,12,2,1,22,0,0,0,0,0,jsoup,java,48d3b2e1600c758f2fa7654a2979ef6cd91073d9,2c7f6d435b61741ba8ba10a662022ece1d7bba55,353.03,350.15999999999997,-0.008129620712120797,0.4119108371475996,0.12444444444444444,0,0
12,2,14,1,1,39,0,0,0,0,0,jsoup,java,2c7f6d435b61741ba8ba10a662022ece1d7bba55,de0e749c519d7f220a9c9c393f412493d79916b1,350.15999999999997,352.33500000000004,0.00621144619602487,0.4825169043645008,-0.10666666666666667,0,0
126,16,142,3,1,45,0,0,0,0,0,jsoup,java,de0e749c519d7f220a9c9c393f412493d79916b1,fc4b175e02df2ceabdec9371d1874a014a35472d,352.33500000000004,348.63,-0.010515560475116127,0.008313709893599355,0.3977777777777778,0,0
56,43,99,7,1,54,0,0,0,0,0,jsoup,java,fc4b175e02df2ceabdec9371d1874a014a35472d,244db10b40f6b8138747a99d93d95eb57bf47156,348.63,349.745,0.0031982330837851277,0.42037987370950325,-0.12222222222222222,0,0
11,12,23,1,1,20,0,0,0,0,0,jsoup,java,244db10b40f6b8138747a99d93d95eb57bf47156,03df8cede945507c103249250d758eea72629cc2,349.745,349.95,0.0005861413315415061,0.32552658677915214,-0.14888888888888888,0,0
7,5,12,1,1,28,0,0,0,0,0,jsoup,java,03df8cede945507c103249250d758eea72629cc2,c7a56550796047a52d24486a49cdfb6dd683c0ab,349.95,347.765,-0.006243749107015295,0.048410379870373846,0.29777777777777775,0,0
21,2,23,3,1,52,0,0,0,0,0,jsoup,java,c7a56550796047a52d24486a49cdfb6dd683c0ab,daef8bb412db6c94b9895837ae6e28c5770c65ad,347.765,351.21500000000003,0.00992049228645794,0.03513152354631934,-0.31777777777777777,0,0
113,4,117,6,1,63,0,0,0,0,0,jsoup,java,daef8bb412db6c94b9895837ae6e28c5770c65ad,b4751ad1c3e49acf06824ba2e3d9e046be159f0d,351.21500000000003,348.32,-0.0082428142305996,0.12596493263395095,0.2311111111111111,0,0
1,1,2,1,1,22,0,0,0,0,0,jsoup,java,b4751ad1c3e49acf06824ba2e3d9e046be159f0d,e39b9b972ddccb73939c335231cb7d80528387d6,348.32,349.71500000000003,0.00400493798805707,0.5297824906260176,-0.09555555555555556,0,0
35,6,41,4,1,56,0,0,0,0,0,jsoup,java,e39b9b972ddccb73939c335231cb7d80528387d6,954c46a92a1a0c5052ed241d4398db8b0331e1f3,349.71500000000003,349.67999999999995,-0.0001000814949318212,0.9587314908134437,-0.008888888888888889,0,0
1,1,2,1,1,27,0,1,0,0,0,jsoup,java,954c46a92a1a0c5052ed241d4398db8b0331e1f3,0e94a36445c4ea744bc72d3393f36ae19c4c1680,349.67999999999995,349.22,-0.0013154884465795091,0.9528417751817232,0.01,0,0
186,44,230,5,1,60,0,0,0,0,0,jsoup,java,0e94a36445c4ea744bc72d3393f36ae19c4c1680,7e9160110f3cac233e748f4f31c2ec22f0286f6b,349.22,351.5,0.006528835690968365,0.6520436224006357,-0.06888888888888889,0,0
14,9,23,2,1,40,0,0,1,0,0,jsoup,java,7e9160110f3cac233e748f4f31c2ec22f0286f6b,acc41a5397f3667d6cbe9105bf33868ff89c219c,351.5,350.68,-0.002332859174964419,0.6788878999938082,-0.06333333333333334,0,0
0,1,1,2,1,17,0,0,0,0,0,jsoup,java,acc41a5397f3667d6cbe9105bf33868ff89c219c,2d03784d2bfd04da7b48cb6db10194a1edd1c0a8,350.68,349.66499999999996,-0.0028943766396716183,0.3554724725943107,0.14,0,0
1,1,2,1,1,79,0,0,0,0,1,jsoup,java,2d03784d2bfd04da7b48cb6db10194a1edd1c0a8,74a1f6b9f4abafbf03e2c00c0f8b7d46a8b81dce,349.66499999999996,351.65999999999997,0.005705460941186578,0.27718918977304785,-0.16444444444444445,0,0
143,16,159,5,1,53,0,0,0,0,0,jsoup,java,74a1f6b9f4abafbf03e2c00c0f8b7d46a8b81dce,8a4bdaef7aeaaa62d4016b890cdca87b1a701b7f,351.65999999999997,351.27,-0.0011090257635215446,0.7227160982812426,0.05444444444444444,0,0
14,1,15,2,1,54,0,0,0,0,0,jsoup,java,8a4bdaef7aeaaa62d4016b890cdca87b1a701b7f,3375e1c24fcbb2b53819bf87460f3eb4932b1c78,351.27,349.54,-0.004924986477638174,0.5792942105819812,0.08444444444444445,0,0
20,2,22,4,1,43,0,0,0,0,0,jsoup,java,3375e1c24fcbb2b53819bf87460f3eb4932b1c78,945b5218b271d8c8cc0df529e8b1fd0330971e41,349.54,352.58,0.008697144818904741,0.3328546915727283,-0.14666666666666667,0,0
104,29,133,11,1,46,0,0,0,0,0,jsoup,java,945b5218b271d8c8cc0df529e8b1fd0330971e41,3244429f2e5a023e8833c39acfef36237de015c8,352.58,348.41499999999996,-0.01181292189006756,0.25805149508623626,0.1711111111111111,0,0
19,30,49,4,1,20,0,0,0,0,0,jsoup,java,3244429f2e5a023e8833c39acfef36237de015c8,b5761608fc8862a58403b88f4582b5f883ad31ea,348.41499999999996,346.40999999999997,-0.0057546316892211746,0.32189546321671514,0.15,0,0
1,1,2,1,1,27,0,0,0,0,0,jsoup,java,b5761608fc8862a58403b88f4582b5f883ad31ea,cea804ab08e8bf1c81f7d279e62b9a34857cd8d0,346.40999999999997,351.2,0.01382754539418614,0.11198687208268976,-0.24,0,0
1,0,1,1,1,34,0,0,0,0,0,jsoup,java,cea804ab08e8bf1c81f7d279e62b9a34857cd8d0,5e0b048e22e422d5351e4dad7a3d90737003e456,351.2,349.26,-0.005523917995444185,0.35931423762616366,0.1388888888888889,0,0
2,2,4,2,1,26,0,0,0,0,0,jsoup,java,5e0b048e22e422d5351e4dad7a3d90737003e456,d5bc100eab6238b4b682a45fc04e829ff46459ef,349.26,348.78,-0.001374334306820186,0.836021704711913,0.03222222222222222,0,0
1,1,2,1,1,82,0,0,0,0,1,jsoup,java,d5bc100eab6238b4b682a45fc04e829ff46459ef,20c9162234e55a297cd1a2195af70d9353ab3e05,348.78,350.72,0.005562245541602313,0.4376349688978679,-0.11777777777777777,0,0
2,2,4,1,1,80,0,0,0,0,1,jsoup,java,20c9162234e55a297cd1a2195af70d9353ab3e05,c9ce65a9fec3cf6ddeb2dbe5d98214b6a03698b4,350.72,348.16999999999996,-0.007270757299270267,0.099252912266786,0.24888888888888888,0,0
1,1,2,1,1,80,0,0,0,0,1,jsoup,java,c9ce65a9fec3cf6ddeb2dbe5d98214b6a03698b4,4fb1036ce7892fa1f938cee4f37435e85dd30797,348.16999999999996,349.41999999999996,0.0035902001895625705,0.3911638708897932,-0.13,0,0
67,3,70,4,1,43,0,0,0,0,0,jsoup,java,4fb1036ce7892fa1f938cee4f37435e85dd30797,374ded2bc3d57108fffbead844371ecc5fab63ee,349.41999999999996,349.515,0.00027187911396035514,0.4642667041190818,-0.1111111111111111,0,0
4,5,9,1,1,25,0,0,0,0,0,jsoup,java,374ded2bc3d57108fffbead844371ecc5fab63ee,78be89abde691c066fd55a1ca24254447e21cfe6,349.515,350.875,0.003891106247228341,0.539504682446856,-0.09333333333333334,0,0
15,21,36,2,1,61,0,0,0,0,0,jsoup,java,78be89abde691c066fd55a1ca24254447e21cfe6,d4b2c36dadad3e644d1c1b5b85aa704b22c3b077,350.875,348.905,-0.005614535090844396,0.32189546321671514,0.15,0,0
1,1,2,1,1,82,0,0,0,0,1,jsoup,java,d4b2c36dadad3e644d1c1b5b85aa704b22c3b077,1963a7c17fc8b95ec6f6d150d716c9d9c4065c2e,348.905,351.99,0.008841948381364659,0.2518808246619123,-0.17333333333333334,0,0
24,22,46,1,1,21,0,0,0,0,0,jsoup,java,1963a7c17fc8b95ec6f6d150d716c9d9c4065c2e,d3a572423233ff6ce4ff2892e60e4c80febc7b9c,351.99,350.58000000000004,-0.004005795619193637,0.9351919702393391,-0.013333333333333334,0,0
2,2,4,1,1,52,0,0,0,0,0,jsoup,java,d3a572423233ff6ce4ff2892e60e4c80febc7b9c,9dec1baba5b3d0fa11268c95630b391f9de664ad,350.58000000000004,349.155,-0.004064692794797388,0.17612153958750165,0.20444444444444446,0,0
2,2,4,1,1,62,0,0,0,0,0,jsoup,java,9dec1baba5b3d0fa11268c95630b391f9de664ad,fea30344ec7da82f03b3566df72631d8dfee334a,349.155,351.30499999999995,0.006157723647090769,0.09478361798830373,-0.25222222222222224,0,0
24,6,30,3,1,42,0,0,0,0,0,jsoup,java,fea30344ec7da82f03b3566df72631d8dfee334a,38615afffecc51519e00f1b4769f6d2dc220c9bc,351.30499999999995,347.755,-0.010105179260186888,0.10546994652177778,0.24444444444444444,0,0
172,31,203,6,1,41,0,0,0,0,0,jsoup,java,38615afffecc51519e00f1b4769f6d2dc220c9bc,c37e8d66dd7acd1cef8a5fc860140f8796c84ab4,347.755,348.59000000000003,0.0024011157280270203,0.9117065320457698,-0.017777777777777778,0,0
6,14,20,3,1,31,0,0,0,0,0,jsoup,java,c37e8d66dd7acd1cef8a5fc860140f8796c84ab4,00f831840d845d5e221d44ba5d0dfac1a41fdbca,348.59000000000003,349.95000000000005,0.0039014314811096516,0.5792942105819812,-0.08444444444444445,0,0
59,48,107,5,1,30,0,0,0,0,0,jsoup,java,00f831840d845d5e221d44ba5d0dfac1a41fdbca,bf40e9ca9b325fd8a49b6df20bbb2ddf644b5a1c,349.95000000000005,350.225,0.0007858265466494563,0.29726497757962156,-0.15777777777777777,0,0
8,202,210,10,1,58,0,0,0,0,0,jsoup,java,bf40e9ca9b325fd8a49b6df20bbb2ddf644b5a1c,15558b476402fe217fbfd925d085c889a09d6fc1,350.225,349.395,-0.00236990506103231,0.4246493350223186,0.12111111111111111,0,0
1,1,2,1,1,21,0,0,0,0,0,jsoup,java,15558b476402fe217fbfd925d085c889a09d6fc1,5ae722c5834f49d4aafd9bdb206a65d494438caf,349.395,349.775,0.0010875942700954377,0.662734758176107,-0.06666666666666667,0,0
1061,116,1177,15,1,46,0,0,0,0,0,jsoup,java,5ae722c5834f49d4aafd9bdb206a65d494438caf,2b443dff8770a97fe6f2a49db88f58e30b84abc6,349.775,351.025,0.0035737259666928744,0.5792889403954998,-0.08444444444444445,0,0
171,27,198,5,1,41,0,0,0,0,0,jsoup,java,2b443dff8770a97fe6f2a49db88f58e30b84abc6,1f1f72d1e89821c630dcfc35e1a0a7f653cc877b,351.025,350.55,-0.0013531799729363035,0.7901413614260696,0.04111111111111111,0,0
14,2,16,3,1,45,0,0,0,0,0,jsoup,java,1f1f72d1e89821c630dcfc35e1a0a7f653cc877b,c7db66ea66c0558395b6cf2ef5ad3f59da36c88d,350.55,352.865,0.006603908144344595,0.25805149508623626,-0.1711111111111111,0,0
1,1,2,1,1,67,0,0,0,0,1,jsoup,java,c7db66ea66c0558395b6cf2ef5ad3f59da36c88d,b618c75d8454db1d29eb71435664977fab72be06,352.865,348.21500000000003,-0.013177844218043662,0.009883401291685813,0.3888888888888889,0,0
1,1,2,1,1,82,0,0,0,0,1,jsoup,java,b618c75d8454db1d29eb71435664977fab72be06,8a342fda89d457a585f515d99e6b4106d490b220,348.21500000000003,348.345,0.00037333256752292534,0.584357200960876,0.08333333333333333,0,0
15,1,16,3,1,31,0,0,0,0,0,jsoup,java,8a342fda89d457a585f515d99e6b4106d490b220,be1301f86a80221ed5477980999d599a3710e1eb,348.345,344.6,-0.010750836096398698,0.06567125768912659,0.2777777777777778,0,0
1,1,2,1,1,14,0,1,0,0,0,jsoup,java,be1301f86a80221ed5477980999d599a3710e1eb,5d32bd185250dd87de56e3249c7128ee96a8dde8,344.6,346.21000000000004,0.004672083575159644,0.17144409680149675,-0.20666666666666667,0,0
33,5,38,4,1,32,0,0,0,0,0,jsoup,java,5d32bd185250dd87de56e3249c7128ee96a8dde8,6c0c2d4514278a82eb0868c5d978612a79c6d058,346.21000000000004,347.24,0.002975072932613075,0.4376349688978679,-0.11777777777777777,0,0
22,5,27,2,1,79,0,1,0,0,0,jsoup,java,6c0c2d4514278a82eb0868c5d978612a79c6d058,385219da0dea81918ffc285b42cca51f9c8d9df9,347.24,346.905,-0.0009647506047691406,0.717188813606376,0.05555555555555555,0,0
1,1,2,1,1,61,0,0,0,0,1,jsoup,java,385219da0dea81918ffc285b42cca51f9c8d9df9,c76e81ec60cfe4d15ce2a7cec3a787eb9017d1e8,346.905,347.755,0.002450238537928317,0.3291707052838284,-0.14777777777777779,0,0
1,1,2,1,1,19,0,0,0,0,0,jsoup,java,c76e81ec60cfe4d15ce2a7cec3a787eb9017d1e8,39c486dc5826b8b60e82316d7dc05f85eca2fa02,347.755,347.41499999999996,-0.0009776998174002727,0.5592305357919067,0.08888888888888889,0,0
2,0,2,1,1,17,0,0,0,0,0,jsoup,java,39c486dc5826b8b60e82316d7dc05f85eca2fa02,4a05acc6df75afaefc884123cc7725812828e611,347.41499999999996,348.01,0.0017126491371991057,0.8708072463376169,-0.025555555555555557,0,0
3,3,6,2,1,28,0,0,0,0,0,jsoup,java,4a05acc6df75afaefc884123cc7725812828e611,e860de61d39708f10f5f90f87bbb961e65e6da49,348.01,346.655,-0.003893566276831178,0.14531353655430204,0.22,0,0
2,2,4,2,1,26,0,0,0,0,0,jsoup,java,e860de61d39708f10f5f90f87bbb961e65e6da49,d230a00bcb4a770d45a26aafc783f8194b258c07,346.655,347.255,0.0017308274797710195,0.584357200960876,-0.08333333333333333,0,0
1,1,2,1,1,79,0,0,0,0,1,jsoup,java,d230a00bcb4a770d45a26aafc783f8194b258c07,463f66d1df34d44f5a512e6d699fe593ab2a4dc1,347.255,347.53,0.0007919252422570655,0.5592305357919067,-0.08888888888888889,0,0
1,1,2,1,1,80,0,0,0,0,1,jsoup,java,463f66d1df34d44f5a512e6d699fe593ab2a4dc1,210bc36549bfd588a5fd602ce2adf9570b612b58,347.53,342.39,-0.014790090064167084,0.005084221723644086,0.4222222222222222,0,0
1,1,2,1,1,82,0,0,0,0,1,jsoup,java,210bc36549bfd588a5fd602ce2adf9570b612b58,f11d93c1497a7b7ec571a47190c41f79d725640c,342.39,346.54499999999996,0.012135284324892586,0.015636676661011185,-0.36444444444444446,0,0
1,1,2,1,1,61,0,0,0,0,1,jsoup,java,f11d93c1497a7b7ec571a47190c41f79d725640c,b3c2026ee7d8982cd7cd971a8305c0d14b5f56f0,346.54499999999996,342.67499999999995,-0.011167380859628635,0.021504366222970774,0.3466666666666667,0,0
2,2,4,1,1,80,0,0,0,0,1,jsoup,java,b3c2026ee7d8982cd7cd971a8305c0d14b5f56f0,08fbe610441e2ab5beac49eb01ec84e9ccd5ff6a,342.67499999999995,344.57500000000005,0.005544612241920453,0.4825169043645008,-0.10666666666666667,0,0
9,1,10,1,1,27,0,0,0,0,0,jsoup,java,08fbe610441e2ab5beac49eb01ec84e9ccd5ff6a,226d17b5f9169dfbbf245e63ce0f2a12f4baf166,344.57500000000005,341.32,-0.009446419502285575,0.05553890348538763,0.28888888888888886,0,0
2,1,3,2,1,39,0,0,0,0,0,jsoup,java,226d17b5f9169dfbbf245e63ce0f2a12f4baf166,64ffbcdda3d79b16436ba3870ec7770d69667aa4,341.32,343.31,0.005830305871323126,0.10076843543054413,-0.2477777777777778,0,0
2,2,4,1,1,18,0,0,0,0,0,jsoup,java,64ffbcdda3d79b16436ba3870ec7770d69667aa4,047ac797fbc30e3487ce8583c74826237fbaab5a,343.31,343.35,0.00011651277271276824,0.9587303451228106,-0.008888888888888889,0,0
1,13,14,1,1,29,0,0,0,0,0,jsoup,java,047ac797fbc30e3487ce8583c74826237fbaab5a,2398b3248cd9065136c5e4eab42981635bd5e200,343.35,345.8,0.0071355759429153585,0.17144409680149675,-0.20666666666666667,0,0
1,1,2,1,1,78,0,0,0,0,1,jsoup,java,2398b3248cd9065136c5e4eab42981635bd5e200,f80f677d350d1d5155c226eb4c46aad8d2723203,345.8,343.22,-0.007460960092538994,0.11198188968801887,0.24,0,0
1,1,2,1,1,75,0,0,0,0,1,jsoup,java,f80f677d350d1d5155c226eb4c46aad8d2723203,4d7e47fb8e703566476d4267a98a1464395248f3,343.22,342.96000000000004,-0.0007575316123768746,0.6573759711130626,0.06777777777777778,0,0
1,1,2,1,1,79,0,0,0,0,1,jsoup,java,4d7e47fb8e703566476d4267a98a1464395248f3,3a36f930fd5c7968f6a2a168077597d9d8c78ca7,342.96000000000004,343.75,0.0023034756239793666,0.6308715465668054,-0.07333333333333333,0,0
1,1,2,1,1,82,0,0,0,0,1,jsoup,java,3a36f930fd5c7968f6a2a168077597d9d8c78ca7,ad76a8379cd7779907a6400b99e78253fd7158e7,343.75,344.25,0.0014545454545454545,0.818740704573468,0.035555555555555556,0,0
48,9,57,3,1,55,0,0,0,0,0,jsoup,java,ad76a8379cd7779907a6400b99e78253fd7158e7,c3963d4bb19414d56f42986db96d62208309e748,344.25,345.02,0.002236746550471988,0.24280593311325027,-0.17666666666666667,0,0
38,15,53,4,1,46,0,0,0,0,0,jsoup,java,c3963d4bb19414d56f42986db96d62208309e748,6de7cfcd9dbe64297a2d430601f69d0b8005eece,345.02,344.675,-0.0009999420323458653,0.941071531945936,0.012222222222222223,0,0
4,8,12,1,1,16,0,0,0,0,0,jsoup,java,6de7cfcd9dbe64297a2d430601f69d0b8005eece,c393413d45f9be6915d6f243b255bd4df18d2774,344.675,341.73,-0.00854428084427357,0.02975241125630913,0.3277777777777778,0,0
37,5,42,6,1,34,0,0,0,0,0,jsoup,java,c393413d45f9be6915d6f243b255bd4df18d2774,5ad4b5347b9aec819ed1017fff5faac9c9da715e,341.73,344.955,0.009437275041699488,0.053678602896822684,-0.2911111111111111,0,0
11,14,25,1,1,50,0,0,0,0,0,jsoup,java,5ad4b5347b9aec819ed1017fff5faac9c9da715e,61ecdf33d20d345beaf5c044f18596f63f98746c,344.955,346.445,0.004319403980229332,0.8417992813302996,-0.03111111111111111,0,0
11,1,12,1,1,40,0,1,0,0,0,jsoup,java,61ecdf33d20d345beaf5c044f18596f63f98746c,65589f14fea11a9eb3213e6f33c8307b0f57e767,346.445,344.8,-0.004748228434527795,0.8072749507289148,0.03777777777777778,0,0
3,1,4,3,1,54,0,0,0,0,0,jsoup,java,65589f14fea11a9eb3213e6f33c8307b0f57e767,97e6211c5e06a93bbc050a29b38743ec14ee652c,344.8,342.445,-0.006830046403712349,0.08235717088238616,0.26222222222222225,0,0
191,4,195,7,1,51,0,0,0,0,0,jsoup,java,97e6211c5e06a93bbc050a29b38743ec14ee652c,8c8f3f96e29c3dd7d7ad571f570d11abc21bf30e,342.445,344.03499999999997,0.004643081370730993,0.35162358666836147,-0.1411111111111111,0,0
3,0,3,1,1,20,0,0,0,0,0,jsoup,java,8c8f3f96e29c3dd7d7ad571f570d11abc21bf30e,970403cfb442d8c835c83e8f85b9384eb2f34390,344.03499999999997,345.275,0.0036042844478033024,0.12779920742303036,-0.23,0,0
29,1,30,3,1,45,0,0,0,0,0,jsoup,java,970403cfb442d8c835c83e8f85b9384eb2f34390,a0537c7623ba84252c5535020227babdf6da314f,345.275,343.65999999999997,-0.004677431033234405,0.11363965900855774,0.2388888888888889,0,0
48,22,70,6,1,67,0,0,0,0,0,jsoup,java,a0537c7623ba84252c5535020227babdf6da314f,9ba6dc7a955ed23884e8e25f8d503c4fe144c27a,343.65999999999997,343.705,0.0001309433742653085,0.610002587644733,-0.07777777777777778,0,0
34,0,34,1,1,45,0,0,1,0,0,jsoup,java,9ba6dc7a955ed23884e8e25f8d503c4fe144c27a,b4b3fd177d5750b15f8ad8322a696d91cbea034e,343.705,345.52,0.005280691290496204,0.9117077537079532,-0.017777777777777778,0,0
1,1,2,1,1,4,0,0,0,0,0,jsoup,java,b4b3fd177d5750b15f8ad8322a696d91cbea034e,e1bfee9357360d0783d46476a6f029bf0336446e,345.52,343.63,-0.00547001620745539,0.20885827470156215,0.19,0,0
1,1,2,1,1,77,0,0,0,0,1,jsoup,java,e1bfee9357360d0783d46476a6f029bf0336446e,6c55f019248a0ff617086565451d21754b9cfd15,343.63,344.235,0.0017606146145564073,0.4161293708196373,-0.12333333333333334,0,0
14,2,16,1,1,45,0,0,1,0,0,jsoup,java,6c55f019248a0ff617086565451d21754b9cfd15,6423e659d5da3de14fc7bf2e31f3383d5c3646c4,344.235,345.255,0.00296309207372865,0.7282652959955469,0.05333333333333334,0,0
1,1,2,1,1,69,0,0,0,0,1,jsoup,java,6423e659d5da3de14fc7bf2e31f3383d5c3646c4,68f6f9ccb349d9ceef8caaf212d513b2d8f8d7ea,345.255,344.52,-0.0021288612764478825,0.7061714882812296,0.057777777777777775,0,0
18,10,28,5,1,60,0,0,0,0,0,jsoup,java,68f6f9ccb349d9ceef8caaf212d513b2d8f8d7ea,6cbe7e494fe88f1d8c082353e2c54f6eb8fdc381,344.52,342.95500000000004,-0.004542551956344888,0.15580441542354545,0.21444444444444444,0,0
6,3,9,2,1,24,0,0,0,0,0,jsoup,java,6cbe7e494fe88f1d8c082353e2c54f6eb8fdc381,c8b6f2e91d7a76ad4635b7e9933e1aadeb0c55e8,342.95500000000004,342.62,-0.0009768045370384928,0.47334655725844954,-0.10888888888888888,0,0
2,2,4,1,1,52,0,0,0,0,0,jsoup,java,c8b6f2e91d7a76ad4635b7e9933e1aadeb0c55e8,19e8539fbfae80432fc4d8e9b562a39f786f547e,342.62,344.08500000000004,0.004275874146284607,0.300697616426832,-0.15666666666666668,0,0
2,2,4,1,1,62,0,0,0,0,0,jsoup,java,19e8539fbfae80432fc4d8e9b562a39f786f547e,d94c78cd8664e5159568de57f343d8d014669153,344.08500000000004,344.625,0.001569379659095757,0.9469552063691843,-0.011111111111111112,0,0
48,10,58,6,1,57,0,0,0,0,0,jsoup,java,d94c78cd8664e5159568de57f343d8d014669153,56a09caa0eb6ac5997f8bf50ec4e5323b7fabc61,344.625,344.64,4.352557127308337e-05,0.9705156418651768,-0.006666666666666667,0,0
18,1,19,3,1,33,0,0,0,0,0,jsoup,java,56a09caa0eb6ac5997f8bf50ec4e5323b7fabc61,69d2e43c266a2962f5a34e9a3d5f4f314fb1ef57,344.64,344.265,-0.001088091922005571,0.7338143878940067,0.052222222222222225,0,0
2,2,4,1,1,80,0,0,0,0,1,jsoup,java,69d2e43c266a2962f5a34e9a3d5f4f314fb1ef57,208f30910b3db4a1d560bc22e1c40cbc7ffc60e6,344.265,343.61,-0.0019026040985867653,0.7958427688669282,0.04,0,0
1,1,2,1,1,80,0,0,0,0,1,jsoup,java,208f30910b3db4a1d560bc22e1c40cbc7ffc60e6,f1f9b887101822703be6f5414e45dd296fb3c43a,343.61,345.005,0.004059835278367864,0.4118978453550334,-0.12444444444444444,0,0
1,1,2,1,1,79,0,0,0,0,1,jsoup,java,f1f9b887101822703be6f5414e45dd296fb3c43a,dcf190c8bd60d43636ea276ad9b980383f669bbc,345.005,344.26,-0.002159388994362414,0.6256257625776984,0.07444444444444444,0,0
16,12,28,3,1,43,0,0,0,0,0,jsoup,java,dcf190c8bd60d43636ea276ad9b980383f669bbc,dc3b6c59d2d4dc1b72424785e9b8455b1df15664,344.26,341.375,-0.008380293963864496,0.07977746158810135,0.2644444444444444,0,0
1,1,2,1,1,55,0,0,0,0,1,jsoup,java,dc3b6c59d2d4dc1b72424785e9b8455b1df15664,55506ebc6c1472e2e358d316a2763cf86bfdc046,341.375,342.71500000000003,0.003925302087147658,0.5945448938341322,-0.0811111111111111,0,0
1,1,2,1,1,82,0,0,0,0,1,jsoup,java,55506ebc6c1472e2e358d316a2763cf86bfdc046,e283a32f58239762b708d116b7a95ce9bb92a96d,342.71500000000003,341.07,-0.0047999066279562855,0.4376349688978679,0.11777777777777777,0,0
1,1,2,1,1,79,0,0,0,0,1,jsoup,java,e283a32f58239762b708d116b7a95ce9bb92a96d,f5244dc384063de6bf8f5429c95a0751916938f6,341.07,344.595,0.01033512182249988,0.10868977321444741,-0.24222222222222223,0,0
42,13,55,5,1,65,0,0,0,0,0,jsoup,java,f5244dc384063de6bf8f5429c95a0751916938f6,eb602e76466ef383d68aecd944af912ab11abfd4,344.595,345.7,0.003206662894121973,0.6204037206277525,-0.07555555555555556,0,0
17,38,55,2,1,41,0,0,0,0,0,jsoup,java,eb602e76466ef383d68aecd944af912ab11abfd4,e89cf549b14af5bc0ced21c83f6c2fe4c0bca5fd,345.7,343.215,-0.007188313566676349,0.38709977767912396,0.13111111111111112,0,0
17,41,58,5,1,66,0,0,0,0,0,jsoup,java,e89cf549b14af5bc0ced21c83f6c2fe4c0bca5fd,48d4be45a72c8f98c29e10fe03a3ac80fcc170bd,343.215,341.645,-0.0045743921448654435,0.3402817564186502,0.14444444444444443,0,0
95,83,178,5,1,46,0,0,0,0,0,jsoup,java,48d4be45a72c8f98c29e10fe03a3ac80fcc170bd,60281c5519b423f095bcec9bb6c79f8b35e49b0e,341.645,341.25,-0.0011561708791288671,0.9351901734066745,-0.013333333333333334,0,0
46,11,57,3,1,39,1,0,0,0,0,jsoup,java,60281c5519b423f095bcec9bb6c79f8b35e49b0e,27e7d5f03d85bea15fbfe5432c37c6de94965a82,341.25,345.54999999999995,0.012600732600732467,0.09048588299720225,-0.25555555555555554,0,0
9,10,19,3,1,27,0,0,0,0,0,jsoup,java,27e7d5f03d85bea15fbfe5432c37c6de94965a82,c73bad806913a560caabe30409c1c2492857e27e,345.54999999999995,342.115,-0.009940674287367807,0.1579756891505133,0.21333333333333335,0,0
2,0,2,1,1,58,0,0,0,0,0,jsoup,java,c73bad806913a560caabe30409c1c2492857e27e,1738779c5b673dd3eb504888773e2febc5987959,342.115,343.28999999999996,0.0034345176329595444,0.7618283459354748,0.04666666666666667,0,0
1,1,2,1,1,49,0,0,0,0,1,jsoup,java,1738779c5b673dd3eb504888773e2febc5987959,bf2cca2d597ed521d0ec1a153c9cee8f8db3e638,343.28999999999996,342.095,-0.0034810218765473403,0.5792942105819812,0.08444444444444445,0,0
1,1,2,1,1,25,0,0,0,0,1,jsoup,java,bf2cca2d597ed521d0ec1a153c9cee8f8db3e638,1714af2ea790795f1999a3c7a4e16acdd3f2f1bd,342.095,343.595,0.004384746927023195,0.18576685629821565,-0.2,0,0
719,300,1019,20,1,80,0,0,0,0,0,jsoup,java,1714af2ea790795f1999a3c7a4e16acdd3f2f1bd,ec2d0c4b34f0cc306d61e3b0122307bbf72335c5,343.595,488.41999999999996,0.42149914870705313,3.0179667984904466e-11,-1.0,1,1
6,2,8,1,1,37,0,0,0,0,0,jsoup,java,ec2d0c4b34f0cc306d61e3b0122307bbf72335c5,0f5670536f74e8ac4fc888480a30f875e8bf39b7,488.41999999999996,486.4,-0.004135784775398186,0.3076555721980797,0.15444444444444444,0,0
2,2,4,1,1,39,0,0,1,0,0,jsoup,java,0f5670536f74e8ac4fc888480a30f875e8bf39b7,c778c3aea78f402252c35c958721242755e6e187,486.4,485.845,-0.0011410361842104236,0.8533817367547931,0.028888888888888888,0,0
65,62,127,3,1,60,0,0,0,0,0,jsoup,java,c778c3aea78f402252c35c958721242755e6e187,b731fd772bb4c313e6582e1bd3e6298cd8ccec19,485.845,487.38,0.0031594438555505727,0.5394990478889357,-0.09333333333333334,0,0
42,27,69,2,1,32,0,0,0,0,0,jsoup,java,b731fd772bb4c313e6582e1bd3e6298cd8ccec19,55e50b916fb05259d1a191c1390f5c0fdb10620a,487.38,62.34,-0.8720915917764372,3.016075319890922e-11,1.0,0,0
9,9,18,1,1,40,0,0,0,0,0,jsoup,java,55e50b916fb05259d1a191c1390f5c0fdb10620a,f396007e8ec322ef99329c7b9b37922a927e9897,62.34,61.975,-0.0058549887712544425,0.9882040010720593,-0.0033333333333333335,0,0
35,38,73,14,1,40,0,0,0,0,0,jsoup,java,f396007e8ec322ef99329c7b9b37922a927e9897,fd55ee80e2857581c6355ad5879c302fc577955a,61.975,485.815,6.838886647841871,3.019859359162157e-11,-1.0,1,1
49,39,88,7,1,25,0,0,0,0,0,jsoup,java,fd55ee80e2857581c6355ad5879c302fc577955a,4690661055276b9ed269bb56e1147070434aed5d,485.815,485.61,-0.0004219713265337301,0.9941019213254952,0.0022222222222222222,0,0
2,2,4,1,1,80,0,0,0,0,1,jsoup,java,4690661055276b9ed269bb56e1147070434aed5d,32cf81ae79efef8cd1642eefcef0f917bd90b563,485.61,486.79999999999995,0.0024505261423775062,0.5894511694056184,-0.08222222222222222,0,0
1,1,2,1,1,80,0,0,0,0,1,jsoup,java,32cf81ae79efef8cd1642eefcef0f917bd90b563,ff9ef2bdabc3e86c5def79048b2950f7d4825217,486.79999999999995,482.435,-0.008966721446179032,0.2771825153494929,0.16444444444444445,0,0
1,1,2,1,1,67,0,0,0,0,1,jsoup,java,ff9ef2bdabc3e86c5def79048b2950f7d4825217,13facef45fdac2388167597f13b40802ff1ad75f,482.435,485.155,0.005638065231585541,0.5894459981029736,-0.08222222222222222,0,0
1,1,2,1,1,82,0,0,0,0,1,jsoup,java,13facef45fdac2388167597f13b40802ff1ad75f,2bffb6546eefb5dfffdfd6f562f3a11f46cc0c26,485.155,485.255,0.00020611969370618204,0.7449828804476364,-0.05,0,0
13,2,15,2,1,15,0,0,1,0,0,jsoup,java,2bffb6546eefb5dfffdfd6f562f3a11f46cc0c26,d5debf82efb35bca3b82aaa72405dfdae8a620df,485.255,486.175,0.0018959103976260233,0.8533817367547931,-0.028888888888888888,0,0
29,0,29,1,1,18,0,0,0,0,0,jsoup,java,d5debf82efb35bca3b82aaa72405dfdae8a620df,d3104a0307ce6c46a1ed99d0c5af672751209d9e,486.175,483.87,-0.004741091170874699,0.06786886081944325,0.27555555555555555,0,0
25,2,27,3,1,39,0,0,0,0,0,jsoup,java,d3104a0307ce6c46a1ed99d0c5af672751209d9e,8601e85f96a67f8548216eec5e27737085d54488,483.87,481.775,-0.004329675326017375,0.6100075520376812,0.07777777777777778,0,0
1,1,2,1,1,80,0,0,0,0,1,jsoup,java,8601e85f96a67f8548216eec5e27737085d54488,bf1f4b2eb9754d8ae5159d85b69716518c7ea523,481.775,484.315,0.005272170619064959,0.07012659407128821,-0.2733333333333333,0,0
1,1,2,1,1,80,0,0,0,0,1,jsoup,java,bf1f4b2eb9754d8ae5159d85b69716518c7ea523,70f0c55aaf664cdc46782780398fe36ab94f2765,484.315,483.51,-0.0016621413749316185,0.491782956953405,0.10444444444444445,0,0
2,2,4,1,1,80,0,0,0,0,1,jsoup,java,70f0c55aaf664cdc46782780398fe36ab94f2765,852473b0df54242862701afd90dc2d231aac7fba,483.51,481.42999999999995,-0.0043018758660628344,0.8015522384436365,0.03888888888888889,0,0
1,1,2,1,1,69,0,0,0,0,1,jsoup,java,852473b0df54242862701afd90dc2d231aac7fba,7def06d87e5f07105bc4fca44a7e7d96b81edf30,481.42999999999995,485.95000000000005,0.009388696175975939,0.4077048621476319,-0.12555555555555556,0,0
40,10,50,3,1,42,0,0,1,0,0,jsoup,java,7def06d87e5f07105bc4fca44a7e7d96b81edf30,7e2d5038b2a435aef5400c7f04dd14080a24132e,485.95000000000005,482.655,-0.006780532976643837,0.38709977767912396,0.13111111111111112,0,0
37,10,47,3,1,59,0,0,0,0,0,jsoup,java,7e2d5038b2a435aef5400c7f04dd14080a24132e,0daab3dd601ced7fb07d4b000bf25b1315da0b40,482.655,483.515,0.0017818110244377738,0.9469559422255942,-0.011111111111111112,0,0
31,48,79,7,1,51,0,0,0,0,0,jsoup,java,0daab3dd601ced7fb07d4b000bf25b1315da0b40,b6bd4b455c54fa44c68df961b9d5c21a2bb0ae73,483.515,483.215,-0.0006204564491277652,0.8244933530789107,0.034444444444444444,0,0
1,0,1,1,1,23,0,0,0,0,1,jsoup,java,b6bd4b455c54fa44c68df961b9d5c21a2bb0ae73,8c5072f99b532137966246abd0ca860467f5851f,483.215,484.25,0.0021419037074594644,0.1392838715895269,-0.22333333333333333,0,0
39,13,52,6,1,56,0,0,0,0,0,jsoup,java,8c5072f99b532137966246abd0ca860467f5851f,8dec9c302e2f2d2b5560fefa0d3ed7e1b813e195,484.25,485.355,0.00228187919463091,0.9234410716271136,0.015555555555555555,0,0
6,3,9,1,1,27,0,0,0,0,0,jsoup,java,8dec9c302e2f2d2b5560fefa0d3ed7e1b813e195,96cc4f258b0b86370d176f623c10aad18b960236,485.355,485.95000000000005,0.001225906810478984,0.3671232677373296,-0.13666666666666666,0,0
1,1,2,1,1,81,0,0,0,0,1,jsoup,java,96cc4f258b0b86370d176f623c10aad18b960236,47e6d8e060bb698b9690c51a1ee12001aa2d0a1a,485.95000000000005,482.29999999999995,-0.0075110608087253635,0.19579075835119908,0.19555555555555557,0,0
2,2,4,1,1,80,0,0,0,0,1,jsoup,java,47e6d8e060bb698b9690c51a1ee12001aa2d0a1a,ce54f5b8f2b4e06d2b4b9a7a7add582aa807975d,482.29999999999995,484.49,0.004540742276591447,0.30417681801970364,-0.15555555555555556,0,0
1,1,2,1,1,80,0,0,0,0,1,jsoup,java,ce54f5b8f2b4e06d2b4b9a7a7add582aa807975d,2b3576b460afbfa1ee4081cd3adecc6d18616b78,484.49,485.91499999999996,0.002941237177237826,0.7787809755707611,-0.043333333333333335,0,0
1,1,2,1,1,67,0,0,0,0,1,jsoup,java,2b3576b460afbfa1ee4081cd3adecc6d18616b78,f1663b4518dbe3cb8c8101541da8350bf45129bd,485.91499999999996,484.77,-0.002356379202123791,0.4420115723448724,0.11666666666666667,0,0
2,2,4,1,1,36,0,0,0,0,0,jsoup,java,f1663b4518dbe3cb8c8101541da8350bf45129bd,708fc1fc5e41b8bb02d0ce15a9da8086f6bdb9dd,484.77,482.65,-0.004373207913030932,0.3554724725943107,0.14,0,0
59,4,63,6,1,40,0,0,0,0,0,jsoup,java,708fc1fc5e41b8bb02d0ce15a9da8086f6bdb9dd,5ee376bc5bbe6a4f66eb24e2180552b547b8a4bf,482.65,485.515,0.0059359784522946425,0.06675882824909223,-0.27666666666666667,0,0
60,24,84,5,1,52,0,0,0,0,0,jsoup,java,5ee376bc5bbe6a4f66eb24e2180552b547b8a4bf,91b5a56c63a9f8dca761b4cab959977fcd3308fd,485.515,484.145,-0.002821745981071655,0.5394990478889357,0.09333333333333334,0,0
5,5,10,3,1,23,0,0,0,0,0,jsoup,java,91b5a56c63a9f8dca761b4cab959977fcd3308fd,51909b1af727eea21bc011633519e31aaff82048,484.145,485.015,0.0017969823090190017,0.7618219281177422,-0.04666666666666667,0,0
22,26,48,5,1,28,0,0,0,0,0,jsoup,java,51909b1af727eea21bc011633519e31aaff82048,0ef4b70b2acf47c1094aedbb9954324a2e84c05e,485.015,322.1,-0.3358968279331566,3.0141849228072565e-11,1.0,0,0
22,10,32,4,1,47,0,0,1,0,0,jsoup,java,0ef4b70b2acf47c1094aedbb9954324a2e84c05e,d27370ac7ecd7eee843b3153c81f44e46b4ef63c,322.1,322.76,0.002049053089102664,0.6952113769413584,-0.06,0,0
10,0,10,1,1,15,0,0,1,0,0,jsoup,java,d27370ac7ecd7eee843b3153c81f44e46b4ef63c,28db617354cc2ed60a8b978865e71e5d7c6b6224,322.76,320.49,-0.0070330896021811315,0.5493101394048248,0.09111111111111111,0,0
17,0,17,1,1,26,0,0,1,0,0,jsoup,java,28db617354cc2ed60a8b978865e71e5d7c6b6224,df404cf5ac12fb295e8abd9e05de1dcbcea30657,320.49,321.52,0.003213828824612227,0.6952113769413584,-0.06,0,0
4,4,8,3,1,68,0,0,0,0,0,jsoup,java,df404cf5ac12fb295e8abd9e05de1dcbcea30657,1a91aac56176edcb2327569feb5aff5282f8cacb,321.52,319.175,-0.007293480965414191,0.09478820517851068,0.25222222222222224,0,0
2,2,4,1,1,52,0,0,0,0,0,jsoup,java,1a91aac56176edcb2327569feb5aff5282f8cacb,71063c3d4bb4bcc83c4655bdf6347ce2f5670a7c,319.175,321.1,0.006031174120780172,0.23109026614010164,-0.1811111111111111,0,0
2,2,4,1,1,62,0,0,0,0,0,jsoup,java,71063c3d4bb4bcc83c4655bdf6347ce2f5670a7c,2a174dceab361cc3aca2f48c75ae2de21e56123c,321.1,321.54999999999995,0.0014014325755214317,0.7061714882812296,-0.057777777777777775,0,0
2,2,4,1,1,25,0,0,0,0,0,jsoup,java,2a174dceab361cc3aca2f48c75ae2de21e56123c,f6e82f256c1d3fd8bdeca422faf8c1618b8f032e,321.54999999999995,322.7,0.0035764266832531,0.4825169043645008,-0.10666666666666667,0,0
22,6,28,4,1,29,0,1,0,0,0,jsoup,java,f6e82f256c1d3fd8bdeca422faf8c1618b8f032e,0a4b830ccb9df906c11d154c774e14fb2eb5deff,322.7,319.57,-0.009699411217849382,0.501143667603293,0.10222222222222223,0,0
2,2,4,1,1,39,0,0,0,0,0,jsoup,java,0a4b830ccb9df906c11d154c774e14fb2eb5deff,bf13b496cda81630d9bad7bacd1831a6eae77ea7,319.57,320.235,0.0020809212379135104,0.6204037206277525,0.07555555555555556,0,0
2,2,4,1,1,52,0,0,0,0,0,jsoup,java,bf13b496cda81630d9bad7bacd1831a6eae77ea7,7c56eb26c8cc772c5c3d0e052dc076a128173c85,320.235,321.84000000000003,0.005011944353365554,0.4464004864934167,-0.11555555555555555,0,0
2,2,4,1,1,62,0,0,0,0,0,jsoup,java,7c56eb26c8cc772c5c3d0e052dc076a128173c85,33d0d46dae66fcdab062fefed7357c1d5e14bbe5,321.84000000000003,320.025,-0.005639448173005389,0.47334041065774624,0.10888888888888888,0,0
33,7,40,3,1,59,0,0,0,0,0,jsoup,java,33d0d46dae66fcdab062fefed7357c1d5e14bbe5,ed23a9a458bb0674a83f6c63e2bd5b7492fead09,320.025,322.37,0.007327552534958292,0.5742360906977902,-0.08555555555555555,0,0
39,9,48,3,1,24,0,0,0,0,0,jsoup,java,ed23a9a458bb0674a83f6c63e2bd5b7492fead09,9591169019cbf964f748eb657d1f0ab8cd0b0f09,322.37,322.05499999999995,-0.000977138071160637,0.7844510068614416,-0.042222222222222223,0,0
22,3,25,3,1,54,0,0,0,0,0,jsoup,java,9591169019cbf964f748eb657d1f0ab8cd0b0f09,d67c994ac0247cebe4af233ff42cc0b7d5a4651c,322.05499999999995,323.235,0.003663970439831904,0.8015522384436365,-0.03888888888888889,0,0
1,1,2,1,1,81,0,0,0,0,1,jsoup,java,d67c994ac0247cebe4af233ff42cc0b7d5a4651c,9d91ef2dbfb3efa5d8cb1f39dc133bc02504b940,323.235,323.70000000000005,0.0014385818367442628,0.5592305357919067,-0.08888888888888889,0,0
1,1,2,1,1,25,0,0,0,0,1,jsoup,java,9d91ef2dbfb3efa5d8cb1f39dc133bc02504b940,aa7b59b789d764daea8fb5fcef2ebcf23438108b,323.70000000000005,323.54499999999996,-0.0004788384306459264,0.9469559422255942,0.011111111111111112,0,0
1,3,4,1,1,32,0,0,0,0,0,jsoup,java,aa7b59b789d764daea8fb5fcef2ebcf23438108b,7ea2667a34bcaefd29e733f4a8d660115b41c74b,323.54499999999996,324.225,0.002101716917276001,0.5493101394048248,-0.09111111111111111,0,0
1,0,1,1,1,17,0,0,0,0,0,jsoup,java,7ea2667a34bcaefd29e733f4a8d660115b41c74b,133b0e06be4103f726454c0561434ade754b2b71,324.225,322.69,-0.004734366566427712,0.30415666250330575,0.15555555555555556,0,0
27,9,36,2,1,45,0,0,0,0,1,jsoup,java,133b0e06be4103f726454c0561434ade754b2b71,3c8421c06acef846b508df8e41f7fbeb3b4d88d1,322.69,324.52,0.005671077504725849,0.15580441542354545,-0.21444444444444444,0,0
135,39,174,6,1,53,0,0,0,0,0,jsoup,java,3c8421c06acef846b508df8e41f7fbeb3b4d88d1,d5bbe252f1472f95372612fa9f9fe1616f0b5dbc,324.52,324.445,-0.00023111056329344458,0.6897568712243869,0.06111111111111111,0,0
311,47,358,2,1,49,0,0,0,0,0,jsoup,java,d5bbe252f1472f95372612fa9f9fe1616f0b5dbc,34fb15336ecb6504338c5a17052c158d17241958,324.445,322.54999999999995,-0.005840743423384668,0.4464194359599726,0.11555555555555555,0,0
29,8,37,1,1,47,0,0,1,0,0,jsoup,java,34fb15336ecb6504338c5a17052c158d17241958,e0019ebf336082d57027f40f75a6142419710235,322.54999999999995,322.125,-0.0013176251743914264,0.4161293708196373,0.12333333333333334,0,0
227,2,229,1,1,34,0,0,1,0,0,jsoup,java,e0019ebf336082d57027f40f75a6142419710235,37169b107bc64d2928ea8847f03076df39ce0276,322.125,323.34000000000003,0.0037718277066357215,0.19835133215882483,-0.19444444444444445,0,0
13,10,23,1,1,41,0,0,0,0,0,jsoup,java,37169b107bc64d2928ea8847f03076df39ce0276,ae606bf695eb20559e824600245b781d815d23e1,323.34000000000003,321.53499999999997,-0.005582359126616142,0.08633770971906103,0.2588888888888889,0,0
5,5,10,1,1,22,0,0,0,0,0,jsoup,java,ae606bf695eb20559e824600245b781d815d23e1,a78bcab52cbdb79dbd5a06ea7385907450c3906c,321.53499999999997,320.61,-0.0028768252289795965,0.4733342638447603,-0.10888888888888888,0,0
77,14,91,6,1,61,0,0,0,0,0,jsoup,java,a78bcab52cbdb79dbd5a06ea7385907450c3906c,eb35cdcbcd22b281e585238842321c3b53052eaf,320.61,323.70500000000004,0.00965347306696618,0.21426377642503047,-0.18777777777777777,0,0
43,35,78,8,1,78,0,0,0,0,0,jsoup,java,eb35cdcbcd22b281e585238842321c3b53052eaf,d72a5338ce267744fad7d3bc35ea1495376b0bab,323.70500000000004,321.505,-0.006796311456418793,0.050120239262001376,0.29555555555555557,0,0
13,12,25,3,1,32,0,0,0,0,0,jsoup,java,d72a5338ce267744fad7d3bc35ea1495376b0bab,442ec7561a292a78d8f065fb0b87edf78f1c166b,321.505,319.665,-0.005723083622338611,0.7449828804476364,0.05,0,0
10,21,31,8,1,19,0,0,0,1,0,jsoup,java,442ec7561a292a78d8f065fb0b87edf78f1c166b,dd5eb3bcc1a26f67a8cd13f882190fbeb6d17b12,319.665,323.155,0.010917679445669536,0.10868977321444741,-0.24222222222222223,0,0
10,9,19,3,1,18,0,0,0,0,0,jsoup,java,dd5eb3bcc1a26f67a8cd13f882190fbeb6d17b12,8e9f869999566a968b7fea67ab4dac5b7fde33ef,323.155,319.15,-0.012393433491668071,0.1579756891505133,0.21333333333333335,0,0
64,120,184,4,1,52,0,0,0,0,0,jsoup,java,8e9f869999566a968b7fea67ab4dac5b7fde33ef,959994d5c4c8760233023f465830d0e82fc78585,319.15,321.69,0.007958640137866272,0.32552658677915214,-0.14888888888888888,0,0
13,6,19,3,1,32,0,0,0,0,0,jsoup,java,959994d5c4c8760233023f465830d0e82fc78585,dd45bb2b7a832850835bcb2a368dc3cca3851fe2,321.69,320.66999999999996,-0.003170754453044977,0.7282652959955469,0.05333333333333334,0,0
93,28,121,6,1,37,0,0,0,0,0,jsoup,java,dd45bb2b7a832850835bcb2a368dc3cca3851fe2,d6ed47079b9daa6734582443ea668963f166abb4,320.66999999999996,322.69000000000005,0.006299310817975164,0.673495052801603,-0.06444444444444444,0,0
8,10,18,1,1,36,0,0,0,0,0,jsoup,java,d6ed47079b9daa6734582443ea668963f166abb4,0a2a2c48e3e69f30ab22c3343de05ea92c443c44,322.69000000000005,318.595,-0.012690198022870329,0.21156123692597317,0.18888888888888888,0,0
1,4,5,1,1,31,0,0,0,0,0,jsoup,java,0a2a2c48e3e69f30ab22c3343de05ea92c443c44,515423d68b19ca13b6040a980bd5933aaeb0681d,318.595,321.225,0.008254994585602396,0.1473672371925534,-0.21888888888888888,0,0
50,12,62,2,1,53,0,0,0,0,0,jsoup,java,515423d68b19ca13b6040a980bd5933aaeb0681d,2b526b327fa5bc797e7ccb169e07bd132660a584,321.225,320.65999999999997,-0.001758891742548228,0.43764133504824576,0.11777777777777777,0,0
1,1,2,1,1,48,0,0,0,0,0,jsoup,java,2b526b327fa5bc797e7ccb169e07bd132660a584,65b62800d9c74d86a6a82e034e5e946526e0a807,320.65999999999997,321.245,0.0018243622528536032,0.6573759711130626,-0.06777777777777778,0,0
1,1,2,1,1,67,0,0,0,0,1,jsoup,java,65b62800d9c74d86a6a82e034e5e946526e0a807,672ad0c6f9c01bcc92d6c44e14e07ef5e3a3ed6f,321.245,321.385,0.0004358044483182193,0.9058481439170802,-0.01888888888888889,0,0
1,1,2,1,1,21,0,0,0,0,0,jsoup,java,672ad0c6f9c01bcc92d6c44e14e07ef5e3a3ed6f,9381d7f2a899ef6db9b96d4df701301e8a65d864,321.385,319.675,-0.005320721253325387,0.37903631077393585,0.13333333333333333,0,0
0,6,6,1,1,32,0,0,0,0,0,jsoup,java,9381d7f2a899ef6db9b96d4df701301e8a65d864,95462785c89e04020c64573bc0a1aa484695cb79,319.675,322.615,0.009196840541174624,0.34028846509891686,-0.14444444444444443,0,0
24,6,30,5,1,46,0,0,0,0,0,jsoup,java,95462785c89e04020c64573bc0a1aa484695cb79,e99c87d3f52c848db5e891dc57c3ad6b54d55bd2,322.615,320.135,-0.007687181315189988,0.6099976230628126,0.07777777777777778,0,0
2,0,2,1,1,20,0,0,0,0,0,jsoup,java,e99c87d3f52c848db5e891dc57c3ad6b54d55bd2,0391078c7f9fa4af31d8d8417ffc230fff16b308,320.135,320.365,0.0007184469052119206,0.6099976230628126,0.07777777777777778,0,0
1,1,2,1,1,37,0,0,0,1,0,jsoup,java,0391078c7f9fa4af31d8d8417ffc230fff16b308,a908dc9cc08fc0a2b0a1d7d9ff895cfdc1514958,320.365,320.4,0.00010925038627805212,0.5742414093638324,-0.08555555555555555,0,0
15,15,30,1,1,37,0,0,0,0,0,jsoup,java,a908dc9cc08fc0a2b0a1d7d9ff895cfdc1514958,c4ea303d1e982f2c5345b2fe39f126c355748f04,320.4,319.76,-0.001997503121098584,0.9234410716271136,0.015555555555555555,0,0
36,12,48,6,1,43,1,0,0,0,0,jsoup,java,c4ea303d1e982f2c5345b2fe39f126c355748f04,36ba3edad1de83e61dff71ca929909587eebd834,319.76,320.345,0.0018294971228422455,0.6203988641718396,-0.07555555555555556,0,0
608,166,774,21,1,47,0,0,0,0,0,jsoup,java,36ba3edad1de83e61dff71ca929909587eebd834,18f87f1803f3481106e5291d4fd1a06cc53ea2c1,320.345,341.905,0.06730243955735206,3.019859359162157e-11,-1.0,0,0
5,0,5,1,1,35,0,0,0,0,0,jsoup,java,18f87f1803f3481106e5291d4fd1a06cc53ea2c1,6aa1b7125d0716f0c31016d4cb062770f6c73990,341.905,344.135,0.006522279580585304,0.5058532673846452,-0.10111111111111111,0,0
55,30,85,2,1,49,0,0,0,0,0,jsoup,java,6aa1b7125d0716f0c31016d4cb062770f6c73990,a62c7f37d4132f3180bfef3e0d872d8e3cf87b5e,344.135,342.325,-0.005259563833960516,0.491782956953405,0.10444444444444445,0,0
52,12,64,4,1,28,0,0,0,0,0,jsoup,java,a62c7f37d4132f3180bfef3e0d872d8e3cf87b5e,72fb5963d96c7a6f2663513aa993049239bada23,342.325,341.98,-0.001007814211640898,0.673495052801603,0.06444444444444444,0,0
9,45,54,3,1,40,0,0,0,0,0,jsoup,java,72fb5963d96c7a6f2663513aa993049239bada23,13f42529d656ddf140022707581f040bbb460e2a,341.98,339.385,-0.007588163050470867,0.10077789969589905,0.2477777777777778,0,0
2,2,4,1,1,23,0,1,0,0,0,jsoup,java,13f42529d656ddf140022707581f040bbb460e2a,54b6f3991def6ce18da99873d2c5c7ba9f93e6bd,339.385,340.49,0.003255889329227922,0.2904721494938346,-0.16,0,0
5,5,10,1,1,21,0,0,0,0,0,jsoup,java,54b6f3991def6ce18da99873d2c5c7ba9f93e6bd,d5acae96d5158d387ef70e62caad593202adc1a9,340.49,339.41499999999996,-0.003157214602484788,0.45528438056799714,0.11333333333333333,0,0
57,37,94,3,1,30,0,1,0,0,0,jsoup,java,d5acae96d5158d387ef70e62caad593202adc1a9,62674f903bd2fc352601fa39a3d9dea348e59f4b,339.41499999999996,338.53,-0.002607427485526541,0.9823070530800847,-0.0044444444444444444,0,0
4,4,8,1,1,21,0,0,1,0,0,jsoup,java,62674f903bd2fc352601fa39a3d9dea348e59f4b,5594c17333c60f27bb4a1f032c3c6956954d9162,338.53,337.88,-0.0019200661684340451,0.5742414093638324,0.08555555555555555,0,0
1,1,2,1,1,69,0,0,0,0,1,jsoup,java,5594c17333c60f27bb4a1f032c3c6956954d9162,a5972ff89d399ec68d89b897ee4d03b12964d471,337.88,338.605,0.0021457322126199325,0.8417992813302996,0.03111111111111111,0,0
1,1,2,1,1,82,0,0,0,0,1,jsoup,java,a5972ff89d399ec68d89b897ee4d03b12964d471,eff923da81dd3a4893ca30986de5ec30fddcaf5c,338.605,338.115,-0.0014471138937700537,0.5592250771793259,-0.08888888888888889,0,0
102,0,102,4,1,56,0,0,0,0,0,jsoup,java,eff923da81dd3a4893ca30986de5ec30fddcaf5c,8086b1e4088eb586e0abf939af18cf2d4beb4acb,338.115,340.53499999999997,0.007157328128003664,0.3478277829758114,-0.14222222222222222,0,0
15,2,17,3,1,53,0,0,0,0,0,jsoup,java,8086b1e4088eb586e0abf939af18cf2d4beb4acb,5d31cac5888b872daa54e09238feeaa8e4e435e7,340.53499999999997,339.725,-0.002378610128180497,0.2518808246619123,0.17333333333333334,0,0
20,1,21,2,1,29,0,0,0,0,0,jsoup,java,5d31cac5888b872daa54e09238feeaa8e4e435e7,1737b96e70d02b854dfaee11603b283c63b0c5b6,339.725,338.005,-0.005062918537052107,0.7731168767796108,0.044444444444444446,0,0
1,1,2,1,1,61,0,0,0,0,1,jsoup,java,1737b96e70d02b854dfaee11603b283c63b0c5b6,59ec905bd17b11e2282026798c913133989f2642,338.005,338.255,0.0007396340290824101,0.7505838815617156,-0.04888888888888889,0,0
15,5,20,3,1,39,0,0,0,0,0,jsoup,java,59ec905bd17b11e2282026798c913133989f2642,b875b92b832949abbbb54e9770bf35cfd3825f65,338.255,340.335,0.006149206959246675,0.4077048621476319,-0.12555555555555556,0,0
145,15,160,8,1,58,0,0,0,0,0,jsoup,java,b875b92b832949abbbb54e9770bf35cfd3825f65,3c66e8730f72e37e17609af2732723c4fff02200,340.335,343.0,0.00783051992889365,0.13732283484699295,-0.22444444444444445,0,0
1,1,2,1,1,82,0,0,0,0,1,jsoup,java,3c66e8730f72e37e17609af2732723c4fff02200,f3c740df7e49b03a2d77735198e3e977576ea92a,343.0,342.235,-0.002230320699708415,0.7449794605821207,0.05,0,0
1,1,2,1,1,67,0,0,0,0,1,jsoup,java,f3c740df7e49b03a2d77735198e3e977576ea92a,d105a1170e7b66385626f3b0b2bb5ed647a3ac30,342.235,341.235,-0.002921968822592663,0.5297767732358549,0.09555555555555556,0,0
6,0,6,1,1,57,0,0,0,0,0,jsoup,java,d105a1170e7b66385626f3b0b2bb5ed647a3ac30,68184f3bcb7eed190c7292b17102fc99e3288aa6,341.235,344.18,0.00863041598898118,0.03710263156830204,-0.31444444444444447,0,0
65,13,78,5,1,32,0,0,0,0,0,jsoup,java,68184f3bcb7eed190c7292b17102fc99e3288aa6,1b36b066948a2e25caca1fafe54d5210a95a3b35,344.18,342.58500000000004,-0.0046342030332964445,0.04675584239277178,0.3,0,0
208,67,275,5,1,50,0,0,0,0,0,jsoup,java,1b36b066948a2e25caca1fafe54d5210a95a3b35,cee75632544001c6d1d814a0eeb522cb18811497,342.58500000000004,344.46500000000003,0.005487689186625204,0.02324344705367121,-0.3422222222222222,0,0
118,0,118,4,1,44,1,0,0,0,0,jsoup,java,cee75632544001c6d1d814a0eeb522cb18811497,76b391e367645d367a6cdd4b48b107bcc2ee9ae1,344.46500000000003,343.1,-0.003962666744081428,0.2972716890893069,0.15777777777777777,0,0
21,7,28,5,1,34,0,0,0,0,0,jsoup,java,76b391e367645d367a6cdd4b48b107bcc2ee9ae1,6f8291da9a07dbb0cd8231a39852c9705e4ab65b,343.1,343.145,0.00013115709705613252,0.8533817367547931,0.028888888888888888,0,0
1,0,1,1,1,17,0,0,0,0,0,jsoup,java,6f8291da9a07dbb0cd8231a39852c9705e4ab65b,11a033427bd7e69f485222998ab7ab60e017dbe3,343.145,343.185,0.00011656879744720298,0.9234421319782358,-0.015555555555555555,0,0
84,1,85,5,1,41,0,0,0,0,0,jsoup,java,11a033427bd7e69f485222998ab7ab60e017dbe3,d55469aa637a3fea7d2a8a7a6291f6ca1774df4f,343.185,345.83,0.007707213310605014,0.22823006680742364,-0.18222222222222223,0,0
2,1,3,1,1,20,0,0,0,0,0,jsoup,java,d55469aa637a3fea7d2a8a7a6291f6ca1774df4f,5fde3d992626d0d255793d030c241f2021d39faa,345.83,342.76,-0.008877193997050555,0.14944870623046316,0.21777777777777776,0,0
2,2,4,1,1,15,0,0,0,0,0,jsoup,java,5fde3d992626d0d255793d030c241f2021d39faa,d89d75794a3daffb5806eaf683d2ad07b66b9647,342.76,341.53999999999996,-0.0035593418135139087,0.25804488162492023,0.1711111111111111,0,0
29,13,42,4,1,55,0,0,0,0,0,jsoup,java,d89d75794a3daffb5806eaf683d2ad07b66b9647,4b733b16a8ac0dd417c1c57db78743a2b13ea1a1,341.53999999999996,343.47,0.005650875446507185,0.8533797228663973,-0.028888888888888888,0,0
3,1,4,1,1,43,1,0,0,0,0,jsoup,java,4b733b16a8ac0dd417c1c57db78743a2b13ea1a1,d80275e16ebd34bae5b48f29f3e4437e1b207955,343.47,333.185,-0.029944391067633344,3.0102616021326514e-07,0.7711111111111111,0,0
22,19,41,6,1,48,1,0,0,0,0,jsoup,java,d80275e16ebd34bae5b48f29f3e4437e1b207955,0679bef07f1e29ae72ae54102d5af9a1f80d45d4,333.185,330.62,-0.007698425799480762,0.20094889697592833,0.19333333333333333,0,0
20,20,40,1,1,46,0,0,0,0,0,jsoup,java,0679bef07f1e29ae72ae54102d5af9a1f80d45d4,6d7a058efb6f3ab97fdd262602b6331dd8750b2d,330.62,332.39,0.005353578125945139,0.8072749507289148,-0.03777777777777778,0,0
35,29,64,1,1,44,0,0,0,0,0,jsoup,java,6d7a058efb6f3ab97fdd262602b6331dd8750b2d,7de25be1ed3ee28c1500e465f60ec9968e9e9aeb,332.39,328.925,-0.010424501338788698,0.10868977321444741,0.24222222222222223,0,0
2,2,4,1,1,52,0,0,0,0,0,jsoup,java,7de25be1ed3ee28c1500e465f60ec9968e9e9aeb,5c4c09a5cbf1271ceeac32452cbc77d0795b81f9,328.925,333.02,0.012449646575967076,0.099252912266786,-0.24888888888888888,0,0
2,2,4,1,1,62,0,0,0,0,0,jsoup,java,5c4c09a5cbf1271ceeac32452cbc77d0795b81f9,59ba3f167adf8d506401db482f67af0e5f6d2ab5,333.02,331.54,-0.004444177526875147,0.7674616988024573,0.04555555555555556,0,0
1,1,2,1,1,21,0,0,0,0,0,jsoup,java,59ba3f167adf8d506401db482f67af0e5f6d2ab5,8c45287d931912ba8266061e3f883815d76bedd4,331.54,330.44500000000005,-0.0033027688966639633,0.7061714882812296,0.057777777777777775,0,0
41,1,42,2,1,56,0,0,1,0,0,jsoup,java,8c45287d931912ba8266061e3f883815d76bedd4,5ec472da5f5b48ecf38027d81fde2f22ddb85a54,330.44500000000005,329.645,-0.002420977772398033,0.6573715149424959,0.06777777777777778,0,0
15,8,23,1,1,40,0,0,0,0,0,jsoup,java,5ec472da5f5b48ecf38027d81fde2f22ddb85a54,453af8c1c8475260ed67da7ca201823158c23d63,329.645,329.935,0.0008797342595823401,0.7618251370914335,-0.04666666666666667,0,0
9,0,9,1,1,23,0,0,1,0,0,jsoup,java,453af8c1c8475260ed67da7ca201823158c23d63,ae4dfd28bb80228bb87f1dd7c6dff40fd21edb14,329.935,331.255,0.004000788034006678,0.9764102526051525,-0.005555555555555556,0,0
62,18,80,3,1,83,0,0,0,0,0,jsoup,java,ae4dfd28bb80228bb87f1dd7c6dff40fd21edb14,062d1900f7c57c366d5512e428ed30c71a1536ad,331.255,332.115,0.002596187227362647,0.22256647047483236,-0.18444444444444444,0,0
27,5,32,4,1,24,0,0,0,0,0,jsoup,java,062d1900f7c57c366d5512e428ed30c71a1536ad,61923e0455c46cc6320188b13c613302f01e7880,332.115,330.96500000000003,-0.0034626560077081047,0.6256257625776984,0.07444444444444444,0,0
29,3,32,4,1,54,0,0,0,0,0,jsoup,java,61923e0455c46cc6320188b13c613302f01e7880,001752f1a0b73ae17668dc9fd4c5942424a6c1e2,330.96500000000003,331.305,0.0010272989591043613,0.807269700934323,0.03777777777777778,0,0
61,5,66,3,1,58,0,0,0,0,0,jsoup,java,001752f1a0b73ae17668dc9fd4c5942424a6c1e2,3082a4f3b3bdf4b2ce5c2cf8ec6a35392d60f20f,331.305,331.71500000000003,0.0012375303723156155,0.7618283459354748,-0.04666666666666667,0,0
6,8,14,1,1,27,0,0,0,0,0,jsoup,java,3082a4f3b3bdf4b2ce5c2cf8ec6a35392d60f20f,4fcd4f855e0d4a6424353b7e2d70c37cfbc6fde7,331.71500000000003,332.09000000000003,0.0011304885217732089,0.807269700934323,-0.03777777777777778,0,0
74,1,75,3,1,44,0,0,0,0,0,jsoup,java,4fcd4f855e0d4a6424353b7e2d70c37cfbc6fde7,aa6e0d92728d67e242515d41c14188d5efe1c730,332.09000000000003,331.18,-0.0027402210244211658,0.5105685661241732,0.1,0,0
42,17,59,3,1,65,0,0,0,0,0,jsoup,java,aa6e0d92728d67e242515d41c14188d5efe1c730,63023f8b29048e2768cb6c0cfa5c168357b2955d,331.18,329.53499999999997,-0.004967087384504012,0.2972716890893069,0.15777777777777777,0,0
2,2,4,1,1,69,0,0,0,0,0,jsoup,java,63023f8b29048e2768cb6c0cfa5c168357b2955d,3c36fd078bd9d694855c5fe8fae05e05d5c441ca,329.53499999999997,333.26,0.011303806879390726,0.008134178967811469,-0.3988888888888889,0,0
1,1,2,1,1,67,0,0,0,0,1,jsoup,java,3c36fd078bd9d694855c5fe8fae05e05d5c441ca,01b3900107114f441860ee3d03aba03caef42804,333.26,331.995,-0.0037958350837183773,0.8533817367547931,0.028888888888888888,0,0
2,2,4,1,1,80,0,0,0,0,1,jsoup,java,01b3900107114f441860ee3d03aba03caef42804,c988d5e97606042ed3af020fd2e5f33a59a66c08,331.995,333.02,0.003087395894516415,0.9117089753194283,-0.017777777777777778,0,0
1,1,2,1,1,80,0,0,0,0,1,jsoup,java,c988d5e97606042ed3af020fd2e5f33a59a66c08,f9154f031139fc0cb0cab48c3d47b69a1bc3ae4d,333.02,334.315,0.003888655336015903,0.6256257625776984,-0.07444444444444444,0,0
43,4,47,5,1,52,0,0,0,0,0,jsoup,java,f9154f031139fc0cb0cab48c3d47b69a1bc3ae4d,df347747385e6d30d2899262125cd20a08bfa9e6,334.315,330.96500000000003,-0.010020489657957213,0.21156123692597317,0.18888888888888888,0,0
1485,0,1485,13,1,70,0,1,0,0,0,signalfx-java,java,db1ba94c8a8aae10b021ffd8532bd9d8fc42ae10,6454b2f0b8abcb5563af9cc114f9f0db4ed9dead,291.185,334.485,0.14870271476896135,3.019859359162157e-11,-1.0,0,0
0,0,0,0,1,54,0,0,0,0,0,signalfx-java,java,6454b2f0b8abcb5563af9cc114f9f0db4ed9dead,4be0e174b57aae10370dd490e5492bb70f54f302,334.485,333.08,-0.004200487316322195,0.28046379497580787,0.16333333333333333,0,0
24,18,42,11,1,31,0,0,0,0,0,signalfx-java,java,4be0e174b57aae10370dd490e5492bb70f54f302,7d2e16f51cc4270d8441cc4c12d5bce6e58ad742,333.08,332.975,-0.0003152395820822666,0.6467200034084275,-0.07,0,0
0,0,0,0,1,51,0,0,0,0,1,signalfx-java,java,7d2e16f51cc4270d8441cc4c12d5bce6e58ad742,97de5e6fddc2e873edca527c2f8be6827ce3025c,332.975,334.01,0.003108341467077012,0.21472639730987497,-0.1860215053763441,0,0
1,1,2,1,1,53,0,0,0,0,1,signalfx-java,java,97de5e6fddc2e873edca527c2f8be6827ce3025c,0b1f07019ef7f3b6158b031235eca1c5be8d7e59,334.01,328.90999999999997,-0.01526900392203833,1.8359377998296113e-07,0.7784946236559139,0,0
2,2,4,1,1,41,0,0,1,0,1,signalfx-java,java,0b1f07019ef7f3b6158b031235eca1c5be8d7e59,5c48739ea5670286bf0fe1c61013b049b15696cb,328.90999999999997,332.725,0.011598917637043736,4.575569034892965e-06,-0.69,0,0
2,2,4,2,1,70,0,0,0,0,1,signalfx-java,java,5c48739ea5670286bf0fe1c61013b049b15696cb,dafd651a01a9a60f704ff0a77b23979a4bf845ff,332.725,333.29999999999995,0.0017281538808323143,0.8130001878529274,0.03666666666666667,0,0
0,0,0,0,1,121,0,0,0,0,0,signalfx-java,java,dafd651a01a9a60f704ff0a77b23979a4bf845ff,7de0177f5544022675190872e383d8f8d0c84dac,333.29999999999995,334.525,0.003675367536753744,0.04513725194149937,-0.3022222222222222,0,0
1,1,2,1,2,132,0,0,1,0,1,signalfx-java,java,7de0177f5544022675190872e383d8f8d0c84dac,c7b7cdbe2b706c110eeaa40f51e1fb784aa8f6a3,334.525,333.2,-0.003960839997010653,0.06041860623401515,0.2833333333333333,0,0
1,1,2,1,2,164,0,0,0,0,1,signalfx-java,java,c7b7cdbe2b706c110eeaa40f51e1fb784aa8f6a3,e98688e37dd04432467887430969219833fa4ab1,333.2,329.66,-0.010624249699879844,1.6982933012817934e-07,0.7806451612903226,0,0
44,27,71,10,1,54,0,0,0,0,0,signalfx-java,java,e98688e37dd04432467887430969219833fa4ab1,f60ca920ae46d55e97ceacc9c2c3786d1f6a1519,329.66,329.51,-0.000455014257113493,0.9310214535727142,0.013978494623655914,0,0
0,0,0,0,1,55,0,0,0,0,0,signalfx-java,java,f60ca920ae46d55e97ceacc9c2c3786d1f6a1519,3bd2dcd137cf7d928f142ee2a2539feb5e0210ef,329.51,328.44,-0.0032472459105944984,0.31118764341027494,0.15333333333333332,0,0
1,1,2,1,1,70,0,0,0,0,1,signalfx-java,java,3bd2dcd137cf7d928f142ee2a2539feb5e0210ef,c3337920188de7144efd7185a7f6c462d5df9a5f,328.44,328.975,0.001628912434539109,0.6520255601037028,-0.06888888888888889,0,0
0,0,0,0,1,121,0,0,0,0,0,signalfx-java,java,c3337920188de7144efd7185a7f6c462d5df9a5f,0948cad8289835880b8be3af03a35d4e15a48177,328.975,329.61,0.0019302378600197306,0.26114932277738034,-0.17,0,0
8,8,16,7,1,46,0,0,0,0,0,super-csv,java,183ac743cd13a836aaaaf5bb71df7f26716879dd,b7534f5cd318d5d99a653f1f43b4f98199fe6751,57.59,88.21,0.5316895294321929,3.3918213908250945e-06,-1.0,1,1
8,8,16,7,1,62,0,0,0,0,0,super-csv,java,b7534f5cd318d5d99a653f1f43b4f98199fe6751,087350028f79452cdc9727d96dfc00a3721293ba,88.21,89.36,0.013037070626913113,0.9338864180775845,0.022222222222222223,0,0
977,371,1348,27,1,70,0,0,0,0,0,super-csv,java,087350028f79452cdc9727d96dfc00a3721293ba,7ae5a022baedf0545bd1cf8adfc1ccb10c116c57,89.36,58.75,-0.34254700089525514,3.3918213908250945e-06,1.0,0,0
76,22,98,10,7,512,0,0,0,0,0,super-csv,java,7ae5a022baedf0545bd1cf8adfc1ccb10c116c57,e52a2115dd04559a85246f93fd978a3208a134d9,58.75,89.59,0.5249361702127661,3.3918213908250945e-06,-1.0,1,1
458,958,1416,21,1,69,0,0,0,0,0,super-csv,java,e52a2115dd04559a85246f93fd978a3208a134d9,4b16c0c853448e82198ef61c3820a0aa15777261,89.59,90.12,0.005915838821297033,0.8356689855583623,-0.04888888888888889,0,0
955,295,1250,17,3,172,0,0,0,0,0,super-csv,java,4b16c0c853448e82198ef61c3820a0aa15777261,b3878b02279ce79595344d72b37f4661b05767be,90.12,88.82,-0.014425210830004564,0.20579182557266695,0.27555555555555555,0,0
684,19,703,8,1,64,0,0,0,0,0,super-csv,java,b3878b02279ce79595344d72b37f4661b05767be,463e2b74f9031687d2b10d2f06c5f1561d848a4f,88.82,89.44,0.0069804098176086985,0.6783024655972324,-0.09333333333333334,0,0
3,1,4,1,1,14,0,0,0,0,0,super-csv,java,463e2b74f9031687d2b10d2f06c5f1561d848a4f,ac9b6e92dfc232eda4f6dbefcea75ec690ce4c1e,89.44,89.38,-0.0006708407871198823,0.589614392710111,-0.12,0,0
144,126,270,8,1,17,0,0,0,0,0,super-csv,java,ac9b6e92dfc232eda4f6dbefcea75ec690ce4c1e,04dc0f75806837ba71d8dcb5528b0e27ebb3462f,89.38,90.05,0.0074960841351532975,0.5896558053941625,-0.12,0,0
225,712,937,14,1,30,0,0,0,0,0,super-csv,java,04dc0f75806837ba71d8dcb5528b0e27ebb3462f,018f4f0c161536e84802787c2e2a78706ce3bd91,90.05,90.05,0.0,0.41851381169736,0.17777777777777778,0,0
2,2,4,1,1,39,0,0,1,0,0,super-csv,java,018f4f0c161536e84802787c2e2a78706ce3bd91,f6b6db7b9a52525b9eb4da36b6ee27169f57d09f,90.05,89.21,-0.009328151027207146,0.3195059648919748,0.21777777777777776,0,0
0,0,0,0,1,43,0,0,0,0,0,super-csv,java,f6b6db7b9a52525b9eb4da36b6ee27169f57d09f,8d6e5170a67975a50cd891be9b6eb3adeba36045,89.21,90.45,0.013899787019392549,0.08149464839345506,-0.37777777777777777,0,0
723,278,1001,15,4,147,0,0,1,0,0,super-csv,java,8d6e5170a67975a50cd891be9b6eb3adeba36045,64f94986fda9ab8e118fab23afb6fd3e5bdf4078,90.45,89.39,-0.011719181868435624,0.15837198904850358,0.30666666666666664,0,0
215,13,228,6,6,253,0,0,1,0,0,super-csv,java,64f94986fda9ab8e118fab23afb6fd3e5bdf4078,0346ab5a7a031eecc418e14ad25823b18b03a2e7,89.39,89.51,0.0013424320393780574,0.803398300328303,-0.057777777777777775,0,0
72,712,784,11,2,89,0,0,0,0,0,super-csv,java,0346ab5a7a031eecc418e14ad25823b18b03a2e7,68c42bb445adb082828bce8d4acfa5a7d073581b,89.51,89.74,0.002569545302200757,0.5336928553657905,-0.13777777777777778,0,0
709,72,781,11,6,282,0,0,1,0,0,super-csv,java,68c42bb445adb082828bce8d4acfa5a7d073581b,ff3dba3743374504ea556d5aae42501476194507,89.74,89.86,0.0013371963449967078,1.0,0.0044444444444444444,0,0
0,0,0,0,1,55,0,0,0,0,0,super-csv,java,ff3dba3743374504ea556d5aae42501476194507,f48d61ab7d782a4d55d9fc66633cca1375d7ceb3,89.86,89.72,-0.0015579790785666657,0.9338717386488675,0.022222222222222223,0,0
7,3,10,2,2,86,0,0,0,0,0,super-csv,java,f48d61ab7d782a4d55d9fc66633cca1375d7ceb3,60d365936aa37e1c3f82502c931fffe6fa7faf73,89.72,89.67,-0.0005572893446276991,0.9009714934164412,-0.03111111111111111,0,0
179,31,210,5,1,48,0,0,0,0,0,super-csv,java,60d365936aa37e1c3f82502c931fffe6fa7faf73,49fd47a15c96dbadec59323c5f41b67fdc4191a6,89.67,90.37,0.007806401249024231,0.9503844315376063,-0.017777777777777778,0,0
27,11,38,4,1,34,0,0,0,0,0,super-csv,java,49fd47a15c96dbadec59323c5f41b67fdc4191a6,bb0fb80858735db202fa7ace790b1121580491f2,90.37,88.91,-0.016155803917229258,0.21337370709311831,0.27111111111111114,0,0
10,2,12,1,1,55,0,0,0,0,0,super-csv,java,bb0fb80858735db202fa7ace790b1121580491f2,286726068c412aa5962f795f5fba162991947255,88.91,89.93,0.011472275334608146,0.5614474146848649,-0.1288888888888889,0,0
50,25,75,2,1,63,0,0,0,0,0,super-csv,java,286726068c412aa5962f795f5fba162991947255,38d4365bf37294354bdae162448659c2524d8815,89.93,89.99,0.0006671855887911493,0.6482039260122094,-0.10222222222222223,0,0
51,249,300,10,4,162,0,0,0,0,0,super-csv,java,38d4365bf37294354bdae162448659c2524d8815,e682b960bc865070dec358f3981c855dac1ed18f,89.99,89.62,-0.004111567951994559,0.3613895244820625,0.2,0,0
151,1,152,10,1,30,0,0,0,0,0,super-csv,java,e682b960bc865070dec358f3981c855dac1ed18f,d6eba5000d14df3f47664ecb10aa094edb13cf13,89.62,90.33,0.007922338763668754,0.4553018964198552,-0.16444444444444445,0,0
0,0,0,0,1,54,0,0,0,0,0,super-csv,java,d6eba5000d14df3f47664ecb10aa094edb13cf13,766b16ff404ea95adc598da9cd015a2f29394fb3,90.33,90.36,0.00033211557622053734,0.9174021048159461,-0.02666666666666667,0,0
252,50,302,9,8,391,0,0,0,0,0,super-csv,java,766b16ff404ea95adc598da9cd015a2f29394fb3,53b04e4105a4aef8aa52c3428348526958ac1046,90.36,90.62,0.0028773793714033324,0.9669147771731937,0.013333333333333334,0,0
19,0,19,2,1,75,0,0,0,0,0,super-csv,java,53b04e4105a4aef8aa52c3428348526958ac1046,170d6b0ffdec4dfefab96cde092e79cc80d2158a,90.62,90.51,-0.0012138600750386166,0.6783024655972324,-0.09333333333333334,0,0
36,0,36,1,1,44,0,0,0,0,0,super-csv,java,170d6b0ffdec4dfefab96cde092e79cc80d2158a,1f86b3611d022584ccff625dade7ac4123d5b7e3,90.51,91.12,0.006739586785990492,0.8034411566561627,-0.057777777777777775,0,0
40,0,40,1,1,67,0,0,1,0,0,super-csv,java,1f86b3611d022584ccff625dade7ac4123d5b7e3,1fba007ce7df034cff22f8fe1c076dbbc05b2429,91.12,91.03,-0.0009877085162423552,0.7088923275427439,0.08444444444444445,0,0
5,5,10,2,1,54,0,0,0,0,0,super-csv,java,1fba007ce7df034cff22f8fe1c076dbbc05b2429,e8453435efcb353ef136b2f498a8f990b6a672e1,91.03,89.99,-0.01142480500933765,0.8034625743147712,0.057777777777777775,0,0
1,1,2,1,1,62,0,0,0,0,0,super-csv,java,e8453435efcb353ef136b2f498a8f990b6a672e1,a674e248d166d9355dd586cd76b950abdcff34d9,89.99,89.81,-0.002000222246916242,0.24548500120312422,0.25333333333333335,0,0
5,3,8,1,1,52,0,0,0,0,0,super-csv,java,a674e248d166d9355dd586cd76b950abdcff34d9,b3d586cdeb4aeb72ebbc020dbb4583eb02780af6,89.81,58.54,-0.3481794900345173,9.073400856319234e-06,0.9555555555555556,0,0
2,1,3,1,1,27,0,0,0,0,0,super-csv,java,b3d586cdeb4aeb72ebbc020dbb4583eb02780af6,c91d4d26c1957c88c5dbb279b961cfe7efe52873,58.54,58.16,-0.006491288008199566,0.48073111045562256,0.15555555555555556,0,0
22,0,22,1,1,50,0,0,0,0,0,super-csv,java,c91d4d26c1957c88c5dbb279b961cfe7efe52873,0316a0b08b9b59ed8a1aab822f18067c7b3365e1,58.16,57.41,-0.012895460797799175,0.10573920209087935,0.3511111111111111,0,0
270,196,466,2,1,56,0,0,0,0,0,super-csv,java,0316a0b08b9b59ed8a1aab822f18067c7b3365e1,93415b0293cf563a79618968de9b9dc778506c9b,57.41,58.45,0.018115310921442366,0.28084201086629845,-0.23555555555555555,0,0
14,13,27,1,1,57,0,0,0,0,0,super-csv,java,93415b0293cf563a79618968de9b9dc778506c9b,7597d94db38181902abcc79a5946bede8d8aeb40,58.45,56.72,-0.029597946963216493,0.8034411566561627,0.057777777777777775,0,0
1,1,2,1,1,68,0,0,1,0,0,super-csv,java,7597d94db38181902abcc79a5946bede8d8aeb40,244fdeb6bcffb53a5b9b1d83f2e023322a7f91dd,56.72,90.73,0.5996121297602258,3.3833394126542183e-06,-1.0,1,1
0,0,0,0,1,51,0,0,0,0,0,super-csv,java,244fdeb6bcffb53a5b9b1d83f2e023322a7f91dd,30ef3666697318324b9888a221dfd9f589db33d4,90.73,90.29,-0.004849553620632621,0.9503844315376063,0.017777777777777778,0,0
33,11,44,9,3,188,0,0,0,0,0,super-csv,java,30ef3666697318324b9888a221dfd9f589db33d4,b3aa85571b78911ad6ceb3ed543ff2ceb229ba55,90.29,90.92,0.006977516890020992,0.3296381262105611,-0.21333333333333335,0,0
0,0,0,0,1,49,0,0,0,0,0,super-csv,java,b3aa85571b78911ad6ceb3ed543ff2ceb229ba55,00e75ccea19a9d741b6340fe08ae88e3219d1667,90.92,89.79,-0.012428508578970474,0.35063394347705956,0.20444444444444446,0,0
21,0,21,6,2,57,0,0,1,0,0,super-csv,java,00e75ccea19a9d741b6340fe08ae88e3219d1667,7aa74d9c533301b5908cd1762e8ef7b30f960616,89.79,89.58,-0.0023387905111928718,0.755709307865404,0.07111111111111111,0,0
2,21,23,6,1,9,0,1,0,0,0,super-csv,java,7aa74d9c533301b5908cd1762e8ef7b30f960616,cb8f9a5e33e66f02004d210325b21b9b653fa069,89.58,90.12,0.006028131279303486,0.48073111045562256,-0.15555555555555556,0,0
7,4,11,2,1,65,0,0,0,0,0,super-csv,java,cb8f9a5e33e66f02004d210325b21b9b653fa069,c5664ba5a260b3689f5268d906e8e02d0923a661,90.12,89.19,-0.010319573901464789,0.15846460599820356,0.30666666666666664,0,0
0,0,0,0,1,57,0,0,0,0,0,super-csv,java,c5664ba5a260b3689f5268d906e8e02d0923a661,ca103ff75152b4a677bfebce07a2a5b77fd5bd03,89.19,91.74,0.02859064917591655,0.01614027989360373,-0.52,0,0
12,11,23,2,1,59,0,1,0,0,0,super-csv,java,ca103ff75152b4a677bfebce07a2a5b77fd5bd03,39b0ba40a53ff7d9c3c06affb6ade135374eedfa,91.74,90.11,-0.0177676040985393,0.10130368789404925,0.35555555555555557,0,0
9,10,19,2,1,39,0,1,0,0,0,super-csv,java,39b0ba40a53ff7d9c3c06affb6ade135374eedfa,7cedd45f81ab37dcdd064ab16a462b853a82a16d,90.11,89.45,-0.00732438131173007,0.5338294217441396,0.13777777777777778,0,0
7,5,12,3,2,153,0,0,0,0,0,super-csv,java,7cedd45f81ab37dcdd064ab16a462b853a82a16d,449f23218a0fd20c34dd02644c93096a13246e25,89.45,90.91,0.016321967579653367,0.05123941919274439,-0.4222222222222222,0,0
4,0,4,1,1,96,0,0,0,0,0,super-csv,java,449f23218a0fd20c34dd02644c93096a13246e25,f895539d2b286f3da73ba2f69ca85598830f4b91,90.91,90.3,-0.0067099329006709875,0.15846460599820356,0.30666666666666664,0,0
33,43,76,4,1,61,0,1,0,0,0,super-csv,java,f895539d2b286f3da73ba2f69ca85598830f4b91,0dec1e06d512f923708b9abebac8b79063e10db0,90.3,91.18,0.009745293466223806,0.28084201086629845,-0.23555555555555555,0,0
43,33,76,4,5,363,0,0,0,0,0,super-csv,java,0dec1e06d512f923708b9abebac8b79063e10db0,b20ffc15af39152e962f6ba9e846e7f451678526,91.18,89.24,-0.02127659574468098,0.11024714671331932,0.3466666666666667,0,0
15,4,19,2,4,113,0,1,0,0,0,super-csv,java,b20ffc15af39152e962f6ba9e846e7f451678526,63e8b0f8a3ddc15c1f500f198ab5004d76e4d633,89.24,89.18,-0.0006723442402508748,0.8519177555606353,0.044444444444444446,0,0
31,32,63,1,2,106,0,1,0,0,0,super-csv,java,63e8b0f8a3ddc15c1f500f198ab5004d76e4d633,f95e40e7a85274ba7acfc3e33f9138fab71547ca,89.18,90.43,0.01401659564924871,0.03808828420629213,-0.4488888888888889,0,0
19,0,19,5,2,87,0,0,1,0,0,super-csv,java,f95e40e7a85274ba7acfc3e33f9138fab71547ca,467af6f38b14078ec7845ea6e1ec96c3f420cf6a,90.43,88.88,-0.017140329536658314,0.07786504661964877,0.38222222222222224,0,0
7,46,53,11,1,46,0,1,0,0,0,super-csv,java,467af6f38b14078ec7845ea6e1ec96c3f420cf6a,41f97ef748b702688904ad9131e92b6fdc865b62,88.88,90.15,0.014288928892889404,0.3295843113676419,-0.21333333333333335,0,0
45,6,51,10,13,653,0,1,1,0,0,super-csv,java,41f97ef748b702688904ad9131e92b6fdc865b62,9e17e9c353a6b51f386fdfdcb116883089f544a7,90.15,89.78,-0.004104270660011143,0.7400217511938185,0.07555555555555556,0,0
1,0,1,1,1,36,0,1,0,0,0,super-csv,java,9e17e9c353a6b51f386fdfdcb116883089f544a7,15c519ec0cabbe73647748d869ada7605a45b25f,89.78,90.6,0.009133437291156083,0.3724053049155098,-0.19555555555555557,0,0
43,78,121,13,1,54,0,1,0,0,0,super-csv,java,15c519ec0cabbe73647748d869ada7605a45b25f,fc84db82d714150f1f6ee3d28e384ef1a81850cc,90.6,89.77,-0.009161147902869739,0.08894688604381429,0.3688888888888889,0,0
78,43,121,13,17,848,0,1,1,0,0,super-csv,java,fc84db82d714150f1f6ee3d28e384ef1a81850cc,03dc75147e32186484968725f36615f21ed22f8c,89.77,91.22,0.016152389439679213,0.0036867798789082876,-0.6266666666666667,0,0
47,86,133,14,1,22,0,0,0,0,0,super-csv,java,03dc75147e32186484968725f36615f21ed22f8c,3a91d78ae010415a7267ad3d1da759c5da88c227,91.22,89.42,-0.019732514799386067,0.0012136642883762816,0.6977777777777778,0,0
80,41,121,13,20,993,0,1,1,0,0,super-csv,java,3a91d78ae010415a7267ad3d1da759c5da88c227,b2279f301f85d7cf0728115c7b2cbf630cb47489,89.42,90.1,0.007604562737642503,0.4806822967560067,-0.15555555555555556,0,0
4,0,4,1,2,100,0,1,0,0,0,super-csv,java,b2279f301f85d7cf0728115c7b2cbf630cb47489,47ddb7a2352dda38d9ad45eaee2b0829b42a9f01,90.1,90.42,0.003551609322974555,0.22105065342981212,-0.26666666666666666,0,0
177,92,269,21,2,54,0,1,0,0,0,super-csv,java,47ddb7a2352dda38d9ad45eaee2b0829b42a9f01,7383f5938122d970852301baad9f38ed3c257168,90.42,90.6,0.0019907100199070184,0.9669147771731937,0.013333333333333334,0,0
141,206,347,22,24,1166,0,1,1,0,0,super-csv,java,7383f5938122d970852301baad9f38ed3c257168,99c54e5a9b5adcbf89f90de0ee36ed4837645985,90.6,89.12,-0.016335540838851983,0.2807884962973256,0.23555555555555555,0,0
16,2,18,2,1,54,0,0,0,0,0,super-csv,java,99c54e5a9b5adcbf89f90de0ee36ed4837645985,dd8aa21086ab813e8926c96bc76a5ef132a814cd,89.12,89.46,0.0038150807899460185,0.8356870092411566,-0.04888888888888889,0,0
0,0,0,0,1,46,0,0,0,0,0,super-csv,java,dd8aa21086ab813e8926c96bc76a5ef132a814cd,f5c1359f042ad2f5502791fbaa3d819b6e8c8b95,89.46,91.71,0.025150905432595575,0.05639236422683157,-0.41333333333333333,0,0
555,67,622,7,1,39,0,1,0,0,0,super-csv,java,f5c1359f042ad2f5502791fbaa3d819b6e8c8b95,ec1c8cf2f471590cb2524b9a27d8a525f2343ed3,91.71,90.47,-0.013520881038054683,0.3094743057014513,0.2222222222222222,0,0
63,623,686,20,2,164,0,1,1,0,0,super-csv,java,ec1c8cf2f471590cb2524b9a27d8a525f2343ed3,64002794c278b80f25aca34472d28936eaec869d,90.47,90.76,0.003205482480380306,0.8357050269952793,-0.04888888888888889,0,0
175,97,272,18,27,1281,0,1,1,0,0,super-csv,java,64002794c278b80f25aca34472d28936eaec869d,2228d63e2024974eca6474014493d6646e5603ae,90.76,89.66,-0.01211987659762019,0.4067868333984651,0.18222222222222223,0,0
1,1,2,1,1,15,0,0,0,0,0,super-csv,java,2228d63e2024974eca6474014493d6646e5603ae,703cb2774a7fdcfde8e2aba0d24d6ed410e83ae4,89.66,90.03,0.004126700869953207,0.9338864180775845,0.022222222222222223,0,0
221,168,389,23,3,61,0,1,0,0,0,super-csv,java,703cb2774a7fdcfde8e2aba0d24d6ed410e83ae4,c9c0cd168ce51350344b085a25edd0662aa3a851,90.03,89.22,-0.008997000999666802,0.6186695570822622,0.1111111111111111,0,0
168,221,389,23,29,1342,0,1,1,0,0,super-csv,java,c9c0cd168ce51350344b085a25edd0662aa3a851,7442d7900a863c98eac603478f928315b085e557,89.22,90.67,0.016251961443622537,0.2997583700887151,-0.22666666666666666,0,0
12,7,19,2,3,207,0,1,1,0,0,super-csv,java,7442d7900a863c98eac603478f928315b085e557,22a82cecd2a029a99a42812f6a7eebd01c7dee56,90.67,90.1,-0.0062865335833242235,0.7400217511938185,0.07555555555555556,0,0
25,24,49,13,3,85,0,0,0,0,0,super-csv,java,22a82cecd2a029a99a42812f6a7eebd01c7dee56,5c849d0a0bdd38063a3d127510b10dfe448bf009,90.1,89.77,-0.0036625971143174063,0.7243862381207838,0.08,0,0
548,26,574,16,2,85,0,1,0,0,0,super-csv,java,5c849d0a0bdd38063a3d127510b10dfe448bf009,c8b532030560ed7075b34cccdff3edee83dbd982,89.77,90.42,0.007240726300545903,0.575468379776696,-0.12444444444444444,0,0
29,551,580,18,2,16,0,0,0,0,0,super-csv,java,c8b532030560ed7075b34cccdff3edee83dbd982,42a10c502382ddd7160b90804a8a90e09981dce9,90.42,88.72,-0.018801150188011533,0.3296381262105611,0.21333333333333335,0,0
687,29,716,24,6,183,0,1,0,0,0,super-csv,java,42a10c502382ddd7160b90804a8a90e09981dce9,21ee9810bef522669f11f9aa45551b74c35d6411,88.72,91.09,0.026713255184851268,0.43064798984807773,-0.17333333333333334,0,0
22,680,702,23,3,45,0,0,0,0,0,super-csv,java,21ee9810bef522669f11f9aa45551b74c35d6411,b444f8346e6393382467e66de5f609fb4fdce3e8,91.09,90.12,-0.010648808870347994,0.2209478796537533,0.26666666666666666,0,0
867,22,889,25,7,190,0,1,0,0,0,super-csv,java,b444f8346e6393382467e66de5f609fb4fdce3e8,93580b443cac46b0c3120a1639d386e13c2a147f,90.12,90.64,0.005770084332001731,0.14076100681223516,-0.32,0,0
20,343,363,21,4,91,0,0,0,0,0,super-csv,java,93580b443cac46b0c3120a1639d386e13c2a147f,4be9e2e4e2b35157299ff719e6be7c10f8a996e3,90.64,89.72,-0.010150044130626673,0.4553018964198552,0.16444444444444445,0,0
323,0,323,9,6,151,0,1,0,0,0,super-csv,java,4be9e2e4e2b35157299ff719e6be7c10f8a996e3,f32f4a41b657435122a5ed5ebb5d3d7aa19715b4,89.72,89.92,0.0022291573785109546,0.8681969330621228,-0.04,0,0
1053,3,1056,16,12,511,0,0,0,0,0,fiber,go,2768ea2a7743a3cda5ecad65e030335b04d611ea,b96cbff310a2ba61f1b53dbca47cd42b228ed61a,265.405,265.45,0.00016955219381705665,0.7006144003659242,-0.058888888888888886,0,0
0,1007,1007,14,1,15,0,0,0,0,0,fiber,go,b96cbff310a2ba61f1b53dbca47cd42b228ed61a,a63f4f067b67513497049cbb22eb2bca9f24ecc5,265.45,265.41499999999996,-0.00013185157280099836,0.935162303375098,0.013333333333333334,0,0
3,3,6,1,1,15,0,0,0,0,0,fiber,go,a63f4f067b67513497049cbb22eb2bca9f24ecc5,fcb7f507f400bc7618cc29b2fd3adae50125d5cf,265.41499999999996,265.31,-0.00039560687979187825,0.4375267118877497,0.11777777777777777,0,0
0,0,0,0,1,42,0,0,0,0,0,fiber,go,fcb7f507f400bc7618cc29b2fd3adae50125d5cf,ea5b11e0af3ae8a964fc79b2f10b174d111528f4,265.31,265.27,-0.00015076702725121732,0.8707645250119629,-0.025555555555555557,0,0
2,2,4,1,1,11,0,1,1,0,0,fiber,go,ea5b11e0af3ae8a964fc79b2f10b174d111528f4,58e5ddab3a26ab83997ef374c9e4f7fe18469b52,265.27,265.47,0.0007539488068761846,0.2456431859444883,-0.17555555555555555,0,0
0,0,0,0,2,84,0,0,0,0,0,fiber,go,58e5ddab3a26ab83997ef374c9e4f7fe18469b52,6fce1a86f98484fd456d5ce592a428f8116601f8,265.47,265.45,-7.533807963249576e-05,0.8533555497312835,-0.028888888888888888,0,0
46,88,134,15,3,73,0,1,0,0,0,fiber,go,6fce1a86f98484fd456d5ce592a428f8116601f8,67a4cb1c86540d88e41dad28fd21d2cd772620aa,265.45,265.35,-0.0003767187794310262,0.19572243296225578,0.19555555555555557,0,0
5,0,5,1,1,17,0,1,1,0,0,fiber,go,67a4cb1c86540d88e41dad28fd21d2cd772620aa,1a3bd53e1c798a67b5cb88852dad10bc20ceb24a,265.35,265.36,3.7686074995254965e-05,0.9705115465757698,0.006666666666666667,0,0
0,0,0,0,2,84,0,0,0,0,0,fiber,go,1a3bd53e1c798a67b5cb88852dad10bc20ceb24a,f3434e503771785088b15a91946661fc00e2da49,265.36,265.415,0.00020726560144711644,0.8475435400939019,-0.03,0,0
124,124,248,16,2,58,0,0,0,0,0,fiber,go,f3434e503771785088b15a91946661fc00e2da49,1e171879d6e955267c4499bf779425f6f5b656bf,265.415,265.395,-7.535369138910254e-05,0.34014754188128604,-0.14444444444444443,0,0
3,0,3,1,1,21,0,0,0,0,0,fiber,go,1e171879d6e955267c4499bf779425f6f5b656bf,58d657cb0a7189fa4369f6c04de49c82e341581c,265.395,265.36,-0.00013187889749229702,0.17136672974547962,0.20666666666666667,0,0
0,0,0,0,1,84,0,1,0,0,0,fiber,go,58d657cb0a7189fa4369f6c04de49c82e341581c,2e2bb2497238b594b4bdae8e6e245cc7ae739efa,265.36,265.45,0.0003391618932769633,0.37092412106739236,-0.13555555555555557,0,0
105,91,196,15,2,84,1,0,0,0,0,fiber,go,2e2bb2497238b594b4bdae8e6e245cc7ae739efa,e65640a208e2ceafcbce0a080b2e9a6b8e024343,265.45,265.38,-0.0002637031456017826,0.5105098094440512,0.1,0,0
41,19,60,3,1,37,0,0,1,0,0,fiber,go,e65640a208e2ceafcbce0a080b2e9a6b8e024343,27cd8ad9c5b48a5ef0eb13a3ac6cb9911c89b422,265.38,228.385,-0.13940387369055696,3.008520215091029e-11,1.0,0,0
63,41,104,4,1,29,0,0,1,0,0,fiber,go,27cd8ad9c5b48a5ef0eb13a3ac6cb9911c89b422,3f64a4f78125c43263ff062c6e466abc1800c68e,228.385,265.355,0.16187577993300797,2.999100614022856e-11,-1.0,0,0
88,45,133,3,1,27,0,0,1,0,0,fiber,go,3f64a4f78125c43263ff062c6e466abc1800c68e,d2727f1fe8516038eec5f49ca0f82272a894afcb,265.355,265.365,3.7685364888511254e-05,0.40332839927732445,0.12666666666666668,0,0
42,107,149,5,2,88,0,0,1,0,0,fiber,go,d2727f1fe8516038eec5f49ca0f82272a894afcb,247485ae84c3b7595d432caa3f7a68e28c98199b,265.365,228.42000000000002,-0.13922333389859248,2.9878326118129625e-11,1.0,0,0
44,0,44,1,2,87,0,0,1,0,0,fiber,go,247485ae84c3b7595d432caa3f7a68e28c98199b,1442653ee29ae89aa339b1d9b63b749b322c2d3d,228.42000000000002,228.36,-0.0002626740215392797,0.5944321807827997,-0.0811111111111111,0,0
88,1,89,2,2,84,0,0,1,0,0,fiber,go,1442653ee29ae89aa339b1d9b63b749b322c2d3d,c5626bc0d5f4efa10587a508c5d5c4db30cc27b2,228.36,228.48000000000002,0.0005254860746190425,0.7006144003659242,-0.058888888888888886,0,0
350,460,810,27,1,33,0,0,0,0,0,fiber,go,c5626bc0d5f4efa10587a508c5d5c4db30cc27b2,5f0651fd4059337a9ce6abbdabbb151bd2b3f915,228.48000000000002,265.435,0.16174282212885147,3.006634138511715e-11,-1.0,0,0
1,1,2,1,1,33,0,0,0,0,0,fiber,go,5f0651fd4059337a9ce6abbdabbb151bd2b3f915,5073458cd0f00fd838b7ca2afd3bdac565ecffcb,265.435,265.275,-0.000602784109104018,0.13923442191740118,0.22333333333333333,0,0
1,0,1,1,1,33,0,0,0,0,0,fiber,go,5073458cd0f00fd838b7ca2afd3bdac565ecffcb,032f202f984fffcde34dd7ede2c16469d841637c,265.275,265.295,7.53934596175239e-05,0.9764063198324873,-0.005555555555555556,0,0
458,325,783,26,20,758,1,1,1,0,0,fiber,go,032f202f984fffcde34dd7ede2c16469d841637c,4995d4992168adc6ad011dc441df9131a7dee008,265.295,228.31,-0.13941084453155925,2.993461776053235e-11,1.0,0,0
1,1,2,1,1,33,0,0,0,0,0,fiber,go,4995d4992168adc6ad011dc441df9131a7dee008,3028b8d5d850b5a83aafd2ee4f529d57ff6c07df,228.31,228.45,0.0006132013490429081,0.06782300041887264,-0.27555555555555555,0,0
0,0,0,0,1,59,0,0,0,0,0,fiber,go,3028b8d5d850b5a83aafd2ee4f529d57ff6c07df,1cfca9bac6ba6fb237fb73dc52f62ad3e76fb279,228.45,228.49,0.00017509301816599022,0.5058059742636415,-0.10111111111111111,0,0
136,322,458,25,1,14,0,1,0,0,0,fiber,go,1cfca9bac6ba6fb237fb73dc52f62ad3e76fb279,d908716132044ffeaae74bb1c921ead768df2aa7,228.49,265.41499999999996,0.16160444658409537,3.0104073709630884e-11,-1.0,0,0
307,113,420,24,20,874,1,1,1,0,0,fiber,go,d908716132044ffeaae74bb1c921ead768df2aa7,f5c7092c175e1dde4614d918f0b8b8184bd15f4e,265.41499999999996,228.51,-0.13904639903547267,3.004749140670014e-11,1.0,0,0
124,314,438,25,1,30,0,1,0,0,0,fiber,go,f5c7092c175e1dde4614d918f0b8b8184bd15f4e,9fa54e4d69cf1c1d1dc332343ca323ec58b31f4e,228.51,265.375,0.1613277318279288,3.0104073709630884e-11,-1.0,0,0
13,6,19,1,1,27,0,0,1,0,0,fiber,go,9fa54e4d69cf1c1d1dc332343ca323ec58b31f4e,9bc4f6298d3cc5f5699bc792f49e90b7a840997d,265.375,265.225,-0.0005652378709372671,0.22529856870150478,0.18333333333333332,0,0
7,8,15,1,1,21,0,0,0,0,0,fiber,go,9bc4f6298d3cc5f5699bc792f49e90b7a840997d,2bf748c91abb9af7d90e009c127d46eba2249f17,265.225,270.87,0.021283815628240103,0.00033653304326096726,-0.54,0,0
0,1,1,1,1,17,0,0,0,0,0,fiber,go,2bf748c91abb9af7d90e009c127d46eba2249f17,a06d072e43ef919de87a965fd9c0373cafc26a85,270.87,271.615,0.002750396869346936,0.27066539514126664,-0.16666666666666666,0,0
307,113,420,24,21,916,1,1,1,0,0,fiber,go,a06d072e43ef919de87a965fd9c0373cafc26a85,9eba12c334bda8c3d15908dcb79eda876db22fd2,271.615,234.255,-0.13754763175818718,3.016075319890922e-11,1.0,0,0
114,308,422,24,1,14,0,0,0,0,1,fiber,go,9eba12c334bda8c3d15908dcb79eda876db22fd2,00b93b086e72a8295a7bf2cd6c0d64f0deb89816,234.255,271.78,0.1601886832725021,3.0179667984904466e-11,-1.0,0,0
307,113,420,24,22,958,1,1,1,0,0,fiber,go,00b93b086e72a8295a7bf2cd6c0d64f0deb89816,221fa325db4dcce98964f9a9479fd1d053277412,271.78,231.29500000000002,-0.14896239605563308,3.016075319890922e-11,1.0,0,0
1,1,2,1,1,35,0,0,0,0,0,fiber,go,221fa325db4dcce98964f9a9479fd1d053277412,efdff1d7481bfac574d55536f671915cb34103eb,231.29500000000002,233.505,0.009554897425365786,0.8129950876766485,-0.03666666666666667,0,0
167,12,179,14,1,24,0,0,1,0,0,fiber,go,efdff1d7481bfac574d55536f671915cb34103eb,e13411e184fb8b0567b0c8df177c42ee8d1cb314,233.505,234.08499999999998,0.002483886854671138,0.09772309657118694,-0.25,0,0
54,9,63,2,1,33,0,0,1,0,0,fiber,go,e13411e184fb8b0567b0c8df177c42ee8d1cb314,3ab65a3dbf4cf016638e50661299234b3206bf1c,234.08499999999998,234.14,0.0002349573872738827,0.9528345749999886,0.01,0,0
17,7,24,2,1,29,0,0,1,0,0,fiber,go,3ab65a3dbf4cf016638e50661299234b3206bf1c,4f808a0aa42c2a306e35b2c3815fac2d0afae982,234.14,233.8,-0.0014521226616553131,0.09474233267813773,0.25222222222222224,0,0
102,1,103,2,1,29,0,0,1,0,0,fiber,go,4f808a0aa42c2a306e35b2c3815fac2d0afae982,3cedf2dc3ed99612a80eb1490956cc14dcbc7d3f,233.8,233.945,0.0006201881950384167,0.6897323515284802,-0.06111111111111111,0,0
29,340,369,17,1,21,0,1,0,0,0,fiber,go,3cedf2dc3ed99612a80eb1490956cc14dcbc7d3f,f62391ef718ea792afebe8c12bbb1366afa9638d,233.945,234.09500000000003,0.0006411763448675292,0.9941013476686171,0.0022222222222222222,0,0
96,36,132,3,1,29,1,0,0,0,0,fiber,go,f62391ef718ea792afebe8c12bbb1366afa9638d,0088a6900aa92c9cff362c2ef51e99a49cfb90a1,234.09500000000003,233.985,-0.0004698947008693634,0.8824413605555141,0.023333333333333334,0,0
373,124,497,18,5,144,0,0,1,0,0,fiber,go,0088a6900aa92c9cff362c2ef51e99a49cfb90a1,0ad36c752602a4eb87845f3d201365250948b694,233.985,233.805,-0.0007692800820565712,0.9705127753417672,-0.006666666666666667,0,0
1,1,2,1,1,48,0,0,0,0,0,fiber,go,0ad36c752602a4eb87845f3d201365250948b694,d9d01188812947c1e51f8c99f3ef681f4a41fc6c,233.805,233.97,0.0007057163020465433,0.6680586816701353,-0.06555555555555556,0,0
3,0,3,1,1,28,0,0,0,0,0,fiber,go,d9d01188812947c1e51f8c99f3ef681f4a41fc6c,db10fd233e855208b8235a38b10617b60288243d,233.97,233.94,-0.00012822156686755198,0.7449520967065814,0.05,0,0
11,0,11,1,1,34,0,0,1,0,0,fiber,go,db10fd233e855208b8235a38b10617b60288243d,fc38f5d3807e858f6b0eadea6c234b14e7294150,233.94,233.71,-0.00098315807471997,0.37499717644417463,0.13444444444444445,0,0
32,16,48,1,1,41,0,0,1,0,0,fiber,go,fc38f5d3807e858f6b0eadea6c234b14e7294150,531d06094f95a7035734c557d94bc69120619e57,233.71,233.72,4.2788070685853856e-05,0.12233734975819908,-0.23333333333333334,0,0
0,0,0,0,1,51,0,0,1,0,0,fiber,go,531d06094f95a7035734c557d94bc69120619e57,e35b8eb3ec0dd1a441a257b4ae12bdbe54c37504,233.72,233.85,0.0005562211192880175,0.8187332804587691,0.035555555555555556,0,0
162,695,857,39,1,24,0,0,0,0,0,fiber,go,e35b8eb3ec0dd1a441a257b4ae12bdbe54c37504,bdd1bdbfa520a32093aa22c34dc17d2d86030075,233.85,272.07500000000005,0.16345948257429999,3.0122956066832855e-11,-1.0,0,0
673,141,814,38,35,1423,1,1,1,0,0,fiber,go,bdd1bdbfa520a32093aa22c34dc17d2d86030075,4f8a15a56fb4b7f6cec91c96c64c5c9c200b013d,272.07500000000005,233.76999999999998,-0.14078838555545367,3.008520215091029e-11,1.0,0,0
0,0,0,0,1,42,0,0,0,0,0,fiber,go,4f8a15a56fb4b7f6cec91c96c64c5c9c200b013d,0f4db47658c399c9d6631a3418f62a8c1a51c23d,233.76999999999998,234.07999999999998,0.0013260897463318745,0.4597227589974261,-0.11222222222222222,0,0
96,3,99,2,3,138,1,1,0,0,0,fiber,go,0f4db47658c399c9d6631a3418f62a8c1a51c23d,643a88fd850cbb947dec122234dd345fa6e314bb,234.07999999999998,234.135,0.00023496240601506675,0.21424467530331948,-0.18777777777777777,0,0
0,0,0,0,2,97,0,1,0,0,0,fiber,go,643a88fd850cbb947dec122234dd345fa6e314bb,e6b5df6c1aca5be3dc4077d78e2cce80f4afc94d,234.135,234.04000000000002,-0.00040574882012501525,0.19069335903641704,0.19777777777777777,0,0
10,102,112,3,1,27,0,1,0,0,0,fiber,go,e6b5df6c1aca5be3dc4077d78e2cce80f4afc94d,c8bb389ba69b2fef4161a1ec2aabfe9759714003,234.04000000000002,234.09500000000003,0.00023500256366436,0.7730862130659907,-0.044444444444444446,0,0
1,1,2,1,1,39,0,0,0,0,0,fiber,go,c8bb389ba69b2fef4161a1ec2aabfe9759714003,c993d8db2e9c1aecff93a68bf66202f20732a714,234.09500000000003,233.95999999999998,-0.0005766889510670785,0.7449520967065814,-0.05,0,0
96,3,99,2,6,282,1,1,0,0,0,fiber,go,c993d8db2e9c1aecff93a68bf66202f20732a714,2985b3b0042fc7af7cdff1a87e01137a3a0e435d,233.95999999999998,233.97,4.274234911959022e-05,0.8475728377589313,-0.03,0,0
0,49,49,1,1,22,0,0,0,0,0,fiber,go,2985b3b0042fc7af7cdff1a87e01137a3a0e435d,5421781b4d1dd2825149d45607ef4f65632b338b,233.97,233.815,-0.0006624780954823317,0.2972448419799476,0.15777777777777777,0,0
0,0,0,0,1,42,0,0,0,0,0,fiber,go,5421781b4d1dd2825149d45607ef4f65632b338b,83c4b695632d44a1113c9f2b95d500b538bae393,233.815,234.09500000000003,0.0011975279601395528,0.23394342981075722,-0.18,0,0
15,15,30,15,3,97,0,0,0,0,0,fiber,go,83c4b695632d44a1113c9f2b95d500b538bae393,6af635414c5cecbce353e5056f66c3b040dd9c09,234.09500000000003,233.89499999999998,-0.0008543540015807491,0.4779013573814327,0.10777777777777778,0,0
94,8,102,3,1,18,0,0,0,0,0,fiber,go,6af635414c5cecbce353e5056f66c3b040dd9c09,ebe107d54f2640b5a851d8067fc9690fdfef10cf,233.89499999999998,234.13,0.0010047243421193854,0.5394765076032924,-0.09333333333333334,0,0
23,0,23,1,1,20,0,0,0,0,0,fiber,go,ebe107d54f2640b5a851d8067fc9690fdfef10cf,d0c541ee2b046e8a6162ce5ed7d69cae46f63da1,234.13,234.265,0.0005766027420663345,0.1007495066579204,-0.2477777777777778,0,0
0,0,0,0,1,42,0,0,0,0,0,fiber,go,d0c541ee2b046e8a6162ce5ed7d69cae46f63da1,afc90518434baf1cb5bf9672c76d43177b8cd066,234.265,234.215,-0.0002134335047915094,0.2579655077551063,0.1711111111111111,0,0
2,1,3,1,1,68,0,0,0,0,0,fiber,go,afc90518434baf1cb5bf9672c76d43177b8cd066,abb701ac8730fe2e89d58c94103a92fb0764c6af,234.215,234.23,6.404372051314543e-05,0.7844364010069419,-0.042222222222222223,0,0
0,0,0,0,1,47,0,0,0,0,0,fiber,go,abb701ac8730fe2e89d58c94103a92fb0764c6af,5579e5709cbdc68d105209090c1494e4e5bcc952,234.23,233.925,-0.001302138923280444,0.11191213271937231,0.24,0,0
1,1,2,1,2,61,0,0,0,0,0,fiber,go,5579e5709cbdc68d105209090c1494e4e5bcc952,c5dd414d59453d52afb6202f2f16b00e06fc6c7b,233.925,234.10000000000002,0.0007481030244737046,0.14118907395711272,-0.2222222222222222,0,0
4,5,9,2,1,21,0,0,0,0,0,fiber,go,c5dd414d59453d52afb6202f2f16b00e06fc6c7b,b31f6b2ba4eb33c677b1e25c759ee2902111f90e,234.10000000000002,234.10000000000002,0.0,0.9528339202744635,-0.01,0,0
2,1,3,1,5,241,0,0,0,0,0,fiber,go,b31f6b2ba4eb33c677b1e25c759ee2902111f90e,64f4d8776693e9d0d76a44f6b428fcb5d697085c,234.10000000000002,234.165,0.0002776591200340423,0.8072513232747691,0.03777777777777778,0,0
30,3,33,2,1,18,0,0,0,0,0,fiber,go,64f4d8776693e9d0d76a44f6b428fcb5d697085c,bacec638edc675b4b77f03de820607d0d2603e84,234.165,234.17000000000002,2.1352465142202612e-05,0.5894149661996944,0.08222222222222222,0,0
193,9,202,6,1,15,0,0,0,0,0,fiber,go,bacec638edc675b4b77f03de820607d0d2603e84,b4f978515d6401f4c5046f3ed44b01968c12362a,234.17000000000002,234.015,-0.0006619122859462337,0.9646169096693282,0.0077777777777777776,0,0
2,1,3,1,6,283,0,0,0,0,0,fiber,go,b4f978515d6401f4c5046f3ed44b01968c12362a,748597b0a814040b8de179747ce310a6a8b1910c,234.015,234.175,0.0006837168557572165,0.5945090407450406,-0.0811111111111111,0,0
76,249,325,9,1,28,0,0,1,0,0,fiber,go,748597b0a814040b8de179747ce310a6a8b1910c,30783dd25d0cd413a611f68aa6a09effd6d2da11,234.175,234.09,-0.0003629764065336093,0.3402079480730912,0.14444444444444443,0,0
69,0,69,1,1,24,0,0,1,0,0,fiber,go,30783dd25d0cd413a611f68aa6a09effd6d2da11,b007a87e4ab254ea27f38a209c63d88ef465b0a9,234.09,234.165,0.0003203895937459466,0.4916686019032528,-0.10444444444444445,0,0
15,45,60,10,1,38,0,0,0,0,0,fiber,go,b007a87e4ab254ea27f38a209c63d88ef465b0a9,616ff8f5326c816db4dd3a1b005dcf3192f48f14,234.165,234.27,0.00044840176798419145,0.2803769095510058,-0.16333333333333333,0,0
222,10,232,7,4,126,0,0,1,0,0,fiber,go,616ff8f5326c816db4dd3a1b005dcf3192f48f14,e79f30cf7e18fb294ea8e14b0e6b53653bad48d6,234.27,234.04000000000002,-0.0009817731677124247,0.16227580158465782,0.2111111111111111,0,0
186,476,662,34,1,18,0,0,0,0,0,fiber,go,e79f30cf7e18fb294ea8e14b0e6b53653bad48d6,8f5ac6a0563d6989eaadc5d707f5367c2343fc7c,234.04000000000002,234.24,0.0008545547769611546,0.45525932534701485,-0.11333333333333333,0,0
384,118,502,25,3,57,0,0,0,0,0,fiber,go,8f5ac6a0563d6989eaadc5d707f5367c2343fc7c,4163d4473afa367fe7f0bb4264e757de3b03e8f9,234.24,234.215,-0.000106728142076527,0.8475770217610727,0.03,0,0
258,234,492,30,12,495,0,0,1,0,0,fiber,go,4163d4473afa367fe7f0bb4264e757de3b03e8f9,597e0bfa7a71fd383d028c995b4537349c206699,234.215,233.95,-0.0011314390623999948,0.22248934804234288,0.18444444444444444,0,0
57,2,59,2,2,66,0,0,0,0,0,fiber,go,597e0bfa7a71fd383d028c995b4537349c206699,57876114b4f34725d893d031821c7d27f0d7dbad,233.95,234.265,0.0013464415473391654,0.021064908019098667,-0.3477777777777778,0,0
178,262,440,29,1,32,0,0,0,0,0,fiber,go,57876114b4f34725d893d031821c7d27f0d7dbad,c4d3cb51043fca70f25ab6c93c8cbe1f6e64406e,234.265,234.035,-0.0009817941220412343,0.14732787872708408,0.21888888888888888,0,0
206,910,1116,49,1,31,0,0,0,0,0,fiber,go,c4d3cb51043fca70f25ab6c93c8cbe1f6e64406e,c822a17c7287ce8c6bec38f4347a1e8bb2da59d1,234.035,234.34,0.0013032238767705976,0.12592810752749664,-0.2311111111111111,0,0
1145,357,1502,51,48,1710,1,1,1,0,0,fiber,go,c822a17c7287ce8c6bec38f4347a1e8bb2da59d1,0f85d566a03a69ede1083a3ec6057f540f2e9ad2,234.34,234.225,-0.0004907399504993134,0.2339044358318314,0.18,0,0
3,8,11,2,2,79,0,0,0,0,0,fiber,go,0f85d566a03a69ede1083a3ec6057f540f2e9ad2,fedd1d5382538928e3e8cbdcb445e8f6ed28d3d7,234.225,234.09,-0.0005763688760806529,0.684293537927918,0.06222222222222222,0,0
68,13,81,4,2,94,0,0,0,0,0,fiber,go,fedd1d5382538928e3e8cbdcb445e8f6ed28d3d7,cb7f08461550a81c2afc514d6bdc871838c6f2e7,234.09,234.245,0.0006621384937417281,0.1353343559460963,-0.22555555555555556,0,0
2,2,4,1,2,87,0,1,0,0,0,fiber,go,cb7f08461550a81c2afc514d6bdc871838c6f2e7,c6c56de296774a7a08c3cd9c5f5f5ddedd65a309,234.245,234.19,-0.00023479690068094013,0.4551966724110744,0.11333333333333333,0,0
0,0,0,0,3,126,0,0,0,0,0,fiber,go,c6c56de296774a7a08c3cd9c5f5f5ddedd65a309,95d5f4ab96b9ab5a4d9922787087024638f6d5ed,234.19,234.115,-0.0003202527861991914,0.8015333392917317,0.03888888888888889,0,0
1,1,2,1,1,9,0,0,0,0,0,fiber,go,95d5f4ab96b9ab5a4d9922787087024638f6d5ed,872a78042be1c639314b52dd8321875c6f23cd3f,234.115,234.04000000000002,-0.0003203553809024993,0.6466696784189014,0.07,0,0
0,0,0,0,1,42,0,0,0,0,0,fiber,go,872a78042be1c639314b52dd8321875c6f23cd3f,61846c492cfc6ef6d12e1d210ca6229091d16b71,234.04000000000002,234.11,0.00029909417193639196,0.8707894509344962,-0.025555555555555557,0,0
95,2,97,2,1,35,0,0,0,0,0,fiber,go,61846c492cfc6ef6d12e1d210ca6229091d16b71,3fbc1470c646c1782b496dd55646cc3c024ce940,234.11,234.175,0.0002776472598351105,0.646660526114798,-0.07,0,0
0,0,0,0,2,84,0,0,0,0,0,fiber,go,3fbc1470c646c1782b496dd55646cc3c024ce940,9a4807b719453b68a366d2051ae355e83f220465,234.175,234.35,0.0007473043663925822,0.23684801009314616,-0.17888888888888888,0,0
13,1,14,2,1,48,0,0,0,0,0,fiber,go,9a4807b719453b68a366d2051ae355e83f220465,2b72fd21621aab982f1e70dc905e31c246478610,234.35,234.26,-0.0003840409643695473,0.3254459167813175,0.14888888888888888,0,0
2,16,18,2,3,122,0,0,0,0,0,fiber,go,2b72fd21621aab982f1e70dc905e31c246478610,dba73ea45e38e6361fd599e0191aa1bf1c387fea,234.26,234.2,-0.0002561256723298996,0.9410666280685329,-0.012222222222222223,0,0
0,0,0,0,1,48,0,0,0,0,0,fiber,go,dba73ea45e38e6361fd599e0191aa1bf1c387fea,17959c03822261717e3ef8d1c3e357726aff0054,234.2,234.155,-0.00019214346712206445,0.9823053324856146,0.0044444444444444444,0,0
13,1,14,2,2,95,0,0,0,0,0,fiber,go,17959c03822261717e3ef8d1c3e357726aff0054,ec5d20b1dc1408ef6a9b8b66310fbb2aa547aa3a,234.155,233.94,-0.0009181952125728829,0.3670899804202389,0.13666666666666666,0,0
2,15,17,3,1,38,0,0,0,0,0,fiber,go,ec5d20b1dc1408ef6a9b8b66310fbb2aa547aa3a,f6f2f769c14da92abd720566d711e1bb07e45d8b,233.94,234.24,0.001282380097460936,0.08625907884720233,-0.2588888888888889,0,0
21,3,24,17,3,188,0,1,0,0,0,fiber,go,f6f2f769c14da92abd720566d711e1bb07e45d8b,2f3a56c34cd128e8f0568170380c2e44f7e2f012,234.24,234.17,-0.00029883879781429987,0.49172277959685995,0.10444444444444445,0,0
17,20,37,19,3,119,0,0,0,0,0,fiber,go,2f3a56c34cd128e8f0568170380c2e44f7e2f012,c2554d79695d07765d2a5a0671cfc11564018351,234.17,234.38,0.0008967843874108894,0.311127136220951,-0.15333333333333332,0,0
3,4,7,1,1,22,0,0,0,0,0,fiber,go,c2554d79695d07765d2a5a0671cfc11564018351,b94f238b83a1fc64837e020184c2a00758ffc806,234.38,234.22,-0.0006826521034217791,0.27714914070126073,0.16444444444444445,0,0
24,20,44,19,4,264,0,1,0,0,0,fiber,go,b94f238b83a1fc64837e020184c2a00758ffc806,08e0b90ac6ed122efe59caf1914b894ba3ff114c,234.22,234.26999999999998,0.00021347451114329667,0.7505637789644405,-0.04888888888888889,0,0
18,5,23,3,5,183,0,0,0,0,0,fiber,go,08e0b90ac6ed122efe59caf1914b894ba3ff114c,06abdef01d58c8bce66652f67033abf95dcc5a79,234.26999999999998,234.13,-0.0005976010586075314,0.5894097935344662,0.08222222222222222,0,0
124,19,143,17,1,11,1,0,0,0,0,fiber,go,06abdef01d58c8bce66652f67033abf95dcc5a79,0078bf5b014b444a9dff4637884d1600e97200a4,234.13,233.95499999999998,-0.000747447998974977,0.5153247794322211,0.09888888888888889,0,0
106,10,116,3,1,31,0,0,0,0,0,fiber,go,0078bf5b014b444a9dff4637884d1600e97200a4,9d10f0e5b6434fb4c3ffa13bdbac741321d45d49,233.95499999999998,234.12,0.0007052638327884442,0.2224764924130873,-0.18444444444444444,0,0
17,17,34,3,1,18,0,0,0,0,0,fiber,go,9d10f0e5b6434fb4c3ffa13bdbac741321d45d49,446e7d595e2f53d928a63ff67199c38a65cdb852,234.12,234.37,0.0010678284640355373,0.09921534381933915,-0.24888888888888888,0,0
14,25,39,2,1,17,0,0,0,0,0,fiber,go,446e7d595e2f53d928a63ff67199c38a65cdb852,6f35e841451a9bd7353c72afebc78e319c8213a6,234.37,234.225,-0.0006186798651705006,0.1645386754076209,0.21,0,0
19,2,21,16,6,348,0,1,0,0,0,fiber,go,6f35e841451a9bd7353c72afebc78e319c8213a6,13da37d81d29f60dc0f33d8966e1a16676fead7c,234.225,234.11,-0.0004909808944390251,0.4117678812166857,0.12444444444444444,0,0
2,2,4,1,2,27,0,1,0,0,0,fiber,go,13da37d81d29f60dc0f33d8966e1a16676fead7c,095b720ffb4fdb8c9093ba34ca8d19e33faf6397,234.11,234.36,0.0010678740762889239,0.09328618618517039,-0.25333333333333335,0,0
1,2,3,1,2,96,0,0,0,0,0,fiber,go,095b720ffb4fdb8c9093ba34ca8d19e33faf6397,57bd11a4fd6d13ace828b00e40b3bf95aabd4840,234.36,234.155,-0.0008747226489162506,0.22815896716817607,0.18222222222222223,0,0
12,35,47,20,1,21,1,0,0,0,0,fiber,go,57bd11a4fd6d13ace828b00e40b3bf95aabd4840,2ec4f7d0da76a5d00b931a8eb05be5f68c2bf363,234.155,233.94,-0.0009181952125728829,0.3439711904559266,0.14333333333333334,0,0
4,1,5,2,2,43,1,0,0,0,0,fiber,go,2ec4f7d0da76a5d00b931a8eb05be5f68c2bf363,c3886e6a3618758225bbee8cc57329f5b5eabee6,233.94,234.06,0.0005129520389843744,0.9705111369529668,0.006666666666666667,0,0
22,6,28,18,11,513,0,1,0,0,0,fiber,go,c3886e6a3618758225bbee8cc57329f5b5eabee6,fbf03afa4337c72f40c6b14019a107c6c91c9572,234.06,234.13,0.00029906861488504305,0.6734565808564126,-0.06444444444444444,0,0
38,24,62,21,1,25,0,0,0,0,0,fiber,go,fbf03afa4337c72f40c6b14019a107c6c91c9572,e414c4a83e75f3f79d2fffec2f24203bed1a3ea1,234.13,234.26,0.0005552470849527846,0.17366941199272812,-0.20555555555555555,0,0
0,20,20,2,1,18,0,0,0,0,0,fiber,go,e414c4a83e75f3f79d2fffec2f24203bed1a3ea1,753391b2177319009bd62e8f758617893fc39cef,234.26,234.165,-0.0004055323145223208,0.3254391930468762,0.14888888888888888,0,0
18,19,37,2,1,23,0,1,0,0,0,fiber,go,753391b2177319009bd62e8f758617893fc39cef,3b5997a3df3dd141f03c3fc6a195c543d04193e2,234.165,234.20499999999998,0.00017081972113677126,0.3993042360138126,-0.12777777777777777,0,0
22,6,28,18,12,555,0,1,0,0,0,fiber,go,3b5997a3df3dd141f03c3fc6a195c543d04193e2,60e89a7db339cf78d0be476d144140bd21ab968d,234.20499999999998,234.32999999999998,0.000533720458572618,0.8707965699781058,-0.025555555555555557,0,0
11,0,11,1,2,68,0,0,0,0,0,fiber,go,60e89a7db339cf78d0be476d144140bd21ab968d,0c9d9b8f1242bc8810c8fac1f253b354b3579cce,234.32999999999998,234.325,-2.1337430119896953e-05,0.8707930106033882,0.025555555555555557,0,0
45,48,93,25,1,25,0,0,0,0,0,fiber,go,0c9d9b8f1242bc8810c8fac1f253b354b3579cce,d6f717148ae30e0ecfa1bf6ba4e7fe781951e3eb,234.325,234.12,-0.0008748533020377002,0.20612354170323155,0.19111111111111112,0,0
20,18,38,1,1,11,0,1,0,0,0,fiber,go,d6f717148ae30e0ecfa1bf6ba4e7fe781951e3eb,d9ca77a834f27cd3f467972d8c6c81b4ffed5242,234.12,234.3,0.000768836494105616,0.3146990957451117,-0.15222222222222223,0,0
33,6,39,19,15,665,0,1,0,0,0,fiber,go,d9ca77a834f27cd3f467972d8c6c81b4ffed5242,4eaf65d483b52ef85ad8b3cf807ebf484426b87b,234.3,234.16,-0.000597524541186576,0.16007683402077444,0.21222222222222223,0,0
8,33,41,20,1,28,0,0,0,0,0,fiber,go,4eaf65d483b52ef85ad8b3cf807ebf484426b87b,eaf32fa4daa7a1e68b7534b5ec8f73a6d348185b,234.16,234.09,-0.0002989408951144225,0.7787540297593019,-0.043333333333333335,0,0
33,6,39,19,16,712,0,1,0,0,0,fiber,go,eaf32fa4daa7a1e68b7534b5ec8f73a6d348185b,8dcadaaa15b6909b48c765c8c12936d74b2a656f,234.09,234.345,0.001089324618736364,0.16010006327864124,-0.21222222222222223,0,0
1,1,2,1,2,65,0,0,0,0,0,fiber,go,8dcadaaa15b6909b48c765c8c12936d74b2a656f,fc10cbde9f8c46e2a2cc979256e1d6aadc4f689c,234.345,234.46499999999997,0.00051206554438958,0.3749706307468629,-0.13444444444444445,0,0
68,0,68,3,1,15,0,0,0,0,0,fiber,go,fc10cbde9f8c46e2a2cc979256e1d6aadc4f689c,a24e33be80b80d5fc3a606a7a4e4536000d6d757,234.46499999999997,234.16,-0.001300833813148992,0.03510360699776718,0.31777777777777777,0,0
280,212,492,3,1,23,0,1,0,0,0,fiber,go,a24e33be80b80d5fc3a606a7a4e4536000d6d757,4662dd8219683ecfc1de5f559334522408f3a282,234.16,234.185,0.00010676460539804273,0.6680586816701353,-0.06555555555555556,0,0
0,68,68,3,1,17,0,0,0,0,0,fiber,go,4662dd8219683ecfc1de5f559334522408f3a282,a5df8911418d6b78c00b0da2617fb3c17d51a188,234.185,234.04500000000002,-0.0005978179644297729,0.7061325572695464,0.057777777777777775,0,0
0,0,0,0,2,84,0,0,0,0,0,fiber,go,a5df8911418d6b78c00b0da2617fb3c17d51a188,db942fc85de1a9ba02fb519408efd68c1778f1d5,234.04500000000002,234.07999999999998,0.00014954389113191124,0.9175607551863458,0.016666666666666666,0,0
69,0,69,2,1,21,0,0,0,0,0,fiber,go,db942fc85de1a9ba02fb519408efd68c1778f1d5,aff269775666ee985932110afdd94cfdb2fb1496,234.07999999999998,234.275,0.0008330485304170438,0.3182571601476125,-0.1511111111111111,0,0
20691,6556,27247,150,1,18,0,0,0,0,0,fiber,go,aff269775666ee985932110afdd94cfdb2fb1496,0e21234f5ef9184eb5cb5216f03b318fd974a335,234.275,234.13,-0.0006189307437840582,0.45525932534701485,0.11333333333333333,0,0
5,0,5,1,1,23,0,0,0,0,0,fiber,go,0e21234f5ef9184eb5cb5216f03b318fd974a335,d53cb8bfd630e40dcfc9338ccf7ceebb7099f10e,234.13,234.14499999999998,6.406697134064989e-05,0.7901214261556253,-0.04111111111111111,0,0
24,111,135,2,1,14,0,0,1,0,0,fiber,go,d53cb8bfd630e40dcfc9338ccf7ceebb7099f10e,6cac2faa9ab76dd78c2600ca5207610f663adbc8,234.14499999999998,234.305,0.0006833372482864252,0.1600361796296479,-0.21222222222222223,0,0
48,86,134,17,1,17,0,0,0,0,0,fiber,go,6cac2faa9ab76dd78c2600ca5207610f663adbc8,052966e5dc0002774aa6eb4dfd4338f9677c92d9,234.305,234.055,-0.0010669853396214335,0.11529161642189491,0.23777777777777778,0,0
2,2,4,1,2,22,0,1,0,0,0,fiber,go,052966e5dc0002774aa6eb4dfd4338f9677c92d9,8d1b084e9424e51c08d6c790ae6a871fb8295ae2,234.055,234.28,0.0009613125120163821,0.45078289084270506,-0.11444444444444445,0,0
0,0,0,0,3,126,0,0,0,0,0,fiber,go,8d1b084e9424e51c08d6c790ae6a871fb8295ae2,fd0e68e88d8e836e3ebb4e4ec7926a9c4143138d,234.28,234.115,-0.0007042854703772923,0.8417797578652532,0.03111111111111111,0,0
76,16,92,16,7,228,1,1,0,0,0,fiber,go,fd0e68e88d8e836e3ebb4e4ec7926a9c4143138d,e6fc09bf2c5f6c657cc636d9a5ff0fd6c9706613,234.115,234.33,0.0009183520919206519,0.4332322794723312,-0.11888888888888889,0,0
170,0,170,3,1,24,0,0,0,0,0,fiber,go,e6fc09bf2c5f6c657cc636d9a5ff0fd6c9706613,6e40c151490097526be97644407819e00c8fc118,234.33,234.26999999999998,-0.00025604916143912726,0.9469500545166836,-0.011111111111111112,0,0
3,173,176,5,2,61,0,1,0,0,0,fiber,go,6e40c151490097526be97644407819e00c8fc118,a514716aede3bf8c04dba5c8c1a6eade13c02f52,234.26999999999998,234.2,-0.0002988005293037657,0.35157004939135084,0.1411111111111111,0,0
104,78,182,19,1,10,0,0,0,0,0,fiber,go,a514716aede3bf8c04dba5c8c1a6eade13c02f52,8f0d385afe3cea3dff58e25714a652e9e4d345b4,234.2,234.235,0.00014944491887286513,0.8129746827983071,-0.03666666666666667,0,0
248,104,352,22,14,501,1,1,0,0,0,fiber,go,8f0d385afe3cea3dff58e25714a652e9e4d345b4,955d444c2f6fd33dadcf53ba39f465a7a1d4c271,234.235,234.3,0.0002774990927914177,0.42032821893155314,-0.12222222222222222,0,0
86,170,256,5,2,57,0,0,0,0,0,fiber,go,955d444c2f6fd33dadcf53ba39f465a7a1d4c271,1c0f630d51e16b3eeb381d22c1781c4e7dd533a1,234.3,234.11,-0.0008109261630388293,0.09921064768058242,0.24888888888888888,0,0
170,0,170,3,4,144,0,0,0,0,0,fiber,go,1c0f630d51e16b3eeb381d22c1781c4e7dd533a1,74b171b1f8c1e92eef7392219e307f003195886c,234.11,234.15,0.00017085985220619384,0.689716001838183,-0.06111111111111111,0,0
240,11,251,2,1,34,0,0,0,0,0,fiber,go,74b171b1f8c1e92eef7392219e307f003195886c,62881d84b84302846e7daebe22c3ec8c33987b91,234.15,234.11,-0.0001708306641041727,0.9058338189122781,0.01888888888888889,0,0
5,5,10,1,1,46,0,0,0,0,0,fiber,go,62881d84b84302846e7daebe22c3ec8c33987b91,8b8dcd4e6180546598f9259534e9cc690b72cd49,234.11,234.34500000000003,0.0010038016317116469,0.07597218505764779,-0.2677777777777778,0,0
0,0,0,0,1,49,0,0,0,0,0,fiber,go,8b8dcd4e6180546598f9259534e9cc690b72cd49,5caab1caf6868d98c54cfc9b9bc30d7581dc7891,234.34500000000003,234.14499999999998,-0.0008534425739829971,0.0320273290443568,0.3233333333333333,0,0
453,190,643,4,1,17,0,0,0,0,0,fiber,go,5caab1caf6868d98c54cfc9b9bc30d7581dc7891,a25eca4c89781f9b43fe773a62eec037fd5c004f,234.14499999999998,234.265,0.0005125029362147582,0.18082075076907544,-0.20222222222222222,0,0
0,2,2,1,1,15,0,0,0,0,0,fiber,go,a25eca4c89781f9b43fe773a62eec037fd5c004f,2718b8996fc467331b4b200df82d8fabea08e0a3,234.265,234.39,0.0005335837619789555,0.14322067539712582,-0.22111111111111112,0,0
1,4353,4354,16,1,11,0,1,1,0,0,fiber,go,2718b8996fc467331b4b200df82d8fabea08e0a3,8852f333747ddd2e4ae43aaabc9ac10b388efb53,234.39,234.355,-0.00014932377661161565,0.6573180273548779,0.06777777777777778,0,0
0,0,0,0,1,42,0,0,0,0,0,fiber,go,8852f333747ddd2e4ae43aaabc9ac10b388efb53,83bb13c5fdef0f94b407578903b7d03101290cce,234.355,234.18,-0.0007467303876596742,0.2610698019320533,0.17,0,0
53,57,110,3,1,17,0,0,0,0,0,fiber,go,83bb13c5fdef0f94b407578903b7d03101290cce,c85ff49925c629145e28a735c33a03518753d4f8,234.18,234.29500000000002,0.0004910752412674399,0.9116930904139926,-0.017777777777777778,0,0
0,0,0,0,2,84,0,0,0,0,0,fiber,go,c85ff49925c629145e28a735c33a03518753d4f8,823fe946595c2587f30bb268d156cb6298073408,234.29500000000002,234.245,-0.0002134061759747812,0.6360984775023261,-0.07222222222222222,0,0
14,13,27,1,4,68,0,0,0,0,0,fiber,go,823fe946595c2587f30bb268d156cb6298073408,202d16ab930ba843e21a42afb215dcae2dc79662,234.245,234.065,-0.0007684262204102833,0.3254459167813175,0.14888888888888888,0,0
16,14,30,2,1,18,0,0,0,0,0,fiber,go,202d16ab930ba843e21a42afb215dcae2dc79662,db535558b89b4983e50366597c1852d44b0d835c,234.065,234.11,0.00019225428833877733,0.5996387823042647,0.08,0,0
96,45,141,3,1,14,0,0,0,0,0,fiber,go,db535558b89b4983e50366597c1852d44b0d835c,bd30fc7e9f325697d6992955407310b32612ec46,234.11,234.28,0.0007261543718764149,0.07238212930587937,-0.27111111111111114,0,0
14,13,27,1,7,194,0,0,0,0,0,fiber,go,bd30fc7e9f325697d6992955407310b32612ec46,94b9991a7becdb48426bbd0055d83445f8229792,234.28,233.61,-0.002859825849410908,2.0687270871722114e-06,0.7144444444444444,0,0
17,22,39,3,1,16,0,1,0,0,0,fiber,go,94b9991a7becdb48426bbd0055d83445f8229792,9ec0cb524b6bea85665e0d08ee34bb51ebd37a10,233.61,233.91,0.0012841916013868538,0.009877247734715284,-0.3888888888888889,0,0
14,13,27,1,8,236,0,0,0,0,0,fiber,go,9ec0cb524b6bea85665e0d08ee34bb51ebd37a10,b23487ab3f87f3df23da9a06c5c115552f9909e3,233.91,233.97,0.00025650891368476025,0.5641551545739855,-0.08777777777777777,0,0
143,126,269,4,1,20,0,1,0,0,0,fiber,go,b23487ab3f87f3df23da9a06c5c115552f9909e3,cf103b0e1e41c253411ca905b961bdc184c75e94,233.97,234.16500000000002,0.0008334401846391487,0.6466879808981654,-0.07,0,0
14,13,27,1,9,278,0,0,0,0,0,fiber,go,cf103b0e1e41c253411ca905b961bdc184c75e94,d3e53e90f0774c27d6885e21435a8fcbf18db01c,234.16500000000002,233.96,-0.0008754510708261802,0.18082075076907544,0.20222222222222222,0,0
22,19,41,3,1,17,0,0,0,0,0,fiber,go,d3e53e90f0774c27d6885e21435a8fcbf18db01c,349da6fd1a4008245bc164b851061bf93e8db8b1,233.96,233.93,-0.00012822704735852768,0.9587251883338888,-0.008888888888888889,0,0
14,13,27,1,10,320,0,0,0,0,0,fiber,go,349da6fd1a4008245bc164b851061bf93e8db8b1,05a062b0a4ec0b9c3b0e8502750237213daa4e36,233.93,234.11,0.0007694609498568239,0.049184993845767466,-0.2966666666666667,0,0
21,24,45,3,1,14,0,1,0,0,0,fiber,go,05a062b0a4ec0b9c3b0e8502750237213daa4e36,01dcc81e7c5f3eea87aa5c6883251c0b39421d73,234.11,234.04500000000002,-0.0002776472598351105,0.23686104059426694,0.17888888888888888,0,0
14,13,27,1,11,362,0,0,0,0,0,fiber,go,01dcc81e7c5f3eea87aa5c6883251c0b39421d73,652844c10b0ac5fe83aab412571a83f92810d5ef,234.04500000000002,234.075,0.00012818047811306678,0.5200866310632397,-0.09777777777777778,0,0
90,0,90,1,1,36,0,0,1,0,0,fiber,go,652844c10b0ac5fe83aab412571a83f92810d5ef,cc961b06834580ee7c9390c65bb41cb7381eaf88,234.075,234.015,-0.0002563280999679687,0.43321310360849197,0.11888888888888889,0,0
27,20,47,1,1,16,0,1,0,0,0,fiber,go,cc961b06834580ee7c9390c65bb41cb7381eaf88,af1a143b356c27007bedbc386845e98bf82daba7,234.015,234.09,0.000320492276136218,0.5105391904041553,-0.1,0,0
0,0,0,0,1,59,0,0,1,0,0,fiber,go,af1a143b356c27007bedbc386845e98bf82daba7,f7409410a39234b9dc6a3f8d5d902d093528e68b,234.09,233.93,-0.0006834977999914417,0.4035048751601372,0.12666666666666668,0,0
56,135,191,4,1,31,0,1,0,0,0,fiber,go,f7409410a39234b9dc6a3f8d5d902d093528e68b,787796f78a4ce648fe539bfd0661417222bda56e,233.93,233.93,0.0,0.812992537432038,-0.03666666666666667,0,0
6,6,12,1,1,31,0,1,0,0,0,fiber,go,787796f78a4ce648fe539bfd0661417222bda56e,2f202af06d21671e5f075e76705e0e72b7eba91b,233.93,234.13,0.0008549566109519455,0.245761315920777,-0.17555555555555555,0,0
131,33,164,3,15,515,0,1,1,0,0,fiber,go,2f202af06d21671e5f075e76705e0e72b7eba91b,e765026a2320f475fb1af57a9d8bcc6a09251e06,234.13,233.97,-0.0006833810276342057,0.6626819948427607,0.06666666666666667,0,0
0,0,0,0,1,47,0,0,0,0,0,fiber,go,e765026a2320f475fb1af57a9d8bcc6a09251e06,969d983fa28bb422c243512546218ca1fb078bbe,233.97,233.97,0.0,0.662703982569173,0.06666666666666667,0,0
28,16,44,3,1,23,0,1,0,0,0,fiber,go,969d983fa28bb422c243512546218ca1fb078bbe,f23d63341e5d97b0b5b85eff06a8eb9b4bc4ac60,233.97,234.13,0.0006838483566269034,0.3041163465702553,-0.15555555555555556,0,0
0,0,0,0,2,76,0,0,0,0,0,fiber,go,f23d63341e5d97b0b5b85eff06a8eb9b4bc4ac60,312fd4a558e95332eefe68f12509d94021e9e21f,234.13,233.78,-0.0014948959979498326,0.07125085239111038,0.2722222222222222,0,0
16,28,44,3,1,42,0,0,0,0,0,fiber,go,312fd4a558e95332eefe68f12509d94021e9e21f,ce395286e7592cf82726c7ebddd14a6a2ab83ba9,233.78,233.97,0.0008127299170159882,0.5945192854515344,-0.0811111111111111,0,0
31,17,48,3,3,95,0,1,0,0,0,fiber,go,ce395286e7592cf82726c7ebddd14a6a2ab83ba9,cd95d4fc9505a86a3e87c693c0c4773aeb7d6fd7,233.97,233.985,6.411078343383673e-05,0.7226495938365067,-0.05444444444444444,0,0
0,0,0,0,3,132,0,0,0,0,0,fiber,go,cd95d4fc9505a86a3e87c693c0c4773aeb7d6fd7,6520705c5702e8470b49bc91265a4231d6ecc52d,233.985,233.85500000000002,-0.0005555911703741498,0.5792256827761098,0.08444444444444445,0,0
2,1,3,2,1,27,0,0,1,0,0,fiber,go,6520705c5702e8470b49bc91265a4231d6ecc52d,9856573d418d9e959a3165dc20795f45e9814734,233.85500000000002,233.98000000000002,0.0005345192533835068,0.4419925461789225,-0.11666666666666667,0,0
0,0,0,0,1,42,0,0,0,0,0,fiber,go,9856573d418d9e959a3165dc20795f45e9814734,2ee8c5cec58b9aac8798082c7a67ff1023735384,233.98000000000002,234.035,0.00023506282588246172,0.6413771958420933,-0.07111111111111111,0,0
102,4,106,2,1,31,0,0,0,0,0,fiber,go,2ee8c5cec58b9aac8798082c7a67ff1023735384,ea129d02ab4cf3eb73db905e6cf27d13832aea9a,234.035,233.72,-0.0013459525284679546,0.02460322883403669,0.3388888888888889,0,0
1,1,2,1,1,12,0,1,0,0,0,fiber,go,ea129d02ab4cf3eb73db905e6cf27d13832aea9a,62b59c9a9e2f5afcaa0ec30aa4598c2de2541d39,233.72,234.10500000000002,0.0016472702378915768,0.005316356979367181,-0.42,0,0
1,1,2,1,1,15,0,0,0,0,0,fiber,go,62b59c9a9e2f5afcaa0ec30aa4598c2de2541d39,fcfb063f0b8fda0487b0ef4297c816f6d280cd7a,234.10500000000002,233.865,-0.001025181008521856,0.09917307790880805,0.24888888888888888,0,0
0,0,0,0,2,84,0,0,0,0,0,fiber,go,fcfb063f0b8fda0487b0ef4297c816f6d280cd7a,f97ed1d9be4557f2d7386903bafbe4cac5771701,233.865,233.81,-0.00023517841489751275,0.8533474893623952,0.028888888888888888,0,0
1,1,2,1,1,9,0,0,0,0,0,fiber,go,f97ed1d9be4557f2d7386903bafbe4cac5771701,b48864b90b8bf99ba1708a8db3c564145540e55f,233.81,234.08499999999998,0.0011761686839740699,0.19066870720755835,-0.19777777777777777,0,0
8,4,12,4,1,18,0,0,0,0,0,fiber,go,b48864b90b8bf99ba1708a8db3c564145540e55f,9fd68c62b090208b3fcbfda9ba968de0af17b64d,234.08499999999998,234.12,0.00014951833735619546,0.7900929373424397,-0.04111111111111111,0,0
3,3,6,2,1,19,0,0,0,0,1,fiber,go,9fd68c62b090208b3fcbfda9ba968de0af17b64d,c1d8dd7e0660e937bbd2176a2763471ae8a7fa44,234.12,233.825,-0.001260037587562002,0.19311843463289824,0.19666666666666666,0,0
0,0,0,0,3,126,0,0,0,0,0,fiber,go,c1d8dd7e0660e937bbd2176a2763471ae8a7fa44,5d04abf55e3833955a8ed8c8d25a1324d2f2f7ad,233.825,234.28,0.001945899711322624,0.002153870863036097,-0.4622222222222222,0,0
2,0,2,1,1,24,0,0,0,0,0,fiber,go,5d04abf55e3833955a8ed8c8d25a1324d2f2f7ad,e5e9cf920125df62ab5f1aaf8359dd22fe3c8f51,234.28,234.52,0.0010244152296397862,0.3402079480730912,-0.14444444444444443,0,0
3,0,3,1,1,49,0,0,0,0,0,fiber,go,e5e9cf920125df62ab5f1aaf8359dd22fe3c8f51,ba3d08ef6ded770c82d2ebeba9148552c17125a3,234.52,234.41,-0.0004690431519700394,0.9175698862471462,0.016666666666666666,0,0
1,1,2,1,1,11,0,1,0,0,0,fiber,go,ba3d08ef6ded770c82d2ebeba9148552c17125a3,4ed6fff7b3c76c8d229752a25d24816ae5834eeb,234.41,234.35500000000002,-0.00023463162834340856,0.8187233802201547,0.035555555555555556,0,0
3,8,11,3,5,198,0,1,0,0,0,fiber,go,4ed6fff7b3c76c8d229752a25d24816ae5834eeb,05d57887fea084c96d25367e5151eb337a9940b3,234.35500000000002,234.29000000000002,-0.0002773570011307534,0.5011079831261287,0.10222222222222223,0,0
5,0,5,2,4,126,0,1,0,0,0,fiber,go,05d57887fea084c96d25367e5151eb337a9940b3,939a65c9d7fcff3f1800658fc4a78f06ebfeda07,234.29000000000002,234.3,4.2682146058264986e-05,0.529731026663687,-0.09555555555555556,0,0
4,1,5,1,1,37,1,1,0,0,0,fiber,go,939a65c9d7fcff3f1800658fc4a78f06ebfeda07,a430c5aa77428d130c9c6c502a024ba6d2bb2b91,234.3,234.38,0.00034144259496365377,0.5945039181017193,0.0811111111111111,0,0
37,0,37,1,1,36,1,0,1,0,0,fiber,go,a430c5aa77428d130c9c6c502a024ba6d2bb2b91,f921efe05af4758497ca131a9a4973b2fc6516d7,234.38,234.445,0.00027732741701509396,0.3477473974004669,-0.14222222222222222,0,0
2,2,4,1,1,36,0,1,0,0,0,fiber,go,f921efe05af4758497ca131a9a4973b2fc6516d7,616a821cb631023ac122a95b6d64df9f98468190,234.445,234.14,-0.0013009447844910611,0.039839769311154107,0.31,0,0
88,4,92,2,1,45,0,1,0,0,0,fiber,go,616a821cb631023ac122a95b6d64df9f98468190,9a650b8d2a3e98b5e274fa3386d9741dba3ead9f,234.14,234.195,0.00023490219526781764,0.6520074949991368,-0.06888888888888889,0,0
0,0,0,0,1,46,0,0,0,0,0,fiber,go,9a650b8d2a3e98b5e274fa3386d9741dba3ead9f,e66f28c0236d7562fcb454f3830ec2027991dccb,234.195,234.13,-0.000277546489036904,0.8475665611096737,0.03,0,0
48,24,72,2,1,33,1,1,0,0,0,fiber,go,e66f28c0236d7562fcb454f3830ec2027991dccb,7bb6081371e7b4836a1f4d5dfdd9c5f3411a0e13,234.13,234.20999999999998,0.00034169051381704215,0.841771078449391,-0.03111111111111111,0,0
0,0,0,0,1,42,0,0,0,0,0,fiber,go,7bb6081371e7b4836a1f4d5dfdd9c5f3411a0e13,b5536e069fe0de7c7754cf2c52e1f0e0b4b1c50e,234.20999999999998,234.37,0.000683147602578989,0.3402213695265398,-0.14444444444444443,0,0
31,1,32,2,1,27,1,0,0,0,0,fiber,go,b5536e069fe0de7c7754cf2c52e1f0e0b4b1c50e,55960e86c3616b918011587d7cb13a97bad8f02f,234.37,234.08499999999998,-0.001216025941886867,0.2310124885343383,0.1811111111111111,0,0
9,2,11,1,1,27,1,0,0,0,0,fiber,go,55960e86c3616b918011587d7cb13a97bad8f02f,2321582d6a48356b5aceb0b9a7e1c6251bc021cc,234.08499999999998,234.55,0.0019864579105881705,0.012722193994587891,-0.37555555555555553,0,0
31,36,67,2,1,11,0,1,0,0,0,fiber,go,2321582d6a48356b5aceb0b9a7e1c6251bc021cc,81208a6d6a443deadfcfcec5aaae536682d2ecab,234.55,234.245,-0.0013003623960776245,0.5394257799415374,0.09333333333333334,0,0
0,0,0,0,2,84,0,0,0,0,0,fiber,go,81208a6d6a443deadfcfcec5aaae536682d2ecab,2750bcb541990d6cdca01a5cefc5fc03fdf07883,234.245,234.055,-0.000811116565988592,0.16008264145952522,0.21222222222222223,0,0
1,1,2,1,1,9,0,0,0,0,0,fiber,go,2750bcb541990d6cdca01a5cefc5fc03fdf07883,33b7905da6c7fa7a396bdc6b9407c358faf08fbf,234.055,234.32999999999998,0.0011749375146866217,0.2610565462180433,-0.17,0,0
0,1,1,1,1,17,0,0,0,0,0,fiber,go,33b7905da6c7fa7a396bdc6b9407c358faf08fbf,8555f0bf7c2262653b1215d103c9e97917d5c4eb,234.32999999999998,233.94,-0.0016643195493534178,0.09922943212521834,0.24888888888888888,0,0
0,0,0,0,3,126,0,0,0,0,0,fiber,go,8555f0bf7c2262653b1215d103c9e97917d5c4eb,6812c32effe6c2cd7f150f6eecf239e099bc6a04,233.94,234.375,0.0018594511413182965,0.16683080542284867,-0.2088888888888889,0,0
15,0,15,15,2,54,0,0,0,0,0,fiber,go,6812c32effe6c2cd7f150f6eecf239e099bc6a04,57f2b851cbaa4c026c345703fa68b45909005222,234.375,234.17,-0.0008746666666667201,0.6150977272562063,0.07666666666666666,0,0
6,5,11,1,1,41,0,1,0,0,0,fiber,go,57f2b851cbaa4c026c345703fa68b45909005222,867f2fc0a80f0b969a530f84a8604cd6cbe70794,234.17,234.39499999999998,0.0009608404150830351,0.5200344302547757,-0.09777777777777778,0,0
3,3,6,1,1,36,0,0,0,0,0,fiber,go,867f2fc0a80f0b969a530f84a8604cd6cbe70794,4898778e283dd428695cebfbf8f45ed6b60bb2a3,234.39499999999998,234.31,-0.0003626357217516566,0.8533716664829195,0.028888888888888888,0,0
2,2,4,1,1,37,0,0,0,0,0,fiber,go,4898778e283dd428695cebfbf8f45ed6b60bb2a3,1fe6d3b25de72ae2d91fe4de907c83d5386e1411,234.31,234.38,0.00029874951986681394,0.5058177988042942,-0.10111111111111111,0,0
0,0,0,0,1,42,0,0,0,0,0,fiber,go,1fe6d3b25de72ae2d91fe4de907c83d5386e1411,b425a6b25fc4821c9ddeb5f498785793607057b3,234.38,234.28,-0.0004266575646385968,0.2197181875023495,0.18555555555555556,0,0
1,1,2,1,1,30,0,0,0,0,0,fiber,go,b425a6b25fc4821c9ddeb5f498785793607057b3,102d167b9f50c828d6b3f3611550690978df6e72,234.28,234.135,-0.0006189175345740576,0.63081933297024,0.07333333333333333,0,0
7,1,8,2,1,40,0,0,1,0,0,fiber,go,102d167b9f50c828d6b3f3611550690978df6e72,407cdfaf7aa2a5a2021c0d7f2ec34c95cd812f49,234.135,234.12,-6.406560317759566e-05,0.8475770217610727,-0.03,0,0
30,6,36,2,1,40,0,0,1,0,0,fiber,go,407cdfaf7aa2a5a2021c0d7f2ec34c95cd812f49,ea79c4ef454bcd5fed459187d53025614a55e231,234.12,233.985,-0.0005766273705791513,0.40765925479512943,0.12555555555555556,0,0
17,31,48,3,1,18,0,1,0,0,0,fiber,go,ea79c4ef454bcd5fed459187d53025614a55e231,839c8f14473185dcd88b10b083bc32e4f2a09a3f,233.985,234.20499999999998,0.000940231211402314,0.16458560116196164,-0.21,0,0
2,18,20,3,2,81,0,0,0,0,0,fiber,go,839c8f14473185dcd88b10b083bc32e4f2a09a3f,ce7006a438b0ac0fa6959b4f61f8418485d22e88,234.20499999999998,234.06,-0.0006191157319441593,0.39933699364375896,0.12777777777777777,0,0
6,0,6,1,2,95,0,0,1,0,0,fiber,go,ce7006a438b0ac0fa6959b4f61f8418485d22e88,733e3e803b699c92f843e7965622f65496830aaf,234.06,228.65,-0.023113731521831993,8.075273738913876e-10,0.9244444444444444,0,0
30,0,30,1,2,95,0,0,1,0,0,fiber,go,733e3e803b699c92f843e7965622f65496830aaf,dffe3660c84190103fde66b5c0d672648322ce94,228.65,228.7,0.00021867483052693176,0.841773248437256,-0.03111111111111111,0,0
17,1,18,2,2,70,0,1,0,0,0,fiber,go,dffe3660c84190103fde66b5c0d672648322ce94,b4bec8df6c965028b5b19f67f7fb65cd9b3c1ff7,228.7,228.7,0.0,0.7006619129040896,-0.058888888888888886,0,0
3,3,6,3,1,44,0,1,0,0,0,fiber,go,b4bec8df6c965028b5b19f67f7fb65cd9b3c1ff7,618b7532304525af49ddca0489aabd7df01ebfe1,228.7,228.58499999999998,-0.0005028421512899392,0.2611360709028051,0.17,0,0
0,28,28,2,1,43,0,0,0,0,0,fiber,go,618b7532304525af49ddca0489aabd7df01ebfe1,71d3e16be4ebe410377e688a5804a22dca0bcc97,228.58499999999998,228.75,0.0007218321412167048,0.08767513822991146,-0.2577777777777778,0,0
31,6,37,6,2,115,0,1,0,0,0,fiber,go,71d3e16be4ebe410377e688a5804a22dca0bcc97,b32e75e130a041c0970cc1fa1247af2f4f314669,228.75,228.655,-0.0004153005464480825,0.07704579977680424,0.26666666666666666,0,0
3,31,34,5,3,146,0,1,0,0,0,fiber,go,b32e75e130a041c0970cc1fa1247af2f4f314669,52ed4d1b8811ed8b72b8abd4c3293190ba3da4d2,228.655,228.7,0.0001968030438870241,0.24266189126032878,-0.17666666666666667,0,0
73,77,150,9,2,35,0,0,0,0,0,fiber,go,52ed4d1b8811ed8b72b8abd4c3293190ba3da4d2,9d57e235ed5129f0cda3dee0197d79d011b739dd,228.7,228.89,0.0008307826847398239,0.31110696383794745,-0.15333333333333332,0,0
102,73,175,10,18,796,1,1,1,0,0,fiber,go,9d57e235ed5129f0cda3dee0197d79d011b739dd,9df61e925c933fdf3d83804fae302a7d2f7a6ff2,228.89,228.79,-0.00043689108305297006,0.6466330649435044,0.07,0,0
0,0,0,0,1,58,1,0,0,0,0,fiber,go,9df61e925c933fdf3d83804fae302a7d2f7a6ff2,5ccc7d4321352c71230c4931b14d1d6f6d684f75,228.79,228.745,-0.0001966869181344792,0.7171286315471948,0.05555555555555555,0,0
28,4,32,2,1,75,1,0,0,0,0,fiber,go,5ccc7d4321352c71230c4931b14d1d6f6d684f75,5a3edb9011e0210a674817562b198ff349f94d4a,228.745,228.86,0.0005027432293602444,0.3515365821482397,-0.1411111111111111,0,0
0,0,0,0,1,58,1,0,0,0,0,fiber,go,5a3edb9011e0210a674817562b198ff349f94d4a,748001b8d6d11ab3fb7fc25818767492906f1092,228.86,228.74,-0.0005243380232456722,0.43752034191863565,0.11777777777777777,0,0
34,40,74,3,3,82,0,0,0,0,0,fiber,go,748001b8d6d11ab3fb7fc25818767492906f1092,898d210ea2e2d394f557bb9093e444b91687c5b6,228.74,228.695,-0.00019672991169019811,0.5691396532570989,0.08666666666666667,0,0
1,1,2,1,1,27,0,0,0,0,1,fiber,go,898d210ea2e2d394f557bb9093e444b91687c5b6,2d301ed7ce8a60ce4c8e224d1d0f6f614370fc43,228.695,228.725,0.00013117908130917222,0.9116869785516263,0.017777777777777778,0,0
8,0,8,1,1,22,0,0,0,0,0,fiber,go,2d301ed7ce8a60ce4c8e224d1d0f6f614370fc43,251a2e46e24c6c2148a0770d52e3e385a517bfb5,228.725,228.76,0.0001530221882172766,0.17600740900598488,-0.20444444444444446,0,0
12,29,41,1,1,23,0,0,0,0,0,fiber,go,251a2e46e24c6c2148a0770d52e3e385a517bfb5,c6a08d955024fd3a2a1fe7f0fbb5687b61306647,228.76,228.69,-0.00030599755201955405,0.24574163098265067,0.17555555555555555,0,0
28,4,32,2,3,175,1,0,0,0,0,fiber,go,c6a08d955024fd3a2a1fe7f0fbb5687b61306647,b6e8e7cca8a866acacbbbed104436161c5e5458e,228.69,228.69,0.0,0.8129644778544037,0.03666666666666667,0,0
3,3,6,3,2,121,0,1,0,0,0,fiber,go,b6e8e7cca8a866acacbbbed104436161c5e5458e,8e8ca4e04b2d45321b4887eb7ee6e1adb3615461,228.69,228.66,-0.0001311819493637725,0.8302204384392287,0.03333333333333333,0,0
8,32,40,6,1,31,0,0,0,0,0,fiber,go,8e8ca4e04b2d45321b4887eb7ee6e1adb3615461,ad06443a7a805ca949f99659d72073f797e0ee7a,228.66,228.695,0.00015306568704625466,0.6307623474694819,-0.07333333333333333,0,0
1,1,2,1,1,20,1,0,1,0,0,fiber,go,ad06443a7a805ca949f99659d72073f797e0ee7a,b37789836da8853aa98fd8fb1159d128a8224289,228.695,228.67000000000002,-0.00010931590109087327,0.9234230389144165,-0.015555555555555555,0,0
31,7,38,5,6,338,1,1,0,0,0,fiber,go,b37789836da8853aa98fd8fb1159d128a8224289,e090f5278a7bc72f7c622288e62c1818b3e7bbb6,228.67000000000002,228.65,-8.746228189097928e-05,0.9351775913919244,-0.013333333333333334,0,0
1,1,2,1,1,63,0,0,0,0,0,fiber,go,e090f5278a7bc72f7c622288e62c1818b3e7bbb6,6e72025b6c0e0d39751d88c5c1f2095f50e4f822,228.65,228.745,0.00041548217800130706,0.7338001548062383,-0.052222222222222225,0,0
99,99,198,2,1,81,0,0,1,1,0,fiber,go,6e72025b6c0e0d39751d88c5c1f2095f50e4f822,acb6bbea2bf56e3ed6f5664f3ba164140b4248b9,228.745,228.76999999999998,0.00010929200638255377,0.4870593588559786,-0.10555555555555556,0,0
0,0,0,0,1,60,0,0,0,0,0,fiber,go,acb6bbea2bf56e3ed6f5664f3ba164140b4248b9,61c891c565e0322e43408ed5f0a19e0a516a0267,228.76999999999998,228.535,-0.0010272325916859083,0.005817248787240672,0.41555555555555557,0,0
11,0,11,1,1,52,0,0,0,0,0,fiber,go,61c891c565e0322e43408ed5f0a19e0a516a0267,6084e7c1f14e24db84cf5f4694069bad24a8fc88,228.535,228.755,0.000962653422889268,0.0077743829085344905,-0.4011111111111111,0,0
0,0,0,0,1,60,0,0,0,0,0,fiber,go,6084e7c1f14e24db84cf5f4694069bad24a8fc88,dcf7b35c1c10233cb820fb55d9e249e8ef8ace06,228.755,228.695,-0.0002622893488667014,0.6203211355913516,0.07555555555555556,0,0
136,140,276,8,1,29,0,0,0,0,0,fiber,go,dcf7b35c1c10233cb820fb55d9e249e8ef8ace06,e30d9dad3950ca9794fa0622e98531a3b828bd28,228.695,228.68,-6.558954065452397e-05,0.5792625865055183,0.08444444444444445,0,0
140,105,245,7,11,633,1,1,1,1,0,fiber,go,e30d9dad3950ca9794fa0622e98531a3b828bd28,7b16c8439c80f19c52e3204e5267ab5923d0a261,228.68,228.63,-0.00021864614308208575,0.7337503210243506,0.052222222222222225,0,0
1,1,2,1,2,131,0,0,0,0,0,fiber,go,7b16c8439c80f19c52e3204e5267ab5923d0a261,47f866fc804a73c8a5b99f76550060fc0e0e8393,228.63,228.73000000000002,0.0004373879193457671,0.27707570162685713,-0.16444444444444445,0,0
37,33,70,5,1,52,1,0,0,0,0,fiber,go,47f866fc804a73c8a5b99f76550060fc0e0e8393,3e6dfb313b07f9d9eeeb15f1c956d92e3587c6f5,228.73000000000002,228.56,-0.000743234381148148,0.11191711557303043,0.24,0,0
32,1,33,2,5,262,0,0,0,0,0,fiber,go,3e6dfb313b07f9d9eeeb15f1c956d92e3587c6f5,5d8e5339464fdbddc46db44534e9e00446adc3cc,228.56,228.81,0.0010938046902345118,0.32913710544412456,-0.14777777777777779,0,0
28,18,46,2,1,40,0,0,0,0,0,fiber,go,5d8e5339464fdbddc46db44534e9e00446adc3cc,60cebf250672f505080fa814ada7c46a1373fb03,228.81,228.85000000000002,0.00017481753419876957,0.5894097935344662,0.08222222222222222,0,0
3,3,6,1,1,23,0,1,0,0,0,fiber,go,60cebf250672f505080fa814ada7c46a1373fb03,550d3a3549590998033eee091058fbf9b54bb3d2,228.85000000000002,228.8,-0.00021848372296268893,0.8302343792027232,0.03333333333333333,0,0
154,205,359,12,1,16,0,0,0,0,0,fiber,go,550d3a3549590998033eee091058fbf9b54bb3d2,33e91e8111cfd64b4dbed0526815d39300789033,228.8,228.85500000000002,0.00024038461538464519,0.441865656233432,-0.11666666666666667,0,0
175,105,280,9,16,918,1,1,1,1,0,fiber,go,33e91e8111cfd64b4dbed0526815d39300789033,68e8684addaec3e722b4aa853d1895573651deb2,228.85500000000002,228.815,-0.00017478315964265784,0.48246214650237873,0.10666666666666667,0,0
28,18,46,2,3,134,0,1,0,0,0,fiber,go,68e8684addaec3e722b4aa853d1895573651deb2,d4750fbf2bc9d8c44494c0df6f6438366eb11f84,228.815,228.90499999999997,0.0003933308568056071,0.19832639297833055,-0.19444444444444445,0,0
146,73,219,6,1,46,0,0,0,0,0,fiber,go,d4750fbf2bc9d8c44494c0df6f6438366eb11f84,99c9ba9425a163b5755e993ae561205aba47ccd0,228.90499999999997,228.54500000000002,-0.0015727048338828634,0.014401311559382199,0.3688888888888889,0,0
24,2,26,1,1,34,0,0,0,0,0,fiber,go,99c9ba9425a163b5755e993ae561205aba47ccd0,ef3cc9eb9be25d3ce193200d2fdb6ffcd5afc13f,228.54500000000002,228.52,-0.00010938764794681872,0.841784097037648,-0.03111111111111111,0,0
40,27,67,1,1,37,0,0,0,0,0,fiber,go,ef3cc9eb9be25d3ce193200d2fdb6ffcd5afc13f,27dbd393ad55d0f540378ffd22c3bf80a374caf2,228.52,228.74,0.0009627166112375234,0.25799858296833933,-0.1711111111111111,0,0
13,2,15,2,1,46,0,0,0,0,0,fiber,go,27dbd393ad55d0f540378ffd22c3bf80a374caf2,d6a435d024ffc34105fd46a773167946147521b0,228.74,228.675,-0.00028416542799684235,0.28370445388175025,0.1622222222222222,0,0
8,3,11,2,1,22,0,1,0,0,0,fiber,go,d6a435d024ffc34105fd46a773167946147521b0,fc115621912b5ebc2af4bfbc113e9842556532ed,228.675,228.76,0.0003717065704601707,0.41607107502090446,-0.12333333333333334,0,0
1,1,2,1,1,14,0,0,0,0,0,fiber,go,fc115621912b5ebc2af4bfbc113e9842556532ed,3043033f0a724d15fe525d81673ca5e45f46c846,228.76,228.715,-0.00019671271201253496,0.8707787701623684,0.025555555555555557,0,0
1,1,2,1,1,46,0,0,0,0,0,fiber,go,3043033f0a724d15fe525d81673ca5e45f46c846,8500fd128960b685ace10432f41217330691264a,228.715,228.835,0.0005246704413790287,0.37488433467449134,-0.13444444444444445,0,0
90,214,304,23,7,330,0,1,0,0,0,fiber,go,8500fd128960b685ace10432f41217330691264a,69cbe1b6ea8a49d45c5ff72c99a5150fba593266,228.835,228.31,-0.0022942294666462985,0.25487395468500984,0.17222222222222222,0,0
0,0,0,0,1,42,0,0,0,0,0,fiber,go,69cbe1b6ea8a49d45c5ff72c99a5150fba593266,53ab7a63bc557e8b4aa74a6d95ce53fb8b78810d,228.31,228.52499999999998,0.0009417020717444483,0.5741988544806147,0.08555555555555555,0,0
102,7,109,1,1,45,0,0,0,0,0,fiber,go,53ab7a63bc557e8b4aa74a6d95ce53fb8b78810d,35e100db6ea975f9717e75015f6c5673266fb571,228.52499999999998,228.74,0.0009408161032711163,0.13922892719873534,-0.22333333333333333,0,0
0,0,0,0,1,59,0,0,0,0,0,fiber,go,35e100db6ea975f9717e75015f6c5673266fb571,45399ef9fe1beee7090fab484d30c2f44450e3a2,228.74,228.49,-0.0010929439538340474,0.3146721982012337,0.15222222222222223,0,0
185,475,660,33,1,45,0,0,0,0,0,fiber,go,45399ef9fe1beee7090fab484d30c2f44450e3a2,b73e88324187f74db502b698883a96bee087eebf,228.49,228.875,0.0016849752724407672,0.7617898312481531,-0.04666666666666667,0,0
484,191,675,34,51,2365,1,1,1,1,1,fiber,go,b73e88324187f74db502b698883a96bee087eebf,d446a32b307019c43d446d11015bc8498248bf46,228.875,228.755,-0.0005243036592026414,0.9646183838067282,-0.0077777777777777776,0,0
194,484,678,34,2,72,0,0,0,0,0,fiber,go,d446a32b307019c43d446d11015bc8498248bf46,2c8df2e337bad0dc881889b7d85ec14bb6508cea,228.755,228.74,-6.557233721661322e-05,0.9234315264839627,-0.015555555555555555,0,0
474,184,658,33,51,2368,1,1,1,1,1,fiber,go,2c8df2e337bad0dc881889b7d85ec14bb6508cea,c0efbcd28c3edf28df7fdf8db4cbcedb037793a9,228.74,228.9,0.0006994841304537754,0.7561718172151204,-0.04777777777777778,0,0
9,6,15,1,2,85,0,1,0,0,0,fiber,go,c0efbcd28c3edf28df7fdf8db4cbcedb037793a9,5629c6507d2f904abeb1e1bcc7eede9f9d27846c,228.9,228.74,-0.0006989951944080235,0.8302111426888819,0.03333333333333333,0,0
255,205,460,26,8,306,0,1,1,0,0,fiber,go,5629c6507d2f904abeb1e1bcc7eede9f9d27846c,19763583380c4d95341b633bc2b4bdbc6ce06190,228.74,228.12,-0.002710501005508457,0.7449349898129449,0.05,0,0
205,255,460,26,16,689,0,1,0,0,0,fiber,go,19763583380c4d95341b633bc2b4bdbc6ce06190,b9bd7c66c1eeab8e3da7e27f23d33343bbcf19f4,228.12,228.45999999999998,0.0014904436261615596,0.711611381144958,0.056666666666666664,0,0
2,2,4,1,1,14,0,1,0,0,0,fiber,go,b9bd7c66c1eeab8e3da7e27f23d33343bbcf19f4,ac6daebcdaba37d9b283116481440ff57110d15c,228.45999999999998,228.325,-0.0005909130701216446,0.5393581171589925,-0.09333333333333334,0,0
2,2,4,1,2,64,0,1,0,0,0,fiber,go,ac6daebcdaba37d9b283116481440ff57110d15c,a6eee05e5876a7d6dab27a85b4c5848ffcd50520,228.325,228.75,0.0018613818022556066,0.8244693619108104,0.034444444444444444,0,0
1,1,2,1,2,64,0,1,0,0,0,fiber,go,a6eee05e5876a7d6dab27a85b4c5848ffcd50520,b55a0b30805bd8ff9bb0cea4670938e52bcb43b3,228.75,228.64999999999998,-0.0004371584699454546,0.7006658712623056,-0.058888888888888886,0,0
1,1,2,1,1,69,0,0,1,0,0,fiber,go,b55a0b30805bd8ff9bb0cea4670938e52bcb43b3,f70acc5bae93e5ff5decc2f4aadef4c5f93f08f3,228.64999999999998,228.745,0.0004154821780014314,0.9587263344540377,-0.008888888888888889,0,0
0,0,0,0,1,48,0,0,0,0,0,fiber,go,f70acc5bae93e5ff5decc2f4aadef4c5f93f08f3,827bd38f5ab1f9d7551500b49cb85e511c5a69dd,228.745,228.64499999999998,-0.0004371680255307121,0.5641389092944548,0.08777777777777777,0,0
4,8,12,1,1,27,0,0,0,1,0,fiber,go,827bd38f5ab1f9d7551500b49cb85e511c5a69dd,9d4a83a55b53711bd4a73cb8bccbf858ee7533c5,228.64499999999998,228.89,0.0010715301012486805,0.058387846619488155,-0.28555555555555556,0,0
1,0,1,1,1,32,0,0,1,0,0,fiber,go,9d4a83a55b53711bd4a73cb8bccbf858ee7533c5,67a45db8e2dc0f84466dbd823e6885c57bc7cf5f,228.89,234.39999999999998,0.02407269867621998,0.0015956864179943642,-0.47555555555555556,0,0
43,35,78,4,1,30,0,0,0,1,0,fiber,go,67a45db8e2dc0f84466dbd823e6885c57bc7cf5f,8c49028a394d68e4d4f587c187279fbc86ed8007,234.39999999999998,228.265,-0.026173208191126243,0.1372354452139315,0.22444444444444445,0,0
0,0,0,0,1,59,0,0,0,1,0,fiber,go,8c49028a394d68e4d4f587c187279fbc86ed8007,fbc49bedf773a8f0d4302882d93944ec3113da9d,228.265,228.66,0.0017304448776641634,0.8649732678675018,-0.02666666666666667,0,0
5,8,13,2,3,121,0,0,1,1,0,fiber,go,fbc49bedf773a8f0d4302882d93944ec3113da9d,d4e604f1a38a6dd567f49bd8108549f225a0f3e5,228.66,234.39499999999998,0.02508090614886725,0.07359640440333165,-0.27,0,0
159,148,307,2,1,48,0,0,0,1,0,fiber,go,d4e604f1a38a6dd567f49bd8108549f225a0f3e5,3d59648b7dde86932ab645d5ea7fbb1adb90a9c6,234.39499999999998,228.29000000000002,-0.026045777426992735,0.044335453528544934,0.30333333333333334,0,0
3,3,6,1,1,46,0,1,0,0,0,fiber,go,3d59648b7dde86932ab645d5ea7fbb1adb90a9c6,db1eedb5b7c978010ee150e93d4ad7b7f0642ade,228.29000000000002,228.20999999999998,-0.0003504314687460726,0.6255777385649469,0.07444444444444444,0,0
301,159,460,4,1,22,0,0,0,0,0,fiber,go,db1eedb5b7c978010ee150e93d4ad7b7f0642ade,fb4cf7e887ec22cd1f2b6e6cd70ad0046280882f,228.20999999999998,231.28500000000003,0.013474431444722167,0.09047244922026808,-0.25555555555555554,0,0
241,26,267,3,1,26,0,0,0,0,0,fiber,go,fb4cf7e887ec22cd1f2b6e6cd70ad0046280882f,2275fe8ce673f1556ab1001abaabf3e2b220b371,231.28500000000003,234.56,0.014160019024147597,0.2169785008787175,-0.18666666666666668,0,0
37,8,45,1,1,36,0,0,0,0,0,fiber,go,2275fe8ce673f1556ab1001abaabf3e2b220b371,dfb4aa26d94a503a4e29603a87b8c11fde693ed8,234.56,231.095,-0.01477233969986359,0.055532113962047186,0.28888888888888886,0,0
16,19,35,2,1,40,1,0,1,0,0,fiber,go,dfb4aa26d94a503a4e29603a87b8c11fde693ed8,f0a4e6ad361add8e2e0415903576ad8e61e85d22,231.095,228.19,-0.012570587853480175,0.6255921477040312,0.07444444444444444,0,0
0,0,0,0,1,46,0,0,0,0,0,fiber,go,f0a4e6ad361add8e2e0415903576ad8e61e85d22,0bbce8f98884c1b9287ccf0ae14bf869bc340686,228.19,228.315,0.0005477891230991717,0.7561685363615563,-0.04777777777777778,0,0
8,395,403,4,1,50,0,0,0,0,1,fiber,go,0bbce8f98884c1b9287ccf0ae14bf869bc340686,a586bec2f93ff739e03772c9d014bfec0c0f4998,228.315,234.085,0.025272102139587894,0.8999715341806377,-0.02,0,0
394,0,394,3,6,231,1,0,1,0,0,fiber,go,a586bec2f93ff739e03772c9d014bfec0c0f4998,870e0c34cd9cbe1757913fae5d9c6fd364d361a3,234.085,233.465,-0.0026486105474507315,0.6680803651008158,-0.06555555555555556,0,0
164,554,718,6,3,129,0,1,0,1,0,fiber,go,870e0c34cd9cbe1757913fae5d9c6fd364d361a3,483931fdccbd6b724fbe1dac51420b3c5777300c,233.465,228.17,-0.022680059109502562,0.03325045501600866,0.3211111111111111,0,0
402,1,403,4,8,346,1,0,1,1,1,fiber,go,483931fdccbd6b724fbe1dac51420b3c5777300c,3c40cb7de38a0a390c07cef7583adf3007a95459,228.17,230.91,0.012008590086339173,0.05840884602978173,-0.28555555555555556,0,0
1,3,4,1,1,40,0,0,0,0,0,fiber,go,3c40cb7de38a0a390c07cef7583adf3007a95459,0db09d9f0b664923cea8de0c96232e35be2a7544,230.91,232.07,0.00502360226928239,0.9705123657701689,-0.006666666666666667,0,0
0,0,0,0,1,42,0,0,0,0,0,fiber,go,0db09d9f0b664923cea8de0c96232e35be2a7544,7b7869911aabf9a06a1c09fe0a34e5e965a1d82b,232.07,234.10500000000002,0.008768905933554639,0.5201330176087333,-0.09777777777777778,0,0
6,6,12,1,1,25,0,0,1,0,0,fiber,go,7b7869911aabf9a06a1c09fe0a34e5e965a1d82b,e3c2dfae23260903a91007300c9eef3e56c0ba07,234.10500000000002,228.26999999999998,-0.024924713269686833,0.2009113488619908,0.19333333333333333,0,0
0,0,0,0,2,84,0,0,0,0,0,fiber,go,e3c2dfae23260903a91007300c9eef3e56c0ba07,ee6baf0854d717b1d2b7096842e4d361990e391c,228.26999999999998,234.06,0.025364699697726468,0.5945244075147311,-0.0811111111111111,0,0
7,5,12,2,1,22,0,0,0,0,1,fiber,go,ee6baf0854d717b1d2b7096842e4d361990e391c,18d8817dbecf0b77f57516b7219231f7486dfeac,234.06,228.305,-0.024587712552336986,0.45973523216074064,0.11222222222222222,0,0
0,0,0,0,3,126,0,0,0,0,0,fiber,go,18d8817dbecf0b77f57516b7219231f7486dfeac,dc3694162626eac2dc103c406c1e5387e1f6434b,228.305,228.185,-0.000525612667265301,0.6203794364894053,0.07555555555555556,0,0
7,7,14,1,1,26,0,0,0,0,0,fiber,go,dc3694162626eac2dc103c406c1e5387e1f6434b,b5e85346acf2214ee60ab37883b78497c7946eea,228.185,228.265,0.00035059272081856423,0.6413725621888422,-0.07111111111111111,0,0
0,0,0,0,1,55,0,1,0,0,0,fiber,go,b5e85346acf2214ee60ab37883b78497c7946eea,23db2070b5f3132daf4c7d5c5befe10f87c8a5c7,228.265,228.255,-4.3808731080064425e-05,0.9175687450304704,0.016666666666666666,0,0
44,50,94,2,1,54,0,1,0,0,0,fiber,go,23db2070b5f3132daf4c7d5c5befe10f87c8a5c7,962f79bbd99d2a4765a76168b0e97f7e649ef7aa,228.255,233.755,0.024095857703007602,0.3516035116765567,-0.1411111111111111,0,0
59,46,105,4,1,25,0,0,0,0,0,fiber,go,962f79bbd99d2a4765a76168b0e97f7e649ef7aa,d622469203c1e8b54350e5e5dcc6996aa51739f4,233.755,233.625,-0.0005561378366237961,0.7787600185680901,0.043333333333333335,0,0
46,59,105,4,2,123,0,1,0,0,0,fiber,go,d622469203c1e8b54350e5e5dcc6996aa51739f4,78cb076ba25f0777f659a626b34b9b4380c76db1,233.625,234.14499999999998,0.002225789192081249,0.3146990957451117,-0.15222222222222223,0,0
9,2,11,2,2,74,1,0,0,0,0,fiber,go,78cb076ba25f0777f659a626b34b9b4380c76db1,d2c0d0f8c6f3a988e465c1ca3b46ac5198ee5b28,234.14499999999998,228.3,-0.02496316385145944,0.08905166147804239,0.25666666666666665,0,0
12,0,12,2,1,11,0,1,0,0,0,fiber,go,d2c0d0f8c6f3a988e465c1ca3b46ac5198ee5b28,4c89377631dc96057cc675dcb635063d84b27e2b,228.3,228.45,0.0006570302233901763,0.2673963344179143,-0.16777777777777778,0,0
504,881,1385,41,9,345,0,1,1,0,0,fiber,go,4c89377631dc96057cc675dcb635063d84b27e2b,90663b23b8f387b84b0e7cd13f756b061dc525c6,228.45,231.29500000000002,0.012453490917049804,0.5641713980470087,0.08777777777777777,0,0
881,504,1385,41,51,2153,1,1,1,1,1,fiber,go,90663b23b8f387b84b0e7cd13f756b061dc525c6,25bb7d15a063267690ebdec6bab961eae5e3a20e,231.29500000000002,234.21,0.012602952938887533,0.2706454216184787,-0.16666666666666666,0,0
0,0,0,0,1,42,0,0,0,0,0,fiber,go,25bb7d15a063267690ebdec6bab961eae5e3a20e,12260c78be32cf3b6fd7991a0b2c6ff172f80ac8,234.21,234.715,0.0021561846206395773,0.012465961825409088,-0.37666666666666665,0,0
49,7,56,3,1,31,0,0,0,0,0,fiber,go,12260c78be32cf3b6fd7991a0b2c6ff172f80ac8,c5792a3953447f41086f41cb35e0b190e3320c4f,234.715,234.7,-6.390729182205985e-05,0.7618090909263013,-0.04666666666666667,0,0
63,118,181,12,1,14,0,0,0,0,1,fiber,go,c5792a3953447f41086f41cb35e0b190e3320c4f,18961cc98b3d37750d5aa9a586c8afa5c370776f,234.7,234.8,0.00042607584149988387,0.9941011017644241,0.0022222222222222222,0,0
3,3,6,1,1,19,0,0,1,0,0,fiber,go,18961cc98b3d37750d5aa9a586c8afa5c370776f,773968abf0dcddc5f26b4da29c27edee098012e7,234.8,234.735,-0.0002768313458262254,0.395221047186337,-0.1288888888888889,0,0
121,66,187,13,9,359,1,1,0,0,0,fiber,go,773968abf0dcddc5f26b4da29c27edee098012e7,7eaf3c07b1be1cda6d5413e6cd7eb651fcec9a4c,234.735,234.70499999999998,-0.00012780369352686884,0.3710105622673151,0.13555555555555557,0,0
1368,1333,2701,19,2,33,0,1,0,0,0,fiber,go,7eaf3c07b1be1cda6d5413e6cd7eb651fcec9a4c,34e6274ab51062429a8e990f276b7c4b5546439a,234.70499999999998,234.62,-0.000362156749962632,0.42032821893155314,0.12222222222222222,0,0
1291,1368,2659,20,3,75,0,0,1,0,1,fiber,go,34e6274ab51062429a8e990f276b7c4b5546439a,e6557e3f40a835c06ca198c3f2d38db37b5ee2ca,234.62,234.53,-0.00038359901116700795,0.455240531699044,0.11333333333333333,0,0
53,66,119,7,1,14,0,1,0,0,0,fiber,go,e6557e3f40a835c06ca198c3f2d38db37b5ee2ca,4e895a0f61042fc8e7cf2356f925fb6a4e980e3a,234.53,234.57,0.0001705538737048226,0.5542403155632587,-0.09,0,0
1457,1325,2782,24,14,540,1,1,0,0,0,fiber,go,4e895a0f61042fc8e7cf2356f925fb6a4e980e3a,0a12962a6d0b8ffdc98f0beb95c543d9e40551fd,234.57,234.635,0.00027710278381718774,0.8360014885625161,-0.03222222222222222,0,0
1339,1472,2811,25,2,29,0,1,0,0,0,fiber,go,0a12962a6d0b8ffdc98f0beb95c543d9e40551fd,d6ee49dce5b2402e2f5fddb30e29e31833651da3,234.635,234.785,0.0006392908133910358,0.2169593372755173,-0.18666666666666668,0,0
1457,1325,2782,24,15,582,1,1,0,0,0,fiber,go,d6ee49dce5b2402e2f5fddb30e29e31833651da3,619f802fc6ac2f93821e3e797d70d75500f4235e,234.785,234.915,0.0005536980641863639,0.7505637789644405,-0.04888888888888889,0,0
1,1,2,1,1,22,0,0,0,0,0,fiber,go,619f802fc6ac2f93821e3e797d70d75500f4235e,25db10b2204bb7eaaf31151694dc4e37f9276c6d,234.915,234.935,8.513717727693095e-05,0.657349231486053,-0.06777777777777778,0,0
1395,1465,2860,25,1,30,0,0,0,0,0,fiber,go,25db10b2204bb7eaaf31151694dc4e37f9276c6d,d3cf0e55e70548912f2f4627e27c2429e19cfd09,234.935,234.68,-0.0010854066018260175,0.23394342981075722,0.18,0,0
1,3,4,1,1,11,0,1,0,0,0,fiber,go,d3cf0e55e70548912f2f4627e27c2429e19cfd09,3f7b80e9a61e96e89b5076990f82e11a6988bae7,234.68,234.70499999999998,0.00010652803817955199,0.7226680720896655,-0.05444444444444444,0,0
93,28,121,3,1,17,0,1,1,0,0,fiber,go,3f7b80e9a61e96e89b5076990f82e11a6988bae7,9f2c0691b019e66bc4459c1bf22a86b683fd9de8,234.70499999999998,234.865,0.0006817068234593426,0.812972131718909,-0.03666666666666667,0,0
1493,1486,2979,27,17,656,1,1,0,0,0,fiber,go,9f2c0691b019e66bc4459c1bf22a86b683fd9de8,5e420c9f307955f267fa4bed78593f8e979f44e6,234.865,234.765,-0.00042577650991004507,0.9823055783155578,0.0044444444444444444,0,0
160,35,195,3,4,100,0,1,1,0,0,fiber,go,5e420c9f307955f267fa4bed78593f8e979f44e6,b1d19f4a218ca4867cb7820e5d62c99f23258568,234.765,234.6,-0.0007028304900644987,0.3993238912171545,0.12777777777777777,0,0
12,3,15,1,1,26,0,0,0,0,0,fiber,go,b1d19f4a218ca4867cb7820e5d62c99f23258568,5ea5bbfd4472b0274bb15b04456ed9097efa7630,234.6,234.74,0.0005967604433078209,0.5010960866162213,-0.10222222222222223,0,0
70,14,84,4,1,24,0,0,1,0,0,fiber,go,5ea5bbfd4472b0274bb15b04456ed9097efa7630,d0e828dbf51417b0be547ba3e9c70222c078119d,234.74,235.635,0.0038127289767401454,1.6621180523011098e-06,-0.7211111111111111,0,0
0,0,0,0,1,60,0,0,1,0,0,fiber,go,d0e828dbf51417b0be547ba3e9c70222c078119d,5b3d12ef05aaf6df129ce9a34c7e37128b368e87,235.635,235.53,-0.0004456044305811521,0.609967831602203,0.07777777777777778,0,0
37,9,46,2,1,21,0,1,0,0,0,fiber,go,5b3d12ef05aaf6df129ce9a34c7e37128b368e87,d8961a7ed9adadda6876536edd3db72abf0669a3,235.53,235.195,-0.001422324120069664,0.5996337110276607,0.08,0,0
0,0,0,0,1,49,0,0,0,0,0,fiber,go,d8961a7ed9adadda6876536edd3db72abf0669a3,8d9224dbfe310d8d4a56e904dfbf869a034ca9a8,235.195,235.36,0.0007015455260529368,0.9058429355808618,0.01888888888888889,0,0
7,0,7,1,1,91,0,0,1,0,0,fiber,go,8d9224dbfe310d8d4a56e904dfbf869a034ca9a8,552f5a99cc9663255fe23e591d02095e846590a9,235.36,235.39999999999998,0.00016995241332411461,0.27384748495762146,-0.16555555555555557,0,0
11,15,26,5,1,53,0,0,0,0,0,fiber,go,552f5a99cc9663255fe23e591d02095e846590a9,56283b8afd41a195d234c9163cc283b7fd7acca2,235.39999999999998,235.29500000000002,-0.0004460492778248146,0.21151046657698014,0.18888888888888888,0,0
0,0,0,0,1,60,0,0,0,0,0,fiber,go,56283b8afd41a195d234c9163cc283b7fd7acca2,e79a36cb4ce2b53a6860752c8a7200bc944a98f8,235.29500000000002,235.435,0.0005949977687583092,0.3710238578646069,-0.13555555555555557,0,0
12,3,15,1,2,77,0,0,0,0,0,fiber,go,e79a36cb4ce2b53a6860752c8a7200bc944a98f8,e619451d9e5c8d6a9411c4d97c5585235da5eda5,235.435,235.635,0.0008494913670439342,0.5542238006742779,-0.09,0,0
7,0,7,1,2,155,0,0,1,0,0,fiber,go,e619451d9e5c8d6a9411c4d97c5585235da5eda5,4dd33f158e480ada217f9ec0ca597b2ebc08f329,235.635,235.42,-0.00091242811976151,0.41606459665740303,0.12333333333333334,0,0
0,0,0,0,1,42,0,0,0,0,0,fiber,go,4dd33f158e480ada217f9ec0ca597b2ebc08f329,f9fac804928168ae5bfd41eeaecbd02712449f8b,235.42,235.235,-0.0007858295811739609,0.23682846325447893,0.17888888888888888,0,0
13,0,13,1,1,24,0,0,0,0,0,fiber,go,f9fac804928168ae5bfd41eeaecbd02712449f8b,4868e4dd505a891a598a096809b2e158c0bf638a,235.235,235.495,0.0011052777010223433,0.6843018384121675,-0.06222222222222222,0,0
8324,1605,9929,54,1,11,0,0,0,0,0,fiber,go,4868e4dd505a891a598a096809b2e158c0bf638a,ea6cca7a0549de73c011a5370c41f38b6d627d70,235.495,234.41,-0.004607316503535141,6.726305328667745e-06,0.6777777777777778,0,0
0,102,102,1,1,11,0,0,0,0,0,fiber,go,ea6cca7a0549de73c011a5370c41f38b6d627d70,4b779ceee1a5475b67173ebde98486e2e2954f6a,234.41,234.93,0.0022183353952476867,0.01627886507470352,-0.3622222222222222,0,0
1605,8222,9827,53,31,1324,1,1,1,0,0,fiber,go,4b779ceee1a5475b67173ebde98486e2e2954f6a,3ab6ce73d13a500b02645a6f1ae99351ebf57477,234.93,235.7,0.0032775720427360567,6.728285890841167e-06,-0.6777777777777778,0,0
6874,0,6874,22,3,64,0,0,0,0,0,fiber,go,3ab6ce73d13a500b02645a6f1ae99351ebf57477,93cd0c5cc70f45b0f80aaa8b415e68247112d75f,235.7,235.315,-0.0016334323292320361,0.12231138872978704,0.23333333333333334,0,0
1,1,2,1,1,17,0,0,0,0,0,fiber,go,93cd0c5cc70f45b0f80aaa8b415e68247112d75f,8c0bd56ef3a170d3e7e2338e06021df8bdc511c1,235.315,235.57999999999998,0.0011261500541826332,0.31827733298148364,-0.1511111111111111,0,0
8,4,12,3,1,60,0,1,0,0,0,fiber,go,8c0bd56ef3a170d3e7e2338e06021df8bdc511c1,e0122f261c5d3a3f861c041f58e21ed1155f7aa4,235.57999999999998,235.64999999999998,0.0002971389761439561,0.6788752620307703,-0.06333333333333334,0,0
0,0,0,0,1,44,0,0,0,0,0,fiber,go,e0122f261c5d3a3f861c041f58e21ed1155f7aa4,14a7db0928be5426ffa4653fdde9eae59ac5fac5,235.64999999999998,235.47,-0.0007638446849139759,0.8187332804587691,0.035555555555555556,0,0
12,16,28,3,1,14,0,0,0,0,1,fiber,go,14a7db0928be5426ffa4653fdde9eae59ac5fac5,ba08653c92f86bc69956b23714f919b705d9381e,235.47,235.495,0.00010617063744853139,0.3911046315994664,0.13,0,0
16,12,28,3,3,146,0,1,0,0,0,fiber,go,ba08653c92f86bc69956b23714f919b705d9381e,8745ad7fc29d9d830f8218cff483479d15e187d6,235.495,235.32999999999998,-0.000700651818510034,0.5492934927089566,0.09111111111111111,0,0
126,14,140,2,1,46,0,0,0,0,0,fiber,go,8745ad7fc29d9d830f8218cff483479d15e187d6,e8e706c2b80594b2c4fdaad9a443dcb58782e8d0,235.32999999999998,235.42000000000002,0.00038244167764429454,0.9410666280685329,-0.012222222222222223,0,0
24,2,26,1,1,34,0,0,0,0,0,fiber,go,e8e706c2b80594b2c4fdaad9a443dcb58782e8d0,87419a26d78cbc827865fca87a94528164dd1484,235.42000000000002,235.325,-0.0004035341092516663,0.8302436711376447,0.03333333333333333,0,0
40,27,67,1,1,37,0,0,0,0,0,fiber,go,87419a26d78cbc827865fca87a94528164dd1484,5c9f8a52fdedbf1c4acf75504deb7590f1d6b855,235.325,235.60500000000002,0.0011898438329970447,0.1392564001707977,-0.22333333333333333,0,0
13,2,15,2,1,46,0,0,0,0,0,fiber,go,5c9f8a52fdedbf1c4acf75504deb7590f1d6b855,92695139174361e891a1fdfb5705cd7d16ff6f91,235.60500000000002,235.505,-0.000424439209694288,0.9410666280685329,0.012222222222222223,0,0
8,3,11,2,1,22,0,1,0,0,0,fiber,go,92695139174361e891a1fdfb5705cd7d16ff6f91,bc3b69cccaa0c4aabd95779d6348671c553a2608,235.505,235.615,0.0004670813783147434,0.8187357552650155,-0.035555555555555556,0,0
1,1,2,1,1,14,0,0,0,0,0,fiber,go,bc3b69cccaa0c4aabd95779d6348671c553a2608,59f2497b4853f98293813b0d82c04ee2ae3fe2ff,235.615,235.53500000000003,-0.00033953695647553884,0.9646193664626411,0.0077777777777777776,0,0
1,1,2,1,1,46,0,0,0,0,0,fiber,go,59f2497b4853f98293813b0d82c04ee2ae3fe2ff,23bddfd23fa0d2630fc6ba2599c3bb53632e98ae,235.53500000000003,235.53500000000003,0.0,0.5893942743705127,0.08222222222222222,0,0
35,8,43,3,1,61,0,0,1,0,0,fiber,go,23bddfd23fa0d2630fc6ba2599c3bb53632e98ae,3308a32a3aacc08aede663a4634525d7fed74884,235.53500000000003,235.57,0.00014859787292745521,0.8417819274960735,0.03111111111111111,0,0
1,1,2,1,1,39,0,0,0,0,0,fiber,go,3308a32a3aacc08aede663a4634525d7fed74884,43e100f36c2494185b2b1ed7227d665cbe444344,235.57,235.515,-0.00023347624909796164,0.894132904632599,0.021111111111111112,0,0
337,79,416,7,1,35,0,0,0,0,0,fiber,go,43e100f36c2494185b2b1ed7227d665cbe444344,66d2e7deda2586eaa4e3724390e33edab8b07d30,235.515,235.45999999999998,-0.00023353077298688757,0.8072486974657219,0.03777777777777778,0,0
64,0,64,2,10,430,0,1,1,0,0,fiber,go,66d2e7deda2586eaa4e3724390e33edab8b07d30,847a7b5518f0915b8d46ef77cc2d915fc1145142,235.45999999999998,235.74,0.0011891616410431903,0.1473335015760556,-0.21888888888888888,0,0
0,2,2,1,1,24,0,0,0,0,0,fiber,go,847a7b5518f0915b8d46ef77cc2d915fc1145142,c4dfe9a500c705216a8e435c8dfadd3cd6d888e3,235.74,235.53,-0.000890811911427878,0.18083893292650932,0.20222222222222222,0,0
694,546,1240,17,2,27,0,0,0,0,1,fiber,go,c4dfe9a500c705216a8e435c8dfadd3cd6d888e3,67dfa179030d6e44d0190437b7ee803de96e2d38,235.53,235.66500000000002,0.000573175391669933,0.14324847211730327,-0.22111111111111112,0,0
7,3,10,2,3,146,0,1,0,0,0,fiber,go,67dfa179030d6e44d0190437b7ee803de96e2d38,5259f3a40b0e709ddbd820d893e86c6f1b94836b,235.66500000000002,235.7,0.00014851590180963727,0.9117004229741033,0.017777777777777778,0,0
1,1,2,1,2,62,0,1,0,0,0,fiber,go,5259f3a40b0e709ddbd820d893e86c6f1b94836b,3dd3a0e6c1143a1d67a198be144114f5e81c889e,235.7,235.55,-0.0006364022061942184,0.11704423010445425,0.23666666666666666,0,0
529,19,548,8,23,936,0,1,1,0,0,fiber,go,3dd3a0e6c1143a1d67a198be144114f5e81c889e,0c721db068860c9c94a3371783646a56aab544fb,235.55,235.53,-8.490766291662165e-05,0.3401811028266629,-0.14444444444444443,0,0
20,530,550,9,1,47,0,0,0,0,0,fiber,go,0c721db068860c9c94a3371783646a56aab544fb,0369dd419f9149d2c22e6e9d65ee3323de7f4ab9,235.53,235.75,0.0009340636012397523,0.4686925488702566,-0.11,0,0
530,20,550,9,27,1087,0,1,1,0,0,fiber,go,0369dd419f9149d2c22e6e9d65ee3323de7f4ab9,d006a033b8922040b3a93c4c8e89780cc9fef198,235.75,235.665,-0.0003605514316013063,0.8649621157925366,0.02666666666666667,0,0
0,7,7,1,1,30,0,0,0,0,0,fiber,go,d006a033b8922040b3a93c4c8e89780cc9fef198,d8e763e36631dd8cd3bddc2bb581f32bd8e1ab09,235.665,235.57,-0.0004031145906265201,0.888282795914002,0.022222222222222223,0,0
10,6,16,3,3,114,0,0,0,0,1,fiber,go,d8e763e36631dd8cd3bddc2bb581f32bd8e1ab09,e32cad80c84266e60d360ec3f8dc9a20efddddd3,235.57,235.64,0.0002971515897609763,0.5641822260255731,0.08777777777777777,0,0
37,16,53,2,1,30,0,0,0,0,0,fiber,go,e32cad80c84266e60d360ec3f8dc9a20efddddd3,726600f577dea4fad7846a07eb4968cbb2f14eae,235.64,235.425,-0.0009124087591239815,0.4552092046996091,0.11333333333333333,0,0
133,284,417,5,1,27,0,0,0,0,0,fiber,go,726600f577dea4fad7846a07eb4968cbb2f14eae,8334eb1f9ec0f7113a971742a6aeec0576cb0744,235.425,235.49,0.0002760964213656057,0.929305328537454,0.014444444444444444,0,0
306,180,486,10,2,76,0,0,0,0,0,fiber,go,8334eb1f9ec0f7113a971742a6aeec0576cb0744,8b392e8a199bbb2aea0b2c0181de20082e57b594,235.49,229.47,-0.02556371820459472,7.37630507247269e-08,0.81,0,0
179,306,485,10,6,191,0,0,0,0,1,fiber,go,8b392e8a199bbb2aea0b2c0181de20082e57b594,d5dbad6476f0ad9c45eead58100513c33b18305d,229.47,229.49,8.715736261825176e-05,0.5792362276851251,-0.08444444444444445,0,0
3,3,6,1,1,18,0,0,0,0,0,fiber,go,d5dbad6476f0ad9c45eead58100513c33b18305d,32fdbf0ddf1eae426fae805d2dcdf33256e7956f,229.49,229.495,2.1787441718573587e-05,0.9058338189122781,0.01888888888888889,0,0
0,7,7,1,3,118,0,0,0,0,0,fiber,go,32fdbf0ddf1eae426fae805d2dcdf33256e7956f,0d53f943853e5d98a20ddbe3dc20482d531b0757,229.495,229.45999999999998,-0.0001525087692543411,0.6788373391990339,0.06333333333333334,0,0
464,104,568,9,1,20,0,0,0,0,0,fiber,go,0d53f943853e5d98a20ddbe3dc20482d531b0757,ecdda95e15b883c2ad137e8e66062b7daf0bc6ab,229.45999999999998,229.435,-0.00010895145123323134,0.9116845334513276,0.017777777777777778,0,0
10,18,28,1,1,21,0,0,1,1,0,fiber,go,ecdda95e15b883c2ad137e8e66062b7daf0bc6ab,c863519f54f7a070def784205f281cfcd83d803c,229.435,229.525,0.0003922679626038024,0.5842422865174876,-0.08333333333333333,0,0
2,2,4,1,1,16,0,0,0,0,0,fiber,go,c863519f54f7a070def784205f281cfcd83d803c,a90ebb70980ac73f44cbf96bdddb5460bc06f9f5,229.525,229.66,0.0005881712231782634,0.12960095252873194,-0.2288888888888889,0,0
60,2,62,3,1,23,0,0,0,0,0,fiber,go,a90ebb70980ac73f44cbf96bdddb5460bc06f9f5,17b6597ec83edd3a419091da68593ff7f9e9b5c3,229.66,229.63,-0.0001306278846991254,0.4117613808032822,0.12444444444444444,0,0
1,1,2,1,1,20,0,0,0,0,0,fiber,go,17b6597ec83edd3a419091da68593ff7f9e9b5c3,67eed4c7217b8ece8850d771fcd7db7520208241,229.63,229.475,-0.0006749989112920836,0.40755497085319836,0.12555555555555556,0,0
0,7,7,1,4,160,0,0,0,0,0,fiber,go,67eed4c7217b8ece8850d771fcd7db7520208241,58cd7a924538a9bd0a8663bf61ed82f6b86668cb,229.475,229.475,0.0,0.4732850816972528,-0.10888888888888888,0,0
78,58,136,1,1,19,0,0,0,0,0,fiber,go,58cd7a924538a9bd0a8663bf61ed82f6b86668cb,e41bf7f08fd80526f077eaf908af13f7d0b0facc,229.475,229.555,0.0003486218542325417,0.7061208749509904,0.057777777777777775,0,0
2,7,9,1,1,32,0,0,0,0,0,fiber,go,e41bf7f08fd80526f077eaf908af13f7d0b0facc,1b4c0432c07b58e5d3ae3ad05053cf9bb0f32c18,229.555,229.57,6.534381738575225e-05,0.8015009281817828,-0.03888888888888889,0,0
84,32,116,1,1,16,0,0,0,0,0,fiber,go,1b4c0432c07b58e5d3ae3ad05053cf9bb0f32c18,c78a5013c0031086f2da493e756b3dccd509a62a,229.57,229.495,-0.00032669773925159487,0.9587251883338888,0.008888888888888889,0,0
26,0,26,1,1,38,0,0,1,0,0,fiber,go,c78a5013c0031086f2da493e756b3dccd509a62a,8ad1d16f3a418458721a3b0906351ce93ba005cd,229.495,229.57999999999998,0.00037037843961733167,0.7505470230882104,0.04888888888888889,0,0
13,111,124,3,1,21,0,0,0,0,0,fiber,go,8ad1d16f3a418458721a3b0906351ce93ba005cd,7f3d31c4a3eeafafa382ab3b888c751611d3f814,229.57999999999998,229.58499999999998,2.177890060107785e-05,0.8014928229233559,-0.03888888888888889,0,0
111,13,124,3,5,159,0,0,1,0,0,fiber,go,7f3d31c4a3eeafafa382ab3b888c751611d3f814,1001fb5dea15a54f5521d9bef1e185edaa3bed44,229.58499999999998,229.615,0.00013067055774562607,0.43748848888891867,-0.11777777777777777,0,0
68,118,186,4,2,49,1,0,0,0,0,fiber,go,1001fb5dea15a54f5521d9bef1e185edaa3bed44,79c151c2380f3f87a2acedf6d274ec22119a2e99,229.615,229.52,-0.00041373603640876624,0.6466193319616128,0.07,0,0
5,2,7,2,1,21,0,1,0,0,0,fiber,go,79c151c2380f3f87a2acedf6d274ec22119a2e99,70d7c5355746b4997455aba4950d1b0d4b048ae5,229.52,229.39499999999998,-0.00054461484837935,0.06892069967107696,0.27444444444444444,0,0
2,1,3,1,1,20,0,0,0,0,0,fiber,go,70d7c5355746b4997455aba4950d1b0d4b048ae5,5bc5f963244581a47f85aedd99e316a04d7b3603,229.39499999999998,229.47,0.00032694696920166987,0.7901014852042134,-0.04111111111111111,0,0
1,1,2,1,1,25,1,0,0,0,0,fiber,go,5bc5f963244581a47f85aedd99e316a04d7b3603,cee3c759e3bf9edae209a68916a951750eee7705,229.47,229.54500000000002,0.0003268401098183512,0.27713578966097796,-0.16444444444444445,0,0
10,12,22,1,1,19,0,0,0,0,0,fiber,go,cee3c759e3bf9edae209a68916a951750eee7705,f5314b66b9cc5364e73603ef1cdf13c194487fb2,229.54500000000002,229.445,-0.0004356444270187664,0.1644741433971063,0.21,0,0
2,0,2,1,1,21,0,0,0,0,0,fiber,go,f5314b66b9cc5364e73603ef1cdf13c194487fb2,7ca70fcb17551cd35765d499cef49a1e4d870635,229.445,229.45999999999998,6.537514437005103e-05,0.6360515622359779,-0.07222222222222222,0,0
93,0,93,2,6,201,0,0,1,0,0,fiber,go,7ca70fcb17551cd35765d499cef49a1e4d870635,eea842dc39608b064a838f331628cd441312ee0d,229.45999999999998,229.53,0.00030506406345341935,0.8129848860722368,-0.03666666666666667,0,0
50,3,53,3,1,40,1,0,0,0,0,fiber,go,eea842dc39608b064a838f331628cd441312ee0d,1ad625704d34739e01f3adc53209e4143fe4ad26,229.53,229.485,-0.00019605280355503637,0.625558523798388,0.07444444444444444,0,0
13,150,163,6,1,27,0,0,0,0,0,fiber,go,1ad625704d34739e01f3adc53209e4143fe4ad26,8459618bfac5b637fe1a3bba999a5ca179ec2dcc,229.485,229.42000000000002,-0.00028324291348017395,0.7006302403898252,0.058888888888888886,0,0
8,8,16,5,1,27,0,0,0,0,0,fiber,go,8459618bfac5b637fe1a3bba999a5ca179ec2dcc,7892ab62bf6ea6e4049e3d01438dd4fb4b8a2890,229.42000000000002,229.555,0.0005884404149594233,0.14117249103782586,-0.2222222222222222,0,0
143,3,146,5,8,283,1,0,1,0,0,fiber,go,7892ab62bf6ea6e4049e3d01438dd4fb4b8a2890,5d6e62b7c10ed4bd1baf52cb8a08631a65044d66,229.555,229.47,-0.0003702816318529675,0.23387843698608712,0.18,0,0
173,174,347,11,1,26,0,0,0,1,0,fiber,go,5d6e62b7c10ed4bd1baf52cb8a08631a65044d66,00750b8989ff199b3313d035935a1bf300e9c5c9,229.47,229.425,-0.00019610406589091166,0.8882843383156097,0.022222222222222223,0,0
0,0,0,0,1,64,0,0,0,1,0,fiber,go,00750b8989ff199b3313d035935a1bf300e9c5c9,f19e7c2a0f8734e85496bf10e205479bb3e08930,229.425,229.61,0.0008063637354255302,0.044291177025047326,-0.30333333333333334,0,0
45,62,107,15,2,103,0,1,0,0,0,fiber,go,f19e7c2a0f8734e85496bf10e205479bb3e08930,5498f701dc5c0fdb6b5f31367834a6831b478e2d,229.61,229.495,-0.0005008492661469844,0.4595979805705459,0.11222222222222222,0,0
242,361,603,32,1,26,0,0,0,0,0,fiber,go,5498f701dc5c0fdb6b5f31367834a6831b478e2d,c9bbc9fc540139855d24a3006aeb21a272f61bfa,229.495,228.82,-0.0029412405499030974,6.490376013038644e-06,0.6788888888888889,0,0
8,6,14,1,1,22,0,0,0,0,0,fiber,go,c9bbc9fc540139855d24a3006aeb21a272f61bfa,1ebdf49faf4a2b714a2e397f27042e07f976d974,228.82,228.815,-2.1851236779981874e-05,0.9882002302212474,-0.0033333333333333335,0,0
361,239,600,31,13,518,1,1,1,1,0,fiber,go,1ebdf49faf4a2b714a2e397f27042e07f976d974,30228a1e7514bf45d27de0e1e330504c38439421,228.815,228.735,-0.00034962742827167835,0.6572689750944103,0.06777777777777778,0,0
0,0,0,0,1,47,0,0,0,0,0,fiber,go,30228a1e7514bf45d27de0e1e330504c38439421,39e3fedb69232f161008936996f68d46bacfa49a,228.735,228.875,0.0006120619931361022,0.6099082282603627,-0.07777777777777778,0,0
0,0,0,0,2,89,0,0,0,0,0,fiber,go,39e3fedb69232f161008936996f68d46bacfa49a,1bf10db669f703e4a54c35d415553d1949834bd4,228.875,228.75,-0.0005461496450027307,0.8766229974912719,-0.024444444444444446,0,0
283,35,318,12,1,24,0,0,0,0,0,fiber,go,1bf10db669f703e4a54c35d415553d1949834bd4,891f36340ec1028b8a0b4905a0402e9b1e68f8c0,228.75,228.69,-0.00026229508196722306,0.22531790779333916,0.18333333333333332,0,0
0,0,0,0,1,42,0,0,0,0,0,fiber,go,891f36340ec1028b8a0b4905a0402e9b1e68f8c0,4ad0f30b38b8347e14a9deb19db417071658e51f,228.69,228.975,0.0012462285189557768,0.23680891511133795,-0.17888888888888888,0,0
1,1,2,1,1,14,0,0,0,0,1,fiber,go,4ad0f30b38b8347e14a9deb19db417071658e51f,a6ecae5a38ed63849998aa7385dd83b1c1bad042,228.975,228.815,-0.0006987662408559738,0.41607107502090446,0.12333333333333334,0,0
0,0,0,0,2,84,0,0,0,0,0,fiber,go,a6ecae5a38ed63849998aa7385dd83b1c1bad042,0a5d73f85653b51c09f458443a0098b97f7d4883,228.815,228.865,0.00021851714266989214,0.7561718172151204,-0.04777777777777778,0,0
28,11,39,2,1,19,0,0,0,0,0,fiber,go,0a5d73f85653b51c09f458443a0098b97f7d4883,7b9991005fd3d52d7af3950410ea5168a32ecb3c,228.865,228.845,-8.738776134406847e-05,0.9528352296982492,-0.01,0,0
0,0,0,0,3,126,0,0,0,0,0,fiber,go,7b9991005fd3d52d7af3950410ea5168a32ecb3c,e25bd848efd7cfb1ef8007bc0a654501b3f93a00,228.845,228.755,-0.00039327929384519396,0.6788836875050266,0.06333333333333334,0,0
3,2,5,2,1,19,0,0,0,1,0,fiber,go,e25bd848efd7cfb1ef8007bc0a654501b3f93a00,0146b92ba69b4ac49a29d4d182eb14038174a9cd,228.755,229.0,0.0010710148412056766,0.24576787726542804,-0.17555555555555555,0,0
0,0,0,0,1,55,0,0,0,1,0,fiber,go,0146b92ba69b4ac49a29d4d182eb14038174a9cd,0d25f8c3f57c4d359bd7e18fc71da571a3d1a943,229.0,228.84,-0.0006986899563318628,0.4778585406919461,0.10777777777777778,0,0
36,24,60,6,1,40,0,0,0,0,0,fiber,go,0d25f8c3f57c4d359bd7e18fc71da571a3d1a943,0d3d6d9fe83f8144c76d423162b48b5d4c2013f0,228.84,228.82999999999998,-4.369865408153875e-05,0.6466788300133266,0.07,0,0
0,16,16,1,1,22,0,0,1,0,0,fiber,go,0d3d6d9fe83f8144c76d423162b48b5d4c2013f0,f4e40a722494e0c5701e0940a10a901fa53f164a,228.82999999999998,228.87,0.00017480225494917828,0.5443628153216707,-0.09222222222222222,0,0
4,4,8,1,1,30,0,0,0,0,0,fiber,go,f4e40a722494e0c5701e0940a10a901fa53f164a,ea1fed9cbb6169964913436acece237ca42f2c81,228.87,228.875,2.18464630576111e-05,0.6788415535095802,0.06333333333333334,0,0
3,2,5,2,6,242,0,0,0,1,0,fiber,go,ea1fed9cbb6169964913436acece237ca42f2c81,6c165f98813a2ba81c590ae2c3a7de8a515ab266,228.875,228.745,-0.0005679956308028201,0.6572689750944103,0.06777777777777778,0,0
0,0,0,0,1,47,0,0,0,0,0,fiber,go,6c165f98813a2ba81c590ae2c3a7de8a515ab266,f02b8d8317ef3c9299c714da103417f96910c760,228.745,228.64499999999998,-0.0004371680255307121,0.5443292527103297,0.09222222222222222,0,0
1,1,2,1,1,30,0,0,0,0,0,fiber,go,f02b8d8317ef3c9299c714da103417f96910c760,a9d628641e08b14a33ba23e6db3ee76b0da423db,228.64499999999998,228.81,0.0007216427212491875,0.36706334692547826,-0.13666666666666666,0,0
1,1,2,1,1,14,0,0,0,0,1,fiber,go,a9d628641e08b14a33ba23e6db3ee76b0da423db,0483406a12617f6a1f10506d428189357ea26af7,228.81,228.965,0.0006774179450198905,0.4160840311163114,-0.12333333333333334,0,0
0,0,0,0,2,85,0,0,0,0,0,fiber,go,0483406a12617f6a1f10506d428189357ea26af7,9f77e3837e2721b021608c2ae2e1aace0ed38e78,228.965,228.855,-0.0004804227720394542,0.7787510351725768,0.043333333333333335,0,0
823,0,823,7,1,21,0,0,0,0,0,fiber,go,9f77e3837e2721b021608c2ae2e1aace0ed38e78,8dd663175e5a09cd66a639647de11c6018dcb935,228.855,228.96,0.0004588057940618217,0.5944936722348673,-0.0811111111111111,0,0
160,68,228,7,1,17,0,0,0,0,0,fiber,go,8dd663175e5a09cd66a639647de11c6018dcb935,015de85e307948b305366ca1c657064b6cb7d340,228.96,228.66,-0.0013102725366876805,0.03382969526231839,0.32,0,0
0,915,915,9,4,169,0,0,0,0,0,fiber,go,015de85e307948b305366ca1c657064b6cb7d340,7ada05c9b488b8832c1949f81a2cd0487132fab0,228.66,228.825,0.0007215953817895218,0.34394436632293224,-0.14333333333333334,0,0
15,15,30,15,2,69,0,0,0,0,0,fiber,go,7ada05c9b488b8832c1949f81a2cd0487132fab0,f06f81cb57726b253c36c727a38aa2a7a8ac4997,228.825,228.805,-8.740303725546514e-05,0.9175493370920507,0.016666666666666666,0,0
17,14,31,1,1,19,0,0,0,0,0,fiber,go,f06f81cb57726b253c36c727a38aa2a7a8ac4997,d27b4cfa1ecd845161a5b249d898146fa16b8b03,228.805,228.71,-0.00041520071676754816,0.42032821893155314,0.12222222222222222,0,0
14,17,31,1,1,19,0,0,0,0,0,fiber,go,d27b4cfa1ecd845161a5b249d898146fa16b8b03,4fc45599d2fbac26f571ab0f761ef7e2e5b0b3cb,228.71,228.78,0.0003060644484281106,0.3829624939031492,-0.1322222222222222,0,0
0,0,0,0,1,48,0,0,0,0,0,fiber,go,4fc45599d2fbac26f571ab0f761ef7e2e5b0b3cb,3cabed8b7d614894dbd7e456c2f3f270863b8816,228.78,228.835,0.00024040562986278006,0.9528385027806506,0.01,0,0
2,5,7,1,2,78,0,0,0,0,0,fiber,go,3cabed8b7d614894dbd7e456c2f3f270863b8816,060a10d822a628d084cf2061f49d90c7917b6dc8,228.835,228.83999999999997,2.184980444410615e-05,0.8072513232747691,-0.03777777777777778,0,0
1491,420,1911,39,3,53,0,0,0,0,0,fiber,go,060a10d822a628d084cf2061f49d90c7917b6dc8,8bd50de610daea2c43eb8eb1aa8d24c47e255add,228.83999999999997,228.93,0.0003932878867332278,0.689720089502782,-0.06111111111111111,0,0
1,1,2,1,1,14,0,0,0,0,1,fiber,go,8bd50de610daea2c43eb8eb1aa8d24c47e255add,d8eb5a5c256eb37f078a9b58387642f2a691bdf8,228.93,234.81,0.025684707115712205,4.1763186730820774e-09,-0.8844444444444445,0,0
317,245,562,10,1,18,0,0,0,0,0,fiber,go,d8eb5a5c256eb37f078a9b58387642f2a691bdf8,687717f113b6220c97584700e3ecf1cc1c34a3e9,234.81,234.64,-0.0007239896086198029,0.2487883593434097,0.17444444444444446,0,0
10,2,12,2,1,33,0,0,0,0,0,fiber,go,687717f113b6220c97584700e3ecf1cc1c34a3e9,0d5519fc09e83331d3f54fa0145d34e1de720f08,234.64,233.995,-0.0027488919195362334,0.2938251920513174,0.15888888888888889,0,0
199,174,373,4,1,22,0,1,0,0,0,fiber,go,0d5519fc09e83331d3f54fa0145d34e1de720f08,053dfd383d93e6bc139c083884ad273ed4695312,233.995,234.84,0.003611188273253697,0.185717959737685,-0.2,0,0
16,3,19,1,1,21,0,0,0,0,0,fiber,go,053dfd383d93e6bc139c083884ad273ed4695312,2a541b021c80b17a180a895942121ef051b48298,234.84,234.64999999999998,-0.0008090614886732505,0.7393813731378593,0.051111111111111114,0,0
4,2,6,2,1,16,0,0,0,0,0,fiber,go,2a541b021c80b17a180a895942121ef051b48298,2b0f65c5d2a99c1d359b2eb0eb0e34b9d408296c,234.64999999999998,234.775,0.0005327082889410971,0.25182811561505614,-0.17333333333333334,0,0
12,16,28,5,1,11,0,1,0,0,0,fiber,go,2b0f65c5d2a99c1d359b2eb0eb0e34b9d408296c,1bd7b1b15bca784d80a688754e9b6146b133b187,234.775,234.54500000000002,-0.0009796613779149814,0.22252791168910113,0.18444444444444444,0,0
75,68,143,5,1,22,0,0,0,0,0,fiber,go,1bd7b1b15bca784d80a688754e9b6146b133b187,66ee4de7d82803fd63d8c20f246f3b3a8e4e460f,234.54500000000002,234.38,-0.000703489735445311,0.9469529986161934,-0.011111111111111112,0,0
841,2010,2851,55,12,427,0,0,0,0,0,fiber,go,66ee4de7d82803fd63d8c20f246f3b3a8e4e460f,52fad55267175abc4bf3e4d68bcee2e17ca35566,234.38,234.38,0.0,0.5443572220646885,0.09222222222222222,0,0
2011,842,2853,55,12,224,0,1,0,0,1,fiber,go,52fad55267175abc4bf3e4d68bcee2e17ca35566,70a3a4dc213ca4ae996395f800d5e47b0fcfc728,234.38,234.645,0.001130642546292409,0.28707175127652285,-0.16111111111111112,0,0
842,2011,2853,55,13,470,0,0,0,0,0,fiber,go,70a3a4dc213ca4ae996395f800d5e47b0fcfc728,ea5082373041dc0e842f301e0acca2d750fae302,234.645,234.945,0.0012785271367384045,0.5010782402720987,-0.10222222222222223,0,0
2017,848,2865,55,13,236,0,1,0,0,1,fiber,go,ea5082373041dc0e842f301e0acca2d750fae302,ce897c0b66b936fd7bf915dc654d85986154ef53,234.945,234.45,-0.002106876077379832,0.3291303849025653,0.14777777777777779,0,0
0,58,58,2,1,19,0,0,0,0,0,fiber,go,ce897c0b66b936fd7bf915dc654d85986154ef53,ee596c2c8d45a809d2bc6f03e7f9317819accd78,234.45,235.01,0.002388568991256141,0.08364851080664723,-0.2611111111111111,0,0
2,1,3,1,1,14,0,1,0,0,0,fiber,go,ee596c2c8d45a809d2bc6f03e7f9317819accd78,d8623ef53caa34c6813bc7815020e1caa33052e3,235.01,234.76999999999998,-0.0010212331390153997,0.4507891828422561,0.11444444444444445,0,0
54,9,63,2,1,16,0,0,0,0,0,fiber,go,d8623ef53caa34c6813bc7815020e1caa33052e3,75e3f13de190f327ce0c81ad611fc5527dfc6da8,234.76999999999998,234.66,-0.00046854368104947493,0.6680586816701353,0.06555555555555556,0,0
43,39,82,3,1,23,0,0,0,0,0,fiber,go,75e3f13de190f327ce0c81ad611fc5527dfc6da8,2cafd486ef3b821adb64385b3a0d95f6f8488e7f,234.66,234.825,0.0007031449757095033,0.790132818434192,-0.04111111111111111,0,0
4,1,5,1,1,16,0,0,0,0,0,fiber,go,2cafd486ef3b821adb64385b3a0d95f6f8488e7f,2864657c763168df98720626426d001bb9240832,234.825,234.22,-0.0025763866709251136,0.2142383080048621,0.18777777777777777,0,0
1,1,2,1,1,40,0,0,0,0,0,fiber,go,2864657c763168df98720626426d001bb9240832,b29d500fc03cbac2c842e3c4c18276cfdfb1363a,234.22,234.775,0.0023695670736914305,0.3291572659215325,-0.14777777777777779,0,0
18,19,37,1,1,23,0,0,0,0,0,fiber,go,b29d500fc03cbac2c842e3c4c18276cfdfb1363a,ec8fdb32dec799a858eb9870cebf4baf1ed403b0,234.775,229.67000000000002,-0.021744223192418227,0.11706458227831114,0.23666666666666666,0,0
86,79,165,5,1,26,0,0,0,0,0,fiber,go,ec8fdb32dec799a858eb9870cebf4baf1ed403b0,ef35d00a79fc72082a17183df8246440e151eeb4,229.67000000000002,234.62,0.021552662515783465,0.10545058642186604,-0.24444444444444444,0,0
848,2019,2867,54,14,493,0,0,0,0,0,fiber,go,ef35d00a79fc72082a17183df8246440e151eeb4,5af5459db87f99a331c5bb9ad46abae551d9a9a6,234.62,234.55,-0.00029835478646318805,0.4641611610531391,0.1111111111111111,0,0
2089,848,2937,55,22,432,0,1,1,0,1,fiber,go,5af5459db87f99a331c5bb9ad46abae551d9a9a6,e25206458d37419e3bcaea5fecc56d6be65b15f7,234.55,234.14,-0.001748028138989661,1.0,0.0011111111111111111,0,0
848,2089,2937,55,15,544,0,1,0,0,0,fiber,go,e25206458d37419e3bcaea5fecc56d6be65b15f7,5b08aa1dea0d0a7d2e4bf9b4b8cb016fb3ebbf72,234.14,234.675,0.0022849577176049587,0.5346011799500472,-0.09444444444444444,0,0
2092,848,2940,55,23,448,0,1,1,0,1,fiber,go,5b08aa1dea0d0a7d2e4bf9b4b8cb016fb3ebbf72,573853d44047bd4c7809a13c2f1e8b89f569825a,234.675,234.845,0.000724406093533557,0.17844134093775188,-0.20333333333333334,0,0
851,2094,2945,55,16,600,0,1,0,0,0,fiber,go,573853d44047bd4c7809a13c2f1e8b89f569825a,df78ede567ab200d81f65590c61993c188ee043a,234.845,234.07999999999998,-0.0032574676914561298,0.037771369005087464,0.31333333333333335,0,0
2056,792,2848,38,24,482,0,1,1,0,1,fiber,go,df78ede567ab200d81f65590c61993c188ee043a,d1098d70579f28218c4cecc8aad7c2cd5d24e794,234.07999999999998,234.70999999999998,0.002691387559808593,0.10705076773210762,-0.24333333333333335,0,0
115,1,116,1,1,18,0,0,0,0,0,fiber,go,d1098d70579f28218c4cecc8aad7c2cd5d24e794,edd9890518ade7817af6a48659c5af317bb41a55,234.70999999999998,234.67000000000002,-0.0001704230752842385,0.9528378482186842,0.01,0,0
23,23,46,1,1,22,0,0,1,0,0,fiber,go,edd9890518ade7817af6a48659c5af317bb41a55,37dd02e4cb98d16debbf3452f248763736dadba6,234.67000000000002,234.73000000000002,0.00025567818638940756,0.7061442381963257,0.057777777777777775,0,0
0,0,0,0,1,47,0,0,0,0,0,fiber,go,37dd02e4cb98d16debbf3452f248763736dadba6,e5cffc9bc90c703ba3addf4e5f7f6968c2fdefb1,234.73000000000002,234.62,-0.0004686235249010081,0.7787690008697408,0.043333333333333335,0,0
1119,11290,12409,119,1,58,0,1,0,0,0,fiber,go,e5cffc9bc90c703ba3addf4e5f7f6968c2fdefb1,9b69bdadc8405d1ef48898fe9a7a444b96b41f1c,234.62,234.875,0.0010868638649731287,0.3146721982012337,-0.15222222222222223,0,0
1,1,2,1,1,58,0,1,0,0,0,fiber,go,9b69bdadc8405d1ef48898fe9a7a444b96b41f1c,ab368cab163e09eec2967a4daa1ba0337ff0d300,234.875,235.56,0.002916444917509323,6.026449982037044e-07,-0.7511111111111111,0,0
1,1,2,1,1,58,0,1,0,0,0,fiber,go,ab368cab163e09eec2967a4daa1ba0337ff0d300,353e1240ba0a05195a54e690bd06de838df8ee84,235.56,235.525,-0.00014858210222447186,0.6255681315504371,-0.07444444444444444,0,0
9307,501,9808,91,116,4194,1,1,1,1,1,fiber,go,353e1240ba0a05195a54e690bd06de838df8ee84,6ffc89f18be3283309facf15bbd4dc46f4ca0fcf,235.525,235.805,0.0011888334571701566,0.5249061609441107,-0.09666666666666666,0,0
2230,805,3035,40,28,589,0,1,1,0,1,fiber,go,6ffc89f18be3283309facf15bbd4dc46f4ca0fcf,27baab0ea084e5d4232292653619ef3f1655202a,235.805,235.56,-0.0010389940840949282,0.18087529449150486,0.20222222222222222,0,0
4,4,8,2,1,23,0,1,0,0,0,fiber,go,27baab0ea084e5d4232292653619ef3f1655202a,558d802cddda64762a12199706339795e4d887ee,235.56,235.78,0.0009339446425539092,0.09474233267813773,-0.25222222222222224,0,0
1,1,2,1,1,21,0,1,0,0,0,fiber,go,558d802cddda64762a12199706339795e4d887ee,362b9de8686ab0a41ead23485e995d7032473ce7,235.78,235.535,-0.0010391042497243385,0.171372681617864,0.20666666666666667,0,0
53,21,74,1,1,30,0,0,0,0,0,fiber,go,362b9de8686ab0a41ead23485e995d7032473ce7,6b48509ce991cf878b412bfe7c947ca600708634,235.535,235.655,0.0005094784214660434,0.5641768121366277,-0.08777777777777777,0,0
34,19,53,1,1,16,0,0,0,0,0,fiber,go,6b48509ce991cf878b412bfe7c947ca600708634,9a0551049c752baec12d2351103f616cd98481b3,235.655,235.7,0.0001909571195178863,0.790132818434192,-0.04111111111111111,0,0
16,16,32,2,1,16,0,1,1,0,0,fiber,go,9a0551049c752baec12d2351103f616cd98481b3,6338ce855c399b6017d87cdec191956a0d957c22,235.7,235.62,-0.0003394145099702337,0.455240531699044,0.11333333333333333,0,0
9,2,11,1,1,24,0,0,0,0,0,fiber,go,6338ce855c399b6017d87cdec191956a0d957c22,581cac04bc10a221e74a6020eb15425febb14767,235.62,235.7,0.00033952975129438964,0.7787570242244701,-0.043333333333333335,0,0
13,0,13,2,2,103,0,1,0,0,0,fiber,go,581cac04bc10a221e74a6020eb15425febb14767,f881582df4a31618a56c0ee44fb17736674f3e13,235.7,235.645,-0.00023334747560449046,0.6308335752338159,0.07333333333333333,0,0
2015,2015,4030,15,2,77,0,0,0,0,0,fiber,go,f881582df4a31618a56c0ee44fb17736674f3e13,e2797c31d261d2676b3c202d54bf13721ea303fd,235.645,235.59,-0.00023340193935796142,0.491752870916631,-0.10444444444444445,0,0
5,13,18,3,1,18,0,0,1,0,0,fiber,go,e2797c31d261d2676b3c202d54bf13721ea303fd,0d2eb334d66eb46237cd965d91f58c44ec833fbf,235.59,235.695,0.00044568954539662026,0.609982728183098,-0.07777777777777778,0,0
13,0,13,2,4,189,0,1,0,0,0,fiber,go,0d2eb334d66eb46237cd965d91f58c44ec833fbf,a2f8a4d71933ab4a3e47de858bae79ba7ce79052,235.695,235.45499999999998,-0.0010182651307834663,0.19314318974629463,0.19666666666666666,0,0
22,16,38,2,3,106,0,0,0,0,0,fiber,go,a2f8a4d71933ab4a3e47de858bae79ba7ce79052,57a9d4eaa314e0e998d50c6d62b3bf6f5b01ecc3,235.45499999999998,235.79500000000002,0.0014440126563463585,0.40752889148016347,-0.12555555555555556,0,0
293,163,456,17,1,17,0,0,0,0,0,fiber,go,57a9d4eaa314e0e998d50c6d62b3bf6f5b01ecc3,de912755f75c40fa034a90b4e3980d76ef895641,235.79500000000002,235.59500000000003,-0.0008481944061578431,0.4118393718926161,0.12444444444444444,0,0
167,297,464,18,10,373,0,1,0,0,0,fiber,go,de912755f75c40fa034a90b4e3980d76ef895641,7cdc8a4672bffd107497fecae75172af4bcf0914,235.59500000000003,235.74,0.0006154629767184439,0.24575475442543326,-0.17555555555555555,0,0
369,176,545,22,2,50,0,0,0,0,0,fiber,go,7cdc8a4672bffd107497fecae75172af4bcf0914,cdba739a40fba99fc086d514579c3311b05028e1,235.74,235.6,-0.0005938746076186255,0.7787570242244701,0.043333333333333335,0,0
52,96,148,3,1,19,0,1,1,0,0,fiber,go,cdba739a40fba99fc086d514579c3311b05028e1,e44da45bfffd1bd8aebcac3db664ad86c1fb2474,235.6,235.675,0.00031833616298818784,0.6360703305146933,0.07222222222222222,0,0
58,58,116,9,1,15,0,0,0,0,0,fiber,go,e44da45bfffd1bd8aebcac3db664ad86c1fb2474,0cc60e3e3954caee1c812d02bbac97cee2abe8d3,235.675,235.45,-0.0009547045719742133,0.2339044358318314,0.18,0,0
19,68,87,4,1,12,1,1,0,0,0,fiber,go,0cc60e3e3954caee1c812d02bbac97cee2abe8d3,bb3a7fe5dae3e65eb0c2d470451e743881f77e07,235.45,235.665,0.0009131450414100804,0.27711576183505915,-0.16444444444444445,0,0
79,100,179,2,1,27,0,0,0,0,0,fiber,go,bb3a7fe5dae3e65eb0c2d470451e743881f77e07,56cf415a0a01eea27471a40801b9d883bb907655,235.665,235.70499999999998,0.00016973245921113463,0.7958233505051178,-0.04,0,0
82,23,105,4,1,15,1,1,0,0,0,fiber,go,56cf415a0a01eea27471a40801b9d883bb907655,9be8eedcc6fab76c7c3c66679bc098c20acd97e0,235.70499999999998,235.605,-0.0004242591374811494,0.7900843884365147,0.04111111111111111,0,0
3,7,10,2,1,20,0,0,0,0,0,fiber,go,9be8eedcc6fab76c7c3c66679bc098c20acd97e0,a2f54222bbbf0ebd83336c2b2e08cfb623e46f26,235.605,235.59,-6.366588145407083e-05,0.8766246981054522,0.024444444444444446,0,0
2,6,8,1,1,15,0,0,0,0,0,fiber,go,a2f54222bbbf0ebd83336c2b2e08cfb623e46f26,9d5b58d2103379917246095c6102c32fc2d3b5fa,235.59,235.72,0.0005518061038244215,0.9410666280685329,-0.012222222222222223,0,0
11,12,23,1,1,14,0,0,0,0,0,fiber,go,9d5b58d2103379917246095c6102c32fc2d3b5fa,cf4f60e96535d1894f38173da427f77def6d2b5d,235.72,235.45999999999998,-0.0011030035635500566,0.16911092528595306,0.20777777777777778,0,0
10,10,20,1,1,21,0,0,0,0,0,fiber,go,cf4f60e96535d1894f38173da427f77def6d2b5d,f714660ca9b36b23b070230a6c080892d1a1792c,235.45999999999998,235.635,0.0007432260256519638,0.15359864235097245,-0.21555555555555556,0,0
482,522,1004,36,11,393,0,1,0,0,0,fiber,go,f714660ca9b36b23b070230a6c080892d1a1792c,e828c17554d5bc60e60f2cf8e21cbcaef809cb4a,235.635,235.76999999999998,0.0005729199821757842,0.4419544881151868,-0.11666666666666667,0,0
540,495,1035,38,12,236,1,1,1,0,0,fiber,go,e828c17554d5bc60e60f2cf8e21cbcaef809cb4a,a98fb7a5f81b1dbbd35a52d04269474c69b84199,235.76999999999998,235.60500000000002,-0.0006998345845525878,0.15147856754479208,0.21666666666666667,0,0
3,2,5,2,1,21,0,0,0,0,0,fiber,go,a98fb7a5f81b1dbbd35a52d04269474c69b84199,6ded6377126a955d6b52ff8fb457be386782aa70,235.60500000000002,235.635,0.00012733176290814164,0.4963917155326596,-0.10333333333333333,0,0
372,507,879,36,14,605,0,1,0,0,0,fiber,go,6ded6377126a955d6b52ff8fb457be386782aa70,42293a85945de00be88aa7c78d1b5a015db93d55,235.635,235.55,-0.0003607273961846905,0.420315303127916,0.12222222222222222,0,0
827,496,1323,41,14,272,1,1,1,0,0,fiber,go,42293a85945de00be88aa7c78d1b5a015db93d55,8fe458011d1ad03c60a377b3d71de12449ed7984,235.55,235.315,-0.000997665039269852,0.16012909798665753,0.21222222222222223,0,0
871,990,1861,48,13,437,1,1,0,0,0,fiber,go,8fe458011d1ad03c60a377b3d71de12449ed7984,bc7b240158f65d28baae5534240c5769fdffca80,235.315,235.195,-0.0005099547415167098,0.19829521638027892,0.19444444444444445,0,0
1272,921,2193,55,15,292,1,1,1,0,0,fiber,go,bc7b240158f65d28baae5534240c5769fdffca80,323d9d89cc9f323bd865be24827c713855a12fd6,235.195,235.5,0.0012967962754310543,0.001111767373233595,-0.4911111111111111,0,0
6,5,11,2,1,17,0,1,0,0,0,fiber,go,323d9d89cc9f323bd865be24827c713855a12fd6,a468af77622c4b8eac0d5838be587a124cc4814a,235.5,235.32999999999998,-0.0007218683651805347,0.03321864677494821,0.3211111111111111,0,0
1,1,2,1,1,17,0,1,0,0,0,fiber,go,a468af77622c4b8eac0d5838be587a124cc4814a,367fed6ebedc2d2cb01022b97f2ff81455f5c1a8,235.32999999999998,235.42000000000002,0.00038244167764429454,0.7561652553756075,-0.04777777777777778,0,0
39,20,59,5,11,416,0,1,0,0,0,fiber,go,367fed6ebedc2d2cb01022b97f2ff81455f5c1a8,2e30da966a32adc123178137d8096d01227c528c,235.42000000000002,235.38,-0.00016990909863231866,0.689720089502782,-0.06111111111111111,0,0
601,106,707,10,2,36,0,1,0,0,0,fiber,go,2e30da966a32adc123178137d8096d01227c528c,a3ecbbee3cc40b0bed458b1bdfc100bef445e5d7,235.38,235.53,0.0006372673973999731,0.37499717644417463,-0.13444444444444445,0,0
39,20,59,5,12,459,0,1,0,0,0,fiber,go,a3ecbbee3cc40b0bed458b1bdfc100bef445e5d7,2c0b19d21542f50d9a143b46f8cb52ffe0eb785a,235.53,235.14,-0.0016558400203796322,0.028095891880076333,0.33111111111111113,0,0
21,40,61,6,1,17,0,0,0,0,1,fiber,go,2c0b19d21542f50d9a143b46f8cb52ffe0eb785a,92eb9f5d39a73e4f327a9b3bd71b0a1485b80f7a,235.14,235.53,0.001658586374075082,0.01409517863608225,-0.37,0,0
43,2,45,2,1,12,0,1,0,0,0,fiber,go,92eb9f5d39a73e4f327a9b3bd71b0a1485b80f7a,711911aeea3f92bc4401882e212e12a6bdc9ca9c,235.53,235.38,-0.0006368615462998585,0.23098655815324354,0.1811111111111111,0,0
58,65,123,21,14,528,0,1,0,0,0,fiber,go,711911aeea3f92bc4401882e212e12a6bdc9ca9c,b7275d33507be5c9816e611ab28cc293a357d229,235.38,235.595,0.0009134166029399415,0.15575269619747437,-0.21444444444444444,0,0
1467,506,1973,36,3,41,0,1,0,0,1,fiber,go,b7275d33507be5c9816e611ab28cc293a357d229,e1078f87167eb2beb0a341638f2af91b6150c3f2,235.595,235.36,-0.0009974744795092647,0.16010006327864124,0.21222222222222223,0,0
4,3,7,2,1,21,0,1,0,0,0,fiber,go,e1078f87167eb2beb0a341638f2af91b6150c3f2,52292babba1acc21518b5f0b5c30c345750d813b,235.36,235.495,0.0005735893949693699,0.40767228651490384,-0.12555555555555556,0,0
506,1468,1974,36,15,571,0,1,0,0,0,fiber,go,52292babba1acc21518b5f0b5c30c345750d813b,1ae89ebffdfee149ab9e78f680ccd71bcf85bcd8,235.495,235.39499999999998,-0.0004246374657637009,0.9941012657039698,0.0022222222222222222,0,0
1468,506,1974,36,5,75,0,1,0,0,1,fiber,go,1ae89ebffdfee149ab9e78f680ccd71bcf85bcd8,3107a59469a5fd03508d65fe3d6e83c54a0f1199,235.39499999999998,235.45499999999998,0.00025489071560569376,0.7226348085762779,-0.05444444444444444,0,0
4,6,10,1,1,11,0,1,1,0,0,fiber,go,3107a59469a5fd03508d65fe3d6e83c54a0f1199,2b76fd6648b365e7fc5ff5a8445d08d50220e0ab,235.45499999999998,235.355,-0.00042470960480768863,0.321814775274063,0.15,0,0
8,5,13,2,1,11,0,1,1,0,0,fiber,go,2b76fd6648b365e7fc5ff5a8445d08d50220e0ab,418d82e4d19e3e41f1446d92278132df3555acf9,235.355,235.52,0.0007010685985002251,0.36707000560263103,-0.13666666666666666,0,0
2,2,4,1,1,11,0,1,1,0,0,fiber,go,418d82e4d19e3e41f1446d92278132df3555acf9,450bf14c3deae3dd5754b2261169fa23fa104eeb,235.52,235.56,0.00016983695652170533,0.44185930950557273,-0.11666666666666667,0,0
55,21,76,18,16,614,0,1,0,0,0,fiber,go,450bf14c3deae3dd5754b2261169fa23fa104eeb,05bfe1b83bd7165b4c7307bb3df7794985344e89,235.56,235.51,-0.00021226014603502872,0.2310124885343383,0.1811111111111111,0,0
26,60,86,20,1,13,0,0,0,0,0,fiber,go,05bfe1b83bd7165b4c7307bb3df7794985344e89,a0442be8b6800c7e0cda2ca3d05a6b84569447d1,235.51,235.72500000000002,0.0009129124028705016,0.04278198377758304,-0.3055555555555556,0,0
4,5,9,2,1,13,0,0,0,0,0,fiber,go,a0442be8b6800c7e0cda2ca3d05a6b84569447d1,45d64da9fabd3c3d66161fa4549308598aa09161,235.72500000000002,235.445,-0.0011878247958427386,0.007782928729652567,0.4011111111111111,0,0
55,21,76,18,17,657,0,1,0,0,0,fiber,go,45d64da9fabd3c3d66161fa4549308598aa09161,51a62a39aaa0544f2b802d5cc6ed61321d9b464d,235.445,235.64499999999998,0.000849455286797293,0.11878660745916066,-0.23555555555555555,0,0
28,57,85,19,1,26,0,0,0,0,0,fiber,go,51a62a39aaa0544f2b802d5cc6ed61321d9b464d,2fb18b4dc54a9b682ffc33f7c13a9377099a151a,235.64499999999998,235.25,-0.0016762502917523471,0.32911694324576135,0.14777777777777779,0,0
55,21,76,18,18,700,0,1,0,0,0,fiber,go,2fb18b4dc54a9b682ffc33f7c13a9377099a151a,a665e71f0648f3aac1a9f41db8abbf6739cde205,235.25,235.515,0.001126461211477094,0.6099280990671461,-0.07777777777777778,0,0
25,56,81,20,1,34,0,1,0,0,0,fiber,go,a665e71f0648f3aac1a9f41db8abbf6739cde205,d56ca11be82e1c288d00bdba00fb55da993b9ff1,235.515,235.41500000000002,-0.0004246014054305072,0.6951510259643857,0.06,0,0
912,43,955,15,1,14,0,0,0,0,0,fiber,go,d56ca11be82e1c288d00bdba00fb55da993b9ff1,0c8efc3de33a80af5a53cb616870e6518352d696,235.41500000000002,235.44,0.00010619544209152884,0.9882025259523233,-0.0033333333333333335,0,0
43,912,955,15,1,36,0,0,0,0,0,fiber,go,0c8efc3de33a80af5a53cb616870e6518352d696,772d78186aae485fd2a59ff96c49c5c03d2b00f0,235.44,235.49,0.00021236833163443497,0.5011079831261287,-0.10222222222222223,0,0
64,33,97,20,20,764,0,1,0,0,0,fiber,go,772d78186aae485fd2a59ff96c49c5c03d2b00f0,69e359e502e03f01f409303cc0470995f5b6dd43,235.49,235.495,2.12323240901756e-05,1.0,-0.0011111111111111111,0,0
12,9,21,3,4,127,0,1,0,0,0,fiber,go,69e359e502e03f01f409303cc0470995f5b6dd43,570f7ac3b40d6318a612281d0d61c7c0eabd92d2,235.495,235.63,0.0005732605787808272,0.32547280981944793,-0.14888888888888888,0,0
8,8,16,1,3,107,0,0,0,0,0,fiber,go,570f7ac3b40d6318a612281d0d61c7c0eabd92d2,9233932c39a8b1b573588120ef5356864c9ffbb2,235.63,235.67000000000002,0.00016975767092484176,0.8941402163194208,0.021111111111111112,0,0
9,10,19,4,1,11,0,1,0,0,0,fiber,go,9233932c39a8b1b573588120ef5356864c9ffbb2,d6d831e2b114cede70fb040536845b2b35f9dc64,235.67000000000002,235.82,0.000636483218059054,0.4732543359527489,-0.10888888888888888,0,0
988,74,1062,40,1,25,0,0,0,0,0,fiber,go,d6d831e2b114cede70fb040536845b2b35f9dc64,7be78406cb72cc36252c2e7ff4f477572e05953a,235.82,235.68,-0.0005936731405308556,0.625558523798388,0.07444444444444444,0,0
74,988,1062,40,24,909,0,1,0,0,0,fiber,go,7be78406cb72cc36252c2e7ff4f477572e05953a,474be8ad2ede678ae93050ac14e5ff653aafc4a5,235.68,235.57,-0.0004667345553293179,0.7730954134850796,0.044444444444444446,0,0
989,75,1064,40,2,53,0,0,1,0,0,fiber,go,474be8ad2ede678ae93050ac14e5ff653aafc4a5,ebd507d5e553c7c66e28fcb3886ff1d457af8baa,235.57,235.82,0.0010612556777178758,0.12052341592081955,-0.23444444444444446,0,0
72,39,111,22,25,952,0,1,0,0,0,fiber,go,ebd507d5e553c7c66e28fcb3886ff1d457af8baa,41d797c9907496d0edd98cfcc836b59cd513cb23,235.82,235.695,-0.0005300653040454584,0.29379165062604073,0.15888888888888889,0,0
5,5,10,1,1,22,0,1,0,0,0,fiber,go,41d797c9907496d0edd98cfcc836b59cd513cb23,65a57d194a09ad48d3dae9b95f0ff9b0cfb319de,235.695,235.68,-6.364157067390635e-05,0.8302297326630922,-0.03333333333333333,0,0
0,0,0,0,1,55,0,0,0,0,0,fiber,go,65a57d194a09ad48d3dae9b95f0ff9b0cfb319de,d2b31e84010ce5a90b8c5269b1a0ec9f3a311bbb,235.68,235.91,0.0009758995247793184,0.4733096744697487,-0.10888888888888888,0,0
2,2,4,1,1,12,0,1,0,0,0,fiber,go,d2b31e84010ce5a90b8c5269b1a0ec9f3a311bbb,cd029a67a73af322adb64dac571f001233b10381,235.91,235.54500000000002,-0.001547200203467342,0.020666637320070298,0.3488888888888889,0,0
4,8,12,2,1,30,0,1,0,0,0,fiber,go,cd029a67a73af322adb64dac571f001233b10381,e28c886d73d9ca88f4b7c815754f51d6c4c982ec,235.54500000000002,235.585,0.00016981893056525096,0.5248773621108276,-0.09666666666666666,0,0
1,1,2,1,1,14,0,0,0,0,1,fiber,go,e28c886d73d9ca88f4b7c815754f51d6c4c982ec,c22107e2ccaed7c903a38b8445e02a133542c953,235.585,235.71,0.0005305940531018528,0.9469529986161934,-0.011111111111111112,0,0
0,0,0,0,1,43,0,0,0,0,0,fiber,go,c22107e2ccaed7c903a38b8445e02a133542c953,c9df437c7954df8948f7260698bd75ffbfebead5,235.71,235.39,-0.001357600441220235,0.2836910709058208,0.1622222222222222,0,0
13,6,19,4,1,18,0,0,0,0,0,fiber,go,c9df437c7954df8948f7260698bd75ffbfebead5,19bee02563c8a9b4193a0ca0bcb58e352faa01ad,235.39,235.39999999999998,4.2482688304477275e-05,0.6413725621888422,-0.07111111111111111,0,0
1,1,2,1,1,16,0,0,0,0,0,fiber,go,19bee02563c8a9b4193a0ca0bcb58e352faa01ad,65598c28314a64d07480df531efe66a457af3851,235.39999999999998,235.635,0.0009983007646559628,0.2579853533575148,-0.1711111111111111,0,0
10,5,15,3,1,25,0,0,0,0,0,fiber,go,65598c28314a64d07480df531efe66a457af3851,0fe30ac72254f2f5fb40c9ad02637fce9914a95e,235.635,235.56,-0.00031828887898652,0.5542238006742779,0.09,0,0
1,1,2,1,1,13,0,0,0,0,0,fiber,go,0fe30ac72254f2f5fb40c9ad02637fce9914a95e,9e87cb7c17bc834588ffe96d01658c8aa402cde9,235.56,235.725,0.0007004584819154017,0.4641984185633101,-0.1111111111111111,0,0
39,10,49,3,1,12,0,1,0,0,0,fiber,go,9e87cb7c17bc834588ffe96d01658c8aa402cde9,142e6e53bee65ad306b245ef8ee38ac9bc715ebd,235.725,235.56,-0.0006999681832643634,0.7338037132920935,0.052222222222222225,0,0
0,0,0,0,2,86,0,0,0,0,0,fiber,go,142e6e53bee65ad306b245ef8ee38ac9bc715ebd,e9a0f333d61c63d7b98381007a2e5311c0f741fd,235.56,235.60500000000002,0.00019103413143155,0.8882858806533357,-0.022222222222222223,0,0
0,5,5,1,1,24,0,0,0,0,0,fiber,go,e9a0f333d61c63d7b98381007a2e5311c0f741fd,6dcbdf4e855c753d7d12935672b9f41de4f428a0,235.60500000000002,235.82,0.0009125443008424056,0.43314917028419886,-0.11888888888888889,0,0
0,0,0,0,3,129,0,0,0,0,0,fiber,go,6dcbdf4e855c753d7d12935672b9f41de4f428a0,9049720218a875a03dd6f272743c13774a6dcb2b,235.82,235.815,-2.1202612161799053e-05,0.9410641756706882,0.012222222222222223,0,0
11,8,19,3,1,30,0,0,0,0,0,fiber,go,9049720218a875a03dd6f272743c13774a6dcb2b,86f258c4ae916765b29e9a72da4abe7bd9202ddb,235.815,235.79000000000002,-0.00010601530861046694,0.7617673557200647,-0.04666666666666667,0,0
0,0,0,0,1,54,0,1,0,0,0,fiber,go,86f258c4ae916765b29e9a72da4abe7bd9202ddb,3eb8735794e08f58a175a3b42132ea1832dc01f9,235.79000000000002,235.615,-0.0007421858433352193,0.47330352659516894,0.10888888888888888,0,0
1,3,4,1,1,75,0,0,0,0,0,fiber,go,3eb8735794e08f58a175a3b42132ea1832dc01f9,a5a50ab0202f76446456654d5446fcee17d39ba2,235.615,235.65499999999997,0.00016976847823764877,0.6308478158533777,0.07333333333333333,0,0
6,2,8,3,1,24,0,0,0,0,1,fiber,go,a5a50ab0202f76446456654d5446fcee17d39ba2,7a4a2815640ae2e8bf5872111dd5cb51f26ebfc7,235.65499999999997,235.72,0.0002758269504149123,0.33651138124514446,-0.14555555555555555,0,0
2,91,93,5,1,39,0,0,0,0,0,fiber,go,7a4a2815640ae2e8bf5872111dd5cb51f26ebfc7,1468a049c4b2ee3aa68d377f7226d3a7e3fb4e78,235.72,235.92,0.0008484642796537784,0.3671032959538649,-0.13666666666666666,0,0
91,2,93,5,2,70,0,0,0,0,1,fiber,go,1468a049c4b2ee3aa68d377f7226d3a7e3fb4e78,a84733d5a989abafc77895ce586e0a4976638d41,235.92,235.66500000000002,-0.0010808748728381105,0.052741816237793275,0.2922222222222222,0,0
4,93,97,5,2,58,0,0,0,0,1,fiber,go,a84733d5a989abafc77895ce586e0a4976638d41,68dc7be4c08ea02e79d1878f227c089b7d69f1c4,235.66500000000002,235.60500000000002,-0.00025459868881676223,0.45969781011916955,0.11222222222222222,0,0
0,4,4,1,3,104,0,0,0,0,1,fiber,go,68dc7be4c08ea02e79d1878f227c089b7d69f1c4,d652c087a497e3f1843cbeffb323da94460ba6d7,235.60500000000002,235.79000000000002,0.000785212537934264,0.32916398569827265,-0.14777777777777779,0,0
1,1,2,1,1,19,0,0,0,0,1,fiber,go,d652c087a497e3f1843cbeffb323da94460ba6d7,2b5c0a05bb5a139f52e70ab27cbd45c9f40783f6,235.79000000000002,235.76,-0.00012723185885758325,0.9705144134575133,0.006666666666666667,0,0
47,0,47,3,2,42,0,0,0,0,0,nscache,go,1967c4070e239bd4384cb9469df06f1577dd6c01,ca34ee2c08672885e1a5ea8a1965a7b0c716a696,0.19,0.19,0.0,0.5806593497647085,0.07333333333333333,0,0
62,0,62,4,1,56,1,0,0,0,0,nscache,go,ca34ee2c08672885e1a5ea8a1965a7b0c716a696,3e9b5bf35b8b2635d6b539ea28f3d162782952db,0.19,2.94,14.473684210526315,1.5703701344273035e-11,-1.0,1,1
129,0,129,3,1,54,1,0,0,0,0,nscache,go,3e9b5bf35b8b2635d6b539ea28f3d162782952db,6c4035610b2ee2628b06a0d4aeec2595adad0140,2.94,2.92,-0.00680272108843538,0.6466284874604001,0.07,0,0
1,0,1,1,1,17,0,0,0,0,1,nscache,go,6c4035610b2ee2628b06a0d4aeec2595adad0140,b4bf2ccda94d9f3d765b58f399bfc4621740c24b,2.92,2.965,0.015410958904109566,0.26095710795863714,-0.17,0,0
26,0,26,2,1,60,0,0,0,0,0,nscache,go,b4bf2ccda94d9f3d765b58f399bfc4621740c24b,37d5d45b650928fc6935c1a02cbeb307e4f1ad5e,2.965,2.91,-0.018549747048903782,0.1314336363475187,0.22777777777777777,0,0
127,24,151,4,1,65,1,0,0,0,0,nscache,go,37d5d45b650928fc6935c1a02cbeb307e4f1ad5e,50849c82aaa4e6d990e92668f186efc06e65336b,2.91,2.975,0.02233676975945015,0.1534728596348653,-0.21555555555555556,0,0
18,1,19,1,1,64,0,0,0,0,0,nscache,go,50849c82aaa4e6d990e92668f186efc06e65336b,238e094d5b89182dc2da868b89bb8384df31026f,2.975,3.05,0.025210084033613356,0.7900786885857092,-0.04111111111111111,0,0
258,1,259,5,1,57,1,0,0,0,0,nscache,go,238e094d5b89182dc2da868b89bb8384df31026f,ea3ee3424e8e0128ab9d3bab266f70b2a4aa22a3,3.05,2.96,-0.02950819672131143,0.8301902216672317,0.03333333333333333,0,0
12,3,15,1,2,70,0,0,0,0,0,nscache,go,ea3ee3424e8e0128ab9d3bab266f70b2a4aa22a3,5970e81b6862105aa22b051df4307d829a662a19,2.96,2.975,0.0050675675675676095,0.6465185745828027,0.07,0,0
19,22,41,3,1,57,0,0,0,0,0,nscache,go,5970e81b6862105aa22b051df4307d829a662a19,6d39f2f8ba890b603bc45f34fc4ff9652b34e232,2.975,2.95,-0.008403361344537785,0.5492157838860581,0.09111111111111111,0,0
276,0,276,5,1,58,1,0,0,0,0,nscache,go,6d39f2f8ba890b603bc45f34fc4ff9652b34e232,582005d8edd8ad73228ea13307d5d46cee62bc69,2.95,2.9450000000000003,-0.0016949152542372519,0.8417515445404328,0.03111111111111111,0,0
534,0,534,5,1,56,1,0,0,0,0,nscache,go,582005d8edd8ad73228ea13307d5d46cee62bc69,8dd2324ed4cfca9aec0f3db757e46a180a1c5d65,2.9450000000000003,3.04,0.03225806451612895,0.3039146688493073,-0.15555555555555556,0,0
2,0,2,1,1,87,0,0,0,0,0,nscache,go,8dd2324ed4cfca9aec0f3db757e46a180a1c5d65,cade6dc6e45cf7b71a16e858656b5fa2a724d892,3.04,2.96,-0.026315789473684233,0.6518493054600526,0.06888888888888889,0,0
50,39,89,7,1,48,0,0,0,0,0,nscache,go,cade6dc6e45cf7b71a16e858656b5fa2a724d892,8a6821307aeb2f798315539de5d22770b96d027c,2.96,2.8049999999999997,-0.05236486486486495,0.019045728121380667,0.35333333333333333,0,0
46,1,47,1,1,60,0,0,0,0,0,nscache,go,8a6821307aeb2f798315539de5d22770b96d027c,f1359e3aaa8a31764773ecd2345abded688b4093,2.8049999999999997,2.935,0.04634581105169353,0.008623123325500599,-0.39555555555555555,0,0
59,7,66,2,1,57,0,0,0,0,0,nscache,go,f1359e3aaa8a31764773ecd2345abded688b4093,9ece87c126daaae9952064689e91755563d5f1ec,2.935,2.99,0.018739352640545198,0.6202919750965932,-0.07555555555555556,0,0
4,1,5,1,1,34,0,0,0,0,0,nscache,go,9ece87c126daaae9952064689e91755563d5f1ec,f00bf0097eecfdc9d9468bcaa2d235abf9c41a83,2.99,2.955,-0.011705685618729143,0.5740711136010648,0.08555555555555555,0,0
22,0,22,2,1,29,0,0,0,0,0,nscache,go,f00bf0097eecfdc9d9468bcaa2d235abf9c41a83,472ffdb182f521ea276c464f0bcd1823561ea561,2.955,3.0549999999999997,0.033840947546531185,0.5740498123293605,-0.08555555555555555,0,0
8,0,8,1,1,16,0,0,0,0,0,nscache,go,472ffdb182f521ea276c464f0bcd1823561ea561,5ada2747927f85659298c9f400226b6f617d60d9,3.0549999999999997,2.955,-0.03273322422258581,0.8417406892424708,-0.03111111111111111,0,0
90,18,108,2,1,51,0,0,0,0,0,nscache,go,5ada2747927f85659298c9f400226b6f617d60d9,2bd3b6dde99a321496f54015878420f2dc21b9bd,2.955,2.955,0.0,0.5842475119601772,0.08333333333333333,0,0
3,3,6,2,1,52,0,0,0,0,1,nscache,go,2bd3b6dde99a321496f54015878420f2dc21b9bd,e08b5eec9e91590dad61dfa2aae16c8535b2aad8,2.955,3.09,0.04568527918781719,0.0045148333182249475,-0.42777777777777776,0,0
1,1,2,1,1,24,0,0,0,0,0,nscache,go,e08b5eec9e91590dad61dfa2aae16c8535b2aad8,f30c201a95d12aaee70e52233960afa3adb11bdb,3.09,3.27,0.05825242718446608,0.1667011061422755,-0.2088888888888889,0,0
9,12,21,2,1,57,0,0,0,0,1,nscache,go,f30c201a95d12aaee70e52233960afa3adb11bdb,898901f7c6f8f628965e9a0cff23f5c07e8f4067,3.27,3.365,0.029051987767584157,0.5944578056074132,-0.0811111111111111,0,0
3,3,6,2,1,52,0,0,0,0,1,nscache,go,898901f7c6f8f628965e9a0cff23f5c07e8f4067,7b5e3bbb4d314ba8d275bdb678f12d9fa9618fee,3.365,3.1550000000000002,-0.06240713224368498,0.07593957847796798,0.2677777777777778,0,0
17,11,28,2,1,56,0,0,0,0,1,nscache,go,7b5e3bbb4d314ba8d275bdb678f12d9fa9618fee,193441c513cc17cf46402a205ac83267ba23f67b,3.1550000000000002,3.285,0.04120443740095083,0.07231866605760993,-0.27111111111111114,0,0
3,3,6,2,1,52,0,0,0,0,1,nscache,go,193441c513cc17cf46402a205ac83267ba23f67b,8610294df166089f70ed35d7d535229a512fc608,3.285,3.3200000000000003,0.010654490106544944,0.8015063311359557,-0.03888888888888889,0,0
3,3,6,2,1,52,0,0,0,0,1,nscache,go,8610294df166089f70ed35d7d535229a512fc608,3000887573cf172b7aecc2c61e8d8d687a85d124,3.3200000000000003,3.2,-0.03614457831325304,0.8649621157925366,0.02666666666666667,0,0
0,1,1,1,1,22,0,0,0,0,0,nscache,go,3000887573cf172b7aecc2c61e8d8d687a85d124,5e6ac0c6bd6990352173cdaa21b288f65cb0e76e,3.2,3.1399999999999997,-0.018750000000000155,0.5791887693788966,0.08444444444444445,0,0
12,3,15,1,1,32,0,1,0,0,0,nscache,go,5e6ac0c6bd6990352173cdaa21b288f65cb0e76e,2f2ed1c6cf18347a611f6569939dc9f9a35003f9,3.1399999999999997,3.105,-0.01114649681528653,0.651921647388397,0.06888888888888889,0,0
60,92,152,5,1,60,0,0,0,0,0,nscache,go,2f2ed1c6cf18347a611f6569939dc9f9a35003f9,01d48237b30d6adfe88dac45dc2fab8ea9bbc7a2,3.105,3.225,0.038647342995169115,0.3951159480389276,-0.1288888888888889,0,0
37,1,38,2,1,124,1,0,0,0,0,nscache,go,01d48237b30d6adfe88dac45dc2fab8ea9bbc7a2,6ac6b1eb4e69cafac3cb442fdf4465f2eeb2082e,3.225,7.6,1.3565891472868217,3.000982378980083e-11,-1.0,1,1
32,5,37,3,1,33,0,0,0,0,0,nscache,go,6ac6b1eb4e69cafac3cb442fdf4465f2eeb2082e,7973e6b630cc337da01ba848a8ef409e25bfbb8b,7.6,121.14,14.939473684210528,3.008520215091029e-11,-1.0,1,1
32,20,52,5,1,88,0,0,1,0,0,nscache,go,7973e6b630cc337da01ba848a8ef409e25bfbb8b,a940d7938a27cfd6291424ffd31cb137825f38b8,121.14,121.36,0.0018160805679379136,0.014698028647475613,-0.36777777777777776,0,0
4,4,8,1,1,56,0,0,0,0,0,nscache,go,a940d7938a27cfd6291424ffd31cb137825f38b8,41aa910ee2e94f15842a1c61f5cfa7cbcc59177d,121.36,121.14500000000001,-0.0017715886618324753,0.02276974153156041,0.3433333333333333,0,0
7,3,10,1,1,40,0,0,0,0,0,nscache,go,41aa910ee2e94f15842a1c61f5cfa7cbcc59177d,bcd9d06bc0c9bc579fd1b155e3d47cd701120960,121.14500000000001,121.36500000000001,0.0018160056131082492,0.2641934551673859,-0.1688888888888889,0,0
113,9,122,4,1,43,1,0,0,0,0,nscache,go,bcd9d06bc0c9bc579fd1b155e3d47cd701120960,35637d1f9e3a0910e096772883c5731b97bc0196,121.36500000000001,121.815,0.003707823507600944,0.00011721542471650663,-0.58,0,0
74,0,74,1,1,18,0,0,0,0,0,nscache,go,35637d1f9e3a0910e096772883c5731b97bc0196,c768b3bcde7346fda6560e10239bddc1fc85420f,121.815,121.74000000000001,-0.0006156877231867063,0.6951711469355246,0.06,0,0
0,12,12,2,1,104,0,0,0,0,0,nscache,go,c768b3bcde7346fda6560e10239bddc1fc85420f,1d6d7fd6960fb745f46dd86492c6c97f43d9c1c2,121.74000000000001,121.835,0.0007803515689172387,0.4507388408926225,-0.11444444444444445,0,0
191,0,191,1,1,33,0,0,0,0,0,nscache,go,1d6d7fd6960fb745f46dd86492c6c97f43d9c1c2,b1bf47155129d82020459fb65382d5447b8effe6,121.835,121.80000000000001,-0.0002872737719044805,0.5541577228683516,0.09,0,0
1,6,7,1,1,51,0,0,1,0,0,nscache,go,b1bf47155129d82020459fb65382d5447b8effe6,b8cb0f5d1b71aaa921287d7cfea1e541e11b6c20,121.80000000000001,121.795,-4.105090311994797e-05,0.47787077509266707,-0.10777777777777778,0,0
64,413,477,7,1,39,1,0,0,0,0,nscache,go,b8cb0f5d1b71aaa921287d7cfea1e541e11b6c20,708c39c7cdfda87c2036c5f9844da8ff836ebd1d,121.795,121.7,-0.0007799991789482233,0.47782795097626196,0.10777777777777778,0,0
63,16,79,7,1,49,0,0,0,0,0,nscache,go,708c39c7cdfda87c2036c5f9844da8ff836ebd1d,952423b6c2d88a8b8d64e89f89c0d20ad3256877,121.7,121.685,-0.0001232539030402676,0.28703826412736944,0.16111111111111112,0,0
17,0,17,1,1,86,0,0,0,0,0,nscache,go,952423b6c2d88a8b8d64e89f89c0d20ad3256877,82953f9016ec5632725873c107c2a4d35a860a04,121.685,121.78,0.000780704277437637,0.41604516030357463,-0.12333333333333334,0,0
69,1,70,3,1,39,0,0,0,0,0,nscache,go,82953f9016ec5632725873c107c2a4d35a860a04,069a379fab35b87986823dbc0fbe953488923cb7,121.78,121.79499999999999,0.0001231729348003478,0.5345614330196633,-0.09444444444444444,0,0
16,15,31,3,1,49,0,0,1,0,0,nscache,go,069a379fab35b87986823dbc0fbe953488923cb7,ec2bbcc96b0e383277802d896acdedc28fd413a5,121.79499999999999,121.64,-0.001272630239336483,0.12049762616642534,0.23444444444444446,0,0
44,62,106,6,1,86,0,0,0,0,0,nscache,go,ec2bbcc96b0e383277802d896acdedc28fd413a5,502876cdef8362278774fc4504c006c249b52e0d,121.64,121.795,0.0012742518908253958,0.08628965765478937,-0.2588888888888889,0,0
5,5,10,3,1,18,0,0,0,0,0,nscache,go,502876cdef8362278774fc4504c006c249b52e0d,459e429dbd6974b5a8ed988e964f8d59141cda11,121.795,121.88,0.0006978940022167884,0.8533595794173916,-0.028888888888888888,0,0
2,1,3,1,1,64,0,1,1,0,0,nscache,go,459e429dbd6974b5a8ed988e964f8d59141cda11,1a55d96be70e6067c598e03780dd1bae7efa79b9,121.88,121.82,-0.0004922874958976229,0.5893787534539006,0.08222222222222222,0,0
2,2,4,2,1,47,0,0,0,0,0,nscache,go,1a55d96be70e6067c598e03780dd1bae7efa79b9,71e577df57351841b200098bfd9437382edb68c7,121.82,121.63,-0.001559678213757985,0.03640246228525683,0.31555555555555553,0,0
64,0,64,1,1,40,0,0,0,0,0,nscache,go,71e577df57351841b200098bfd9437382edb68c7,cb4207bc046d65d0386db1043a6e3f6f100b52c5,121.63,121.85,0.0018087642851270153,0.037089477381328055,-0.31444444444444447,0,0
12,6,18,1,1,39,1,0,0,0,0,nscache,go,cb4207bc046d65d0386db1043a6e3f6f100b52c5,b1b96d1079fcd9aea7660b19ed47dbfd6df218ea,121.85,121.64,-0.0017234304472711838,0.16008264145952522,0.21222222222222223,0,0
3,2,5,1,1,55,0,1,1,0,0,nscache,go,b1b96d1079fcd9aea7660b19ed47dbfd6df218ea,869c176bbdc99a0cab019dc5bd873c5abd1bae62,121.64,121.915,0.0022607694837225066,0.03319173899636253,-0.3211111111111111,0,0
9,9,18,2,1,56,0,0,0,0,1,nscache,go,869c176bbdc99a0cab019dc5bd873c5abd1bae62,e408de4cdf242299f0f34ba5250d555f150bdb63,121.915,121.825,-0.0007382192511176098,0.27707570162685713,0.16444444444444445,0,0
102,11,113,10,1,50,0,0,0,0,0,nscache,go,e408de4cdf242299f0f34ba5250d555f150bdb63,f9ac237099c40217bc831bcb5c2e39accb7bd60c,121.825,121.695,-0.0010671044531090472,0.4117938807683008,0.12444444444444444,0,0
12,1,13,1,1,41,0,0,0,0,0,nscache,go,f9ac237099c40217bc831bcb5c2e39accb7bd60c,05b0674f6eabcd67c7a25fa45a5005c4bdde44e9,121.695,121.845,0.0012325896708986045,0.32546608684484424,-0.14888888888888888,0,0
3,3,6,2,1,52,0,0,0,0,1,nscache,go,05b0674f6eabcd67c7a25fa45a5005c4bdde44e9,b12f32e458d2723024eb2a61b3739b149ed2e1df,121.845,121.42,-0.003488038081168675,0.0005860279398909178,0.5177777777777778,0,0
12,8,20,4,1,37,0,0,0,0,0,nscache,go,b12f32e458d2723024eb2a61b3739b149ed2e1df,58c747a3590b9b23aa980ef7fdd14296ec489e68,121.42,121.305,-0.0009471256794596844,0.4778340693438907,0.10777777777777778,0,0
1,1,2,1,1,80,0,0,0,0,0,nscache,go,58c747a3590b9b23aa980ef7fdd14296ec489e68,8b900d193bae75390b44ebfa13cdeade957fe0e5,121.305,121.43,0.0010304604097110589,0.45079547462922687,-0.11444444444444445,0,0
10,96,106,2,1,57,0,0,0,0,1,nscache,go,8b900d193bae75390b44ebfa13cdeade957fe0e5,c0994fde1ce82c4e8587ad8543c5f6f1811a8d55,121.43,121.66499999999999,0.0019352713497487047,0.012459857102895718,-0.37666666666666665,0,0
3,3,6,2,1,54,0,0,0,0,1,nscache,go,c0994fde1ce82c4e8587ad8543c5f6f1811a8d55,1901714de739f8758eafbe079b22591d6c6ec462,121.66499999999999,121.805,0.0011507006945301835,0.25486074861109764,-0.17222222222222222,0,0
6,5,11,2,1,49,0,0,0,0,1,nscache,go,1901714de739f8758eafbe079b22591d6c6ec462,a20a70ed9541fcb482e3b0d60554ceeb591533cc,121.805,121.685,-0.000985181232297562,0.15792369871624956,0.21333333333333335,0,0
130,2,132,3,2,57,0,0,0,0,0,nscache,go,a20a70ed9541fcb482e3b0d60554ceeb591533cc,e1fb1f8af526a9aef36fc36bb46814cadd848ca0,121.685,121.5,-0.0015203188560628036,0.5010187387674357,0.10222222222222223,0,0
9,11,20,2,1,76,0,0,0,0,1,nscache,go,e1fb1f8af526a9aef36fc36bb46814cadd848ca0,b4e188e015bffe321ebe86dd24f13928123b3b1a,121.5,121.605,0.0008641975308642303,0.7730494001983552,-0.044444444444444446,0,0
11,14,25,3,1,107,0,0,0,0,0,nscache,go,b4e188e015bffe321ebe86dd24f13928123b3b1a,2fd0af4e62dd0272e28712aa943180eff277b0e2,121.605,121.7,0.0007812178775543675,0.17599539321048085,-0.20444444444444446,0,0
1,1,2,1,1,40,0,0,0,0,1,nscache,go,2fd0af4e62dd0272e28712aa943180eff277b0e2,e7e95b3fbdcd467601f449efdc46aa3f97c81748,121.7,121.62,-0.000657354149548055,0.8591432431176749,0.027777777777777776,0,0
7,7,14,2,1,60,0,0,0,0,1,nscache,go,e7e95b3fbdcd467601f449efdc46aa3f97c81748,07ad94c26a11e2776b837e8391bf3fdf4fb03321,121.62,121.725,0.0008633448445978439,0.8999673848621621,0.02,0,0
3,3,6,2,1,58,0,0,0,0,1,nscache,go,07ad94c26a11e2776b837e8391bf3fdf4fb03321,43695d91d0a33a0b356390be6708b49766128744,121.725,121.62,-0.000862600123228505,0.4963558062071497,0.10333333333333333,0,0
11,11,22,2,1,57,0,0,0,0,1,nscache,go,43695d91d0a33a0b356390be6708b49766128744,1cc8dbcb4348becf60e7df78e96062594bff7c60,121.62,121.69,0.0005755632297318959,0.20875706298656826,-0.19,0,0
3,2,5,2,1,28,0,0,0,0,0,nscache,go,1cc8dbcb4348becf60e7df78e96062594bff7c60,29388b3eaf17b796a2d9fef3ccf6ee5e91bc7bc7,121.69,121.63499999999999,-0.0004519681157038937,0.14118354638150188,0.2222222222222222,0,0
3,3,6,2,1,60,0,0,0,0,1,nscache,go,29388b3eaf17b796a2d9fef3ccf6ee5e91bc7bc7,5f654de4b54ebb8346954a763a8cfba75af1cff8,121.63499999999999,121.705,0.0005754922514079614,0.3075681845431876,-0.15444444444444444,0,0
26,0,26,6,1,54,0,0,0,0,0,nscache,go,5f654de4b54ebb8346954a763a8cfba75af1cff8,9ec09ac351396b4f749007b132d57a1f067550e9,121.705,121.81,0.0008627418758473685,0.21693378397068952,-0.18666666666666668,0,0
196,69,265,8,1,39,1,0,0,0,0,nscache,go,9ec09ac351396b4f749007b132d57a1f067550e9,3e6139b49a7e3e553fea24f1f4dc8e87d91cf98f,121.81,121.63499999999999,-0.0014366636565143367,0.09185252733083789,0.2544444444444444,0,0
9,9,18,2,1,57,0,0,0,0,1,nscache,go,3e6139b49a7e3e553fea24f1f4dc8e87d91cf98f,6b4000809297e10fa05769a52099be1173fe9d1a,121.63499999999999,121.66499999999999,0.00024663953631768107,0.8129746827983071,-0.03666666666666667,0,0
302,1,303,8,1,57,1,0,0,0,0,nscache,go,6b4000809297e10fa05769a52099be1173fe9d1a,b6745b9063324914c65485805f292993846e59e0,121.66499999999999,121.525,-0.00115070069452995,0.2397389591925254,0.17777777777777778,0,0
3,3,6,2,1,60,0,0,0,0,1,nscache,go,b6745b9063324914c65485805f292993846e59e0,c7740448fb30120147d5e49bc38b6854dc604aea,121.525,121.745,0.001810327093190692,0.1391959575822493,-0.22333333333333333,0,0
45,11,56,11,1,71,0,1,0,0,0,nscache,go,c7740448fb30120147d5e49bc38b6854dc604aea,ddf234580cc87cc74ed1d2ad11e3003e9fe15572,121.745,121.565,-0.0014785001437431255,0.2870114712808052,0.16111111111111112,0,0
3,3,6,2,1,54,0,0,0,0,1,nscache,go,ddf234580cc87cc74ed1d2ad11e3003e9fe15572,e37618d8a17a7c0cf0177f3a848fd24894a7a342,121.565,121.765,0.0016452103812775293,0.04356895088681224,-0.30444444444444446,0,0
10,112,122,2,1,56,0,0,0,0,1,nscache,go,e37618d8a17a7c0cf0177f3a848fd24894a7a342,a38e468143c07b0f17ad7df7ea1b14c094d0cc14,121.765,121.75,-0.0001231881082412891,0.6680022848878779,0.06555555555555556,0,0
4,4,8,2,1,60,0,0,0,0,1,nscache,go,a38e468143c07b0f17ad7df7ea1b14c094d0cc14,dbd4077cf9d74d01391f0bf81a26e340d4ff3578,121.75,121.81,0.0004928131416837969,0.6519171273363947,-0.06888888888888889,0,0
3,3,6,3,1,51,0,0,0,0,0,nscache,go,dbd4077cf9d74d01391f0bf81a26e340d4ff3578,d3dd99b1835c74d8b59f49499a5f9a5986e57fb8,121.81,121.62,-0.0015598062556440172,0.16668341653290486,0.2088888888888889,0,0
3,3,6,2,1,53,0,0,0,0,1,nscache,go,d3dd99b1835c74d8b59f49499a5f9a5986e57fb8,ddff52956bfc6d731bb5561edacbeaeed05b53f4,121.62,121.715,0.0007811215260647826,0.8533495045792155,0.028888888888888888,0,0
2,2,4,2,1,40,0,0,0,0,1,nscache,go,ddff52956bfc6d731bb5561edacbeaeed05b53f4,d6db058eab5084ce08c916f777bae2e87b262f2a,121.715,121.68,-0.0002875569979049138,0.830232055980594,-0.03333333333333333,0,0
3,3,6,2,1,53,0,0,0,0,1,nscache,go,d6db058eab5084ce08c916f777bae2e87b262f2a,6f9963c259090dda7aba7ff537fc68b71bbc9e79,121.68,121.66,-0.00016436554898101768,0.7505269115808392,0.04888888888888889,0,0
5,5,10,2,1,60,0,0,0,0,1,nscache,go,6f9963c259090dda7aba7ff537fc68b71bbc9e79,14aaf2117143684552b9bb645eb9a5797f5812fc,121.66,121.68,0.00016439256945594471,0.8591471180794832,0.027777777777777776,0,0
3,3,6,2,1,60,0,0,0,0,1,nscache,go,14aaf2117143684552b9bb645eb9a5797f5812fc,0f7430193507ec27407b79363125bad4f89faaef,121.68,121.565,-0.0009451019066404429,0.646651373100925,0.07,0,0
9,9,18,2,1,49,0,0,0,0,1,nscache,go,0f7430193507ec27407b79363125bad4f89faaef,c8f655a85323c8115ad8810b2f503807c4d0b048,121.565,121.66999999999999,0.0008637354501706064,0.24270773057162898,-0.17666666666666667,0,0
12,12,24,2,1,56,0,0,0,0,1,nscache,go,c8f655a85323c8115ad8810b2f503807c4d0b048,fb122854fa7add64a4186f0c8d86cbfbb32c1f2b,121.66999999999999,121.625,-0.0003698528807428906,0.7561619742572651,0.04777777777777778,0,0
3,3,6,2,1,48,0,0,0,0,1,nscache,go,fb122854fa7add64a4186f0c8d86cbfbb32c1f2b,2a7d195651fcc286f8b42fc0e238753ef2030a24,121.625,121.62,-4.1109969167485735e-05,0.5541577228683516,0.09,0,0
24,18,42,2,1,58,0,0,0,0,1,nscache,go,2a7d195651fcc286f8b42fc0e238753ef2030a24,6f0d3cb19a251dfd1f70d3bfed5a19ed3d2a5d82,121.62,121.255,-0.0030011511264595387,2.673943451904033e-05,0.6322222222222222,0,0
3,3,6,2,1,60,0,0,0,0,1,nscache,go,6f0d3cb19a251dfd1f70d3bfed5a19ed3d2a5d82,f08c20d873400647106d7e05ba61af800f53ca98,121.255,121.13499999999999,-0.0009896499113438996,0.08493905229018787,0.26,0,0
1,1,2,1,1,40,0,0,0,0,1,nscache,go,f08c20d873400647106d7e05ba61af800f53ca98,3f2e30323bf7f42b741afad7fa57009c077b6194,121.13499999999999,121.235,0.0008255252404342967,0.058387846619488155,-0.28555555555555556,0,0
22,22,44,2,1,59,0,0,0,0,1,nscache,go,3f2e30323bf7f42b741afad7fa57009c077b6194,a443b38616e4a02f8fb8d51565f5717f6ec5da2d,121.235,121.21,-0.00020621107765913873,0.4778340693438907,0.10777777777777778,0,0
3,3,6,1,1,44,0,0,0,0,1,nscache,go,a443b38616e4a02f8fb8d51565f5717f6ec5da2d,88399c65a90a190bbf2de0743a9a9a53f86793cf,121.21,121.17,-0.00033000577510099865,0.4463562636365126,0.11555555555555555,0,0
3,3,6,2,1,60,0,0,0,0,1,nscache,go,88399c65a90a190bbf2de0743a9a9a53f86793cf,60316727b6fb0d5821660352fc42d865bcede29b,121.17,121.115,-0.000453907732937252,0.8015144347401978,0.03888888888888889,0,0
3,3,6,2,1,60,0,0,0,0,1,nscache,go,60316727b6fb0d5821660352fc42d865bcede29b,8c9b8a4ff6b7909988278f1f9c6bfa7144cb8929,121.115,121.225,0.0009082277174586091,0.021039880937288695,-0.3477777777777778,0,0
168,7,175,8,1,54,0,0,0,0,0,nscache,go,8c9b8a4ff6b7909988278f1f9c6bfa7144cb8929,09fd863d66e89de1c553233519c9b72bd58cca76,121.225,121.25,0.00020622808826566868,0.9528247512532781,-0.01,0,0
261,29,290,12,1,53,0,0,0,0,0,nscache,go,09fd863d66e89de1c553233519c9b72bd58cca76,358335cf0e8e614e7d53a2ae44a4641757bc7f8d,121.25,121.315,0.0005360824742267853,0.29371784391918765,-0.15888888888888889,0,0
213,158,371,4,1,30,0,0,1,0,0,nscache,go,358335cf0e8e614e7d53a2ae44a4641757bc7f8d,7b967b94914a01a991b4a5cbaa0c85bb3748a3fa,121.315,121.34,0.00020607509376421453,0.6680109631839796,0.06555555555555556,0,0
9,9,18,3,1,69,0,0,0,0,0,nscache,go,7b967b94914a01a991b4a5cbaa0c85bb3748a3fa,5cfe41cedddfb81c7ba6a786bfefe43fa6470b29,121.34,121.21000000000001,-0.0010713697049612282,0.574161608539395,0.08555555555555555,0,0
214,3,217,10,1,54,0,0,0,0,0,nscache,go,5cfe41cedddfb81c7ba6a786bfefe43fa6470b29,1dd24d509b77eca16388914e390ae7bfa85c5bac,121.21000000000001,121.245,0.00028875505321340305,0.9646119945469378,0.0077777777777777776,0,0
6,3,9,2,2,104,0,0,1,0,1,nscache,go,1dd24d509b77eca16388914e390ae7bfa85c5bac,5d0c97c09681aa011dbf3dfc435dad56c9aeb2f9,121.245,121.145,-0.0008247762794342737,0.3253517672080156,0.14888888888888888,0,0
12,7,19,2,1,56,1,0,0,0,0,nscache,go,5d0c97c09681aa011dbf3dfc435dad56c9aeb2f9,b6734733d11e899ad9e8d6c61a5d8c3d5ca0f6e7,121.145,121.265,0.0009905485162409059,0.2869913748213887,-0.16111111111111112,0,0
23,16,39,7,1,34,0,0,0,0,0,nscache,go,b6734733d11e899ad9e8d6c61a5d8c3d5ca0f6e7,b9a4da79eec03a17bed5fbace3f5bc5623727e3d,121.265,121.215,-0.0004123201253452947,0.7393499611986938,0.051111111111111114,0,0
1,1,2,1,1,46,0,0,0,0,1,nscache,go,b9a4da79eec03a17bed5fbace3f5bc5623727e3d,95a585370744366136bc7e906b285bce5a69fccb,121.215,121.16,-0.00045373922369349357,0.9941003638672803,-0.0022222222222222222,0,0
9,9,18,2,1,59,0,0,0,0,1,nscache,go,95a585370744366136bc7e906b285bce5a69fccb,cb985a7dee32045759cbe491ea874f8129da278c,121.16,121.33,0.0014031033344338206,0.26108305700605583,-0.17,0,0
11,3,14,4,1,54,0,0,0,0,0,nscache,go,cb985a7dee32045759cbe491ea874f8129da278c,dcfce7876f3b75383bd981fed5014f0e3afc4a5d,121.33,121.255,-0.000618148850243162,0.21690183939209362,0.18666666666666668,0,0
2,0,2,1,1,43,0,0,0,0,0,nscache,go,dcfce7876f3b75383bd981fed5014f0e3afc4a5d,4120080950e4215c805a780bf9cb457e4c4b7f27,121.255,121.22,-0.00028864789080859833,0.7730524686214519,0.044444444444444446,0,0
3,3,6,2,1,60,0,0,0,0,1,nscache,go,4120080950e4215c805a780bf9cb457e4c4b7f27,10a636bca740d287449f94289cab3ac3e8a582e9,121.22,121.265,0.0003712258703184434,0.9646144523641531,0.0077777777777777776,0,0
5,3,8,2,1,48,0,0,0,0,1,nscache,go,10a636bca740d287449f94289cab3ac3e8a582e9,e218170864fc58cb36ad2ba2f345a46f29482ee4,121.265,121.31,0.00037108811281080036,0.32540557152480987,-0.14888888888888888,0,0
3,3,6,2,1,60,0,0,0,0,1,nscache,go,e218170864fc58cb36ad2ba2f345a46f29482ee4,28dc9ef6cf3229c7b2f920272479a0b71fa2b4c4,121.31,121.32,8.243343500116153e-05,0.6202482217900996,-0.07555555555555556,0,0
12,16,28,2,1,59,0,0,0,0,1,nscache,go,28dc9ef6cf3229c7b2f920272479a0b71fa2b4c4,268013127d3343f64f404d8b294838d381300bd5,121.32,121.23500000000001,-0.0007006264424660364,0.17368735197276164,0.20555555555555555,0,0
6,6,12,2,1,50,0,0,0,0,1,nscache,go,268013127d3343f64f404d8b294838d381300bd5,9a46859b1b1c7aa1320a3bc917b80f6d1c2dfe87,121.23500000000001,121.14,-0.0007836020951046568,0.29030454968682173,0.16,0,0
162,10,172,8,1,58,0,0,0,0,0,nscache,go,9a46859b1b1c7aa1320a3bc917b80f6d1c2dfe87,b7be566f333d21c9a45110da76e7b79f21fbac68,121.14,121.225,0.0007016674921577823,0.34772729656926493,-0.14222222222222222,0,0
332,3,335,13,1,34,0,0,0,0,0,nscache,go,b7be566f333d21c9a45110da76e7b79f21fbac68,33e8dcb9ead96987b816a21cb10503f4e31e5f0a,121.225,121.41,0.00152608785316562,0.07004482003187093,-0.2733333333333333,0,0
504,8,512,15,1,46,0,0,0,0,0,nscache,go,33e8dcb9ead96987b816a21cb10503f4e31e5f0a,de323c9ae67b90170c012ed5aa3610d47c6f9d05,121.41,121.33,-0.0006589243060703262,0.673422372169423,0.06444444444444444,0,0
142,0,142,9,1,39,0,0,0,0,0,nscache,go,de323c9ae67b90170c012ed5aa3610d47c6f9d05,041ec95ceb4cf86953306f26a0606c969c5d984b,121.33,121.42,0.0007417786202917944,0.7561586930065198,-0.04777777777777778,0,0
5,1,6,1,1,38,0,0,0,0,0,nscache,go,041ec95ceb4cf86953306f26a0606c969c5d984b,fddf65a489989a7f87e9f5aca7f850ef1d8b2927,121.42,121.375,-0.0003706143963103418,0.8999715341806377,0.02,0,0
3,3,6,2,1,49,0,0,0,0,1,nscache,go,fddf65a489989a7f87e9f5aca7f850ef1d8b2927,f23f33341220a301deca9f0e7aaef2dbf7959d6b,121.375,121.36,-0.00012358393408857317,0.7674271763518217,0.04555555555555556,0,0
9,9,18,2,1,59,0,0,0,0,1,nscache,go,f23f33341220a301deca9f0e7aaef2dbf7959d6b,52a81363fa81a17e54d2fc305869166fc24a076d,121.36,121.295,-0.0005355965721819193,0.5393919522514095,0.09333333333333334,0,0
3,3,6,2,1,60,0,0,0,0,1,nscache,go,52a81363fa81a17e54d2fc305869166fc24a076d,719480381695bc32662d6fafccf5b13876aed331,121.295,121.315,0.0001648872583370792,0.37090416821860683,-0.13555555555555557,0,0
3,3,6,2,1,57,0,0,0,0,1,nscache,go,719480381695bc32662d6fafccf5b13876aed331,9e61c33298b672dea762f9596f2fd032e13c809f,121.315,121.25,-0.0005357952437868172,0.2426225946169135,0.17666666666666667,0,0
3,3,6,2,1,60,0,0,0,0,1,nscache,go,9e61c33298b672dea762f9596f2fd032e13c809f,cd03810b524af285b0d68a7f2bffd7b7d43a4351,121.25,121.445,0.0016082474226803561,0.28700477263477164,-0.16111111111111112,0,0
9,9,18,2,1,59,0,0,0,0,1,nscache,go,cd03810b524af285b0d68a7f2bffd7b7d43a4351,de244d78edfac544f500436ccf218fa893539029,121.445,121.455,8.234180081522596e-05,0.5944731781799859,-0.0811111111111111,0,0
3,3,6,2,1,60,0,0,0,0,1,nscache,go,de244d78edfac544f500436ccf218fa893539029,9728f0db455d83db1629893f3f2d843d7e1c235a,121.455,121.465,8.233502120131008e-05,0.9941008558294745,-0.0022222222222222222,0,0
3,3,6,2,1,50,0,0,0,0,1,nscache,go,9728f0db455d83db1629893f3f2d843d7e1c235a,60bed2e4eca13b0410c16c38b6ac375ffec6bd36,121.465,121.225,-0.001975877824887903,0.1667836470417271,0.2088888888888889,0,0
11,11,22,2,1,59,0,0,0,0,1,nscache,go,60bed2e4eca13b0410c16c38b6ac375ffec6bd36,3283f1d23a7cacae91a32a9bb11a65c20b04da73,121.225,121.38,0.0012786141472468644,0.1452296680618259,-0.22,0,0
3,3,6,2,1,57,0,0,0,0,1,nscache,go,3283f1d23a7cacae91a32a9bb11a65c20b04da73,073018e100189ec9e555cc4af8b4471a5468fca7,121.38,121.35499999999999,-0.000205964738836758,0.13716442981212798,0.22444444444444445,0,0
3,3,6,2,1,60,0,0,0,0,1,nscache,go,073018e100189ec9e555cc4af8b4471a5468fca7,c9c410ac29194763dee82cc9957972e284c3e56c,121.35499999999999,121.285,-0.000576820073338496,0.8649118972396964,0.02666666666666667,0,0
1,1,2,1,1,46,0,0,0,0,1,nscache,go,c9c410ac29194763dee82cc9957972e284c3e56c,b2d561b3c6d6010ed758368fd765786d359572ba,121.285,121.39500000000001,0.0009069546934906514,0.09467352144145573,-0.25222222222222224,0,0
32,42,74,2,1,60,0,0,0,0,1,nscache,go,b2d561b3c6d6010ed758368fd765786d359572ba,2e0d2cf94470672bf4cc449822315f868e2b9ff4,121.39500000000001,121.30000000000001,-0.0007825692985707719,0.12406765392752746,0.23222222222222222,0,0
23,23,46,2,1,59,0,0,0,0,1,nscache,go,2e0d2cf94470672bf4cc449822315f868e2b9ff4,2da5ae18530ab33a784207046a4481127a169a3d,121.30000000000001,121.305,4.1220115416285675e-05,0.8072198064828158,-0.03777777777777778,0,0
